MFR URL,Ref URL 1,Ref URL 2,Ref URL 3,Ref URL 4,Ref URL 5,PART_NUMBER,Dept,Class,Fine,SKU - MY_PART_NUMBER,Mfg_Part_Num,Part_Desc,E1_Brand,Unilog_Brand,DIB_Brand,Part_Manuf,MANUFACTURER_NAME,BRAND_NAME,TRADE_NAME,MANUFACTURER_PART_NUMBER,ALTERNATE_PART_NUMBER,Classpath,MOBILE_DESC,INVOICE_DESC,SHORT_DESC,LONG_DESC1,RETAIL_DESC,MARKETING_DESCRIPTION,ITEM_FEATURES_1,ITEM_FEATURES_2,ITEM_FEATURES_3,ITEM_FEATURES_4,ITEM_FEATURES_5,ITEM_FEATURES_6,ITEM_FEATURES_7,ITEM_FEATURES_8,ITEM_FEATURES_9,ITEM_FEATURES_10,ITEM_FEATURES_11,ITEM_FEATURES_12,ITEM_FEATURES_13,ITEM_FEATURES_14,ITEM_FEATURES_15,ITEM_FEATURES_16,ITEM_FEATURES_17,ITEM_FEATURES_18,ITEM_FEATURES_19,ITEM_FEATURES_20,With,Standard/Approvals,Prop 65,Application,Includes,Product Name,ATTRIBUTE_LABEL 1,ATTRIBUTE_VALUE 1,ATTRIBUTE_UOM 1,ATTRIBUTE_LABEL 2,ATTRIBUTE_VALUE 2,ATTRIBUTE_UOM 2,ATTRIBUTE_LABEL 3,ATTRIBUTE_VALUE 3,ATTRIBUTE_UOM 3,ATTRIBUTE_LABEL 4,ATTRIBUTE_VALUE 4,ATTRIBUTE_UOM 4,ATTRIBUTE_LABEL 5,ATTRIBUTE_VALUE 5,ATTRIBUTE_UOM 5,ATTRIBUTE_LABEL 6,ATTRIBUTE_VALUE 6,ATTRIBUTE_UOM 6,ATTRIBUTE_LABEL 7,ATTRIBUTE_VALUE 7,ATTRIBUTE_UOM 7,ATTRIBUTE_LABEL 8,ATTRIBUTE_VALUE 8,ATTRIBUTE_UOM 8,ATTRIBUTE_LABEL 9,ATTRIBUTE_VALUE 9,ATTRIBUTE_UOM 9,ATTRIBUTE_LABEL 10,ATTRIBUTE_VALUE 10,ATTRIBUTE_UOM 10,ATTRIBUTE_LABEL 11,ATTRIBUTE_VALUE 11,ATTRIBUTE_UOM 11,ATTRIBUTE_LABEL 12,ATTRIBUTE_VALUE 12,ATTRIBUTE_UOM 12,ATTRIBUTE_LABEL 13,ATTRIBUTE_VALUE 13,ATTRIBUTE_UOM 13,ATTRIBUTE_LABEL 14,ATTRIBUTE_VALUE 14,ATTRIBUTE_UOM 14,ATTRIBUTE_LABEL 15,ATTRIBUTE_VALUE 15,ATTRIBUTE_UOM 15,ATTRIBUTE_LABEL 16,ATTRIBUTE_VALUE 16,ATTRIBUTE_UOM 16,ATTRIBUTE_LABEL 17,ATTRIBUTE_VALUE 17,ATTRIBUTE_UOM 17,ATTRIBUTE_LABEL 18,ATTRIBUTE_VALUE 18,ATTRIBUTE_UOM 18,ATTRIBUTE_LABEL 19,ATTRIBUTE_VALUE 19,ATTRIBUTE_UOM 19,ATTRIBUTE_LABEL 20,ATTRIBUTE_VALUE 20,ATTRIBUTE_UOM 20,ATTRIBUTE_LABEL 21,ATTRIBUTE_VALUE 21,ATTRIBUTE_UOM 21,ATTRIBUTE_LABEL 22,ATTRIBUTE_VALUE 22,ATTRIBUTE_UOM 22,ATTRIBUTE_LABEL 23,ATTRIBUTE_VALUE 23,ATTRIBUTE_UOM 23,ATTRIBUTE_LABEL 24,ATTRIBUTE_VALUE 24,ATTRIBUTE_UOM 24,ATTRIBUTE_LABEL 25,ATTRIBUTE_VALUE 25,ATTRIBUTE_UOM 25,ATTRIBUTE_LABEL 26,ATTRIBUTE_VALUE 26,ATTRIBUTE_UOM 26,ATTRIBUTE_LABEL 27,ATTRIBUTE_VALUE 27,ATTRIBUTE_UOM 27,ATTRIBUTE_LABEL 28,ATTRIBUTE_VALUE 28,ATTRIBUTE_UOM 28,ATTRIBUTE_LABEL 29,ATTRIBUTE_VALUE 29,ATTRIBUTE_UOM 29,ATTRIBUTE_LABEL 30,ATTRIBUTE_VALUE 30,ATTRIBUTE_UOM 30,ATTRIBUTE_LABEL 31,ATTRIBUTE_VALUE 31,ATTRIBUTE_UOM 31,ATTRIBUTE_LABEL 32,ATTRIBUTE_VALUE 32,ATTRIBUTE_UOM 32,ATTRIBUTE_LABEL 33,ATTRIBUTE_VALUE 33,ATTRIBUTE_UOM 33,ATTRIBUTE_LABEL 34,ATTRIBUTE_VALUE 34,ATTRIBUTE_UOM 34,ATTRIBUTE_LABEL 35,ATTRIBUTE_VALUE 35,ATTRIBUTE_UOM 35,ATTRIBUTE_LABEL 36,ATTRIBUTE_VALUE 36,ATTRIBUTE_UOM 36,ATTRIBUTE_LABEL 37,ATTRIBUTE_VALUE 37,ATTRIBUTE_UOM 37,ATTRIBUTE_LABEL 38,ATTRIBUTE_VALUE 38,ATTRIBUTE_UOM 38,ATTRIBUTE_LABEL 39,ATTRIBUTE_VALUE 39,ATTRIBUTE_UOM 39,ATTRIBUTE_LABEL 40,ATTRIBUTE_VALUE 40,ATTRIBUTE_UOM 40,ATTRIBUTE_LABEL 41,ATTRIBUTE_VALUE 41,ATTRIBUTE_UOM 41,ATTRIBUTE_LABEL 42,ATTRIBUTE_VALUE 42,ATTRIBUTE_UOM 42,ATTRIBUTE_LABEL 43,ATTRIBUTE_VALUE 43,ATTRIBUTE_UOM 43,ATTRIBUTE_LABEL 44,ATTRIBUTE_VALUE 44,ATTRIBUTE_UOM 44,ATTRIBUTE_LABEL 45,ATTRIBUTE_VALUE 45,ATTRIBUTE_UOM 45,ATTRIBUTE_LABEL 46,ATTRIBUTE_VALUE 46,ATTRIBUTE_UOM 46,ATTRIBUTE_LABEL 47,ATTRIBUTE_VALUE 47,ATTRIBUTE_UOM 47,ATTRIBUTE_LABEL 48,ATTRIBUTE_VALUE 48,ATTRIBUTE_UOM 48,ATTRIBUTE_LABEL 49,ATTRIBUTE_VALUE 49,ATTRIBUTE_UOM 49,ATTRIBUTE_LABEL 50,ATTRIBUTE_VALUE 50,ATTRIBUTE_UOM 50,UPC,EAN,GTIN,UNSPSC,Warranty,List Price,Selling Qty,Selling UOM,LENGTH,LENGTH_UOM,HEIGHT,HEIGHT_UOM,WIDTH,WIDTH_UOM,WEIGHT,WEIGHT_UOM,VOLUME,VOLUME_UOM,Product Image,Specification Sheet,Actual Image (Yes/No),REVIEW_REASON,CONFIDENCE_SCORE,NEEDS_REVIEW
,,,,,,,Abrasives,Belts,Sanding Belts,,DCB518ASTS06G,"DCB518ASTS06G Diablo 1/2""x18"" - Sanding Belt 6pc",,,,Freud Inc (2435),Freud Inc,Diablo®,Diablo®,DCB518ASTS06G,,Abrasives>Belts>Sanding Belts,"Freud Inc, Diablo, Sanding Belt, DCB518ASTS06G, 1/2""x18, Diameter=1/2",SANDING BELT 1/2INX18,DIABLO DCB518ASTS06G Sanding Belt,"DIABLO, Sanding Belt, 240 Voltage, 30 Amperage, 1/2 in Width, 7.0 Capacity, 18 in",Sanding Belt,"Discover the Diablo® Sanding Belt, engineered for outstanding performance and lasting durability. With a focus on quality and efficiency, this Sanding Belt is the perfect addition to any modern home.",,,,,,,,,,,,,,,,,,,,,,,,Sanding Belt,,Sanding Belt,Diameter,1/2,in,Width x Length,1/2,in,Quantity,6,EA,Width,1/2 in,,length,18 in,,Voltage Rating,240,,Amperage Rating,30,,Capacity,7.0,,Color,Yellow,,,,,,,,,,,,,,,,,,,,,,,,,,,,,,,,,,,,,,,,,,,,,,,,,,,,,,,,,,,,,,,,,,,,,,,,,,,,,,,,,,,,,,,,,,,,,,,,,,,,,,,,,,,,,,,,,,,,,,,,,,,,,,,,31191501,,,,,18 in,,,,1/2 in,,,,,,,,,,85%,No
,,,,,,,Abrasives,Discs,Film Discs,,3MABR-7100075678,3M 775L Stikit Film P150 - Cubitron II 50 Disc/Box,,,,Jam Industrial Supply LLC (JAMIN),3M Company,3M®,3M®,3MABR-7100075678,,Abrasives>Discs>Film Discs,"3M Company, 3M, Film Disc, Cubitron II Series, 3MABR-7100075678",FILM DISC P150 STIKIT 50PK,3M Cubitron II 3MABR-7100075678 Film Disc,"3M, Film Disc, Cubitron II",Cubitron II Film Disc,"Discover the 3M® Film Disc, engineered for outstanding performance and lasting durability. With a focus on quality and efficiency, this Film Disc is the perfect addition to any modern home.",,,,,,,,,,,,,,,,,,,,,,,,Film Disc,,Film Disc,Grit,150,,Quantity,50,EA,Abrasive Type,Stikit,,Backing,Film,,Material,Film,,Pack Type,Box,,Color,Yellow,,,,,,,,,,,,,,,,,,,,,,,,,,,,,,,,,,,,,,,,,,,,,,,,,,,,,,,,,,,,,,,,,,,,,,,,,,,,,,,,,,,,,,,,,,,,,,,,,,,,,,,,,,,,,,,,,,,,,,,,,,,,,,,,,,,,,,31191502,,,50,,,,,,,,,,,,,,,,85%,No
,,,,,,,Abrasives,Discs,Film Discs,,3MABR-7100045865,3M 775L Stikit Film P120 - Cubitron II 50 Disc/Box,,,,Jam Industrial Supply LLC (JAMIN),3M Company,3M®,3M®,3MABR-7100045865,,Abrasives>Discs>Film Discs,"3M Company, 3M, Film Disc, Cubitron II Series, 3MABR-7100045865",FILM DISC P120 STIKIT 50PK,3M Cubitron II 3MABR-7100045865 Film Disc,"3M, Film Disc, Cubitron II",Cubitron II Film Disc,"Discover the 3M® Film Disc, engineered for outstanding performance and lasting durability. With a focus on quality and efficiency, this Film Disc is the perfect addition to any modern home.",,,,,,,,,,,,,,,,,,,,,,,,Film Disc,,Film Disc,Grit,120,,Quantity,50,EA,Abrasive Type,Stikit,,Backing,Film,,Material,Film,,Pack Type,Box,,Color,Yellow,,,,,,,,,,,,,,,,,,,,,,,,,,,,,,,,,,,,,,,,,,,,,,,,,,,,,,,,,,,,,,,,,,,,,,,,,,,,,,,,,,,,,,,,,,,,,,,,,,,,,,,,,,,,,,,,,,,,,,,,,,,,,,,,,,,,,,31191502,,,50,,,,,,,,,,,,,,,,85%,No
,,,,,,,Abrasives,Discs,Film Discs,,3MABR-7100048736,3M 775L Stikit Film P80 - Cubitron II 50 Disc/Box,,,,Jam Industrial Supply LLC (JAMIN),3M Company,3M®,3M®,3MABR-7100048736,,Abrasives>Discs>Film Discs,"3M Company, 3M, Film Disc, Cubitron II Series, 3MABR-7100048736",FILM DISC P80 STIKIT 50PK,3M Cubitron II 3MABR-7100048736 Film Disc,"3M, Film Disc, Cubitron II",Cubitron II Film Disc,"Discover the 3M® Film Disc, engineered for outstanding performance and lasting durability. With a focus on quality and efficiency, this Film Disc is the perfect addition to any modern home.",,,,,,,,,,,,,,,,,,,,,,,,Film Disc,,Film Disc,Grit,80,,Quantity,50,EA,Abrasive Type,Stikit,,Backing,Film,,Material,Film,,Pack Type,Box,,Color,Yellow,,,,,,,,,,,,,,,,,,,,,,,,,,,,,,,,,,,,,,,,,,,,,,,,,,,,,,,,,,,,,,,,,,,,,,,,,,,,,,,,,,,,,,,,,,,,,,,,,,,,,,,,,,,,,,,,,,,,,,,,,,,,,,,,,,,,,,31191502,,,50,,,,,,,,,,,,,,,,85%,No
,,,,,,,Abrasives,Discs,Film Discs,,3MABR-7100075690,3M 775L Stikit Film P180 - Cubitron II 50 Disc/Box,,,,Jam Industrial Supply LLC (JAMIN),3M Company,3M®,3M®,3MABR-7100075690,,Abrasives>Discs>Film Discs,"3M Company, 3M, Film Disc, Cubitron II Series, 3MABR-7100075690",FILM DISC P180 STIKIT 50PK,3M Cubitron II 3MABR-7100075690 Film Disc,"3M, Film Disc, Cubitron II",Cubitron II Film Disc,"Discover the 3M® Film Disc, engineered for outstanding performance and lasting durability. With a focus on quality and efficiency, this Film Disc is the perfect addition to any modern home.",,,,,,,,,,,,,,,,,,,,,,,,Film Disc,,Film Disc,Grit,180,,Quantity,50,EA,Abrasive Type,Stikit,,Backing,Film,,Material,Film,,Pack Type,Box,,Color,Yellow,,,,,,,,,,,,,,,,,,,,,,,,,,,,,,,,,,,,,,,,,,,,,,,,,,,,,,,,,,,,,,,,,,,,,,,,,,,,,,,,,,,,,,,,,,,,,,,,,,,,,,,,,,,,,,,,,,,,,,,,,,,,,,,,,,,,,,31191502,,,50,,,,,,,,,,,,,,,,85%,No
,,,,,,,Abrasives,Discs,Film Discs,,3MABR-7100075692,3M 775L Stikit Film P220 - Cubitron II 50 Disc/Box,,,,Jam Industrial Supply LLC (JAMIN),3M Company,3M®,3M®,3MABR-7100075692,,Abrasives>Discs>Film Discs,"3M Company, 3M, Film Disc, Cubitron II Series, 3MABR-7100075692",FILM DISC P220 STIKIT 50PK,3M Cubitron II 3MABR-7100075692 Film Disc,"3M, Film Disc, Cubitron II",Cubitron II Film Disc,"Discover the 3M® Film Disc, engineered for outstanding performance and lasting durability. With a focus on quality and efficiency, this Film Disc is the perfect addition to any modern home.",,,,,,,,,,,,,,,,,,,,,,,,Film Disc,,Film Disc,Grit,220,,Quantity,50,EA,Abrasive Type,Stikit,,Backing,Film,,Material,Film,,Pack Type,Box,,Color,Yellow,,,,,,,,,,,,,,,,,,,,,,,,,,,,,,,,,,,,,,,,,,,,,,,,,,,,,,,,,,,,,,,,,,,,,,,,,,,,,,,,,,,,,,,,,,,,,,,,,,,,,,,,,,,,,,,,,,,,,,,,,,,,,,,,,,,,,,31191502,,,50,,,,,,,,,,,,,,,,85%,No
,,,,,,,Abrasives,Discs,Film Discs,,3MABR-7100145365,3M 775L Stikit Film P320 - Cubitron II 50 Disc/Box,,,,Jam Industrial Supply LLC (JAMIN),3M Company,3M®,3M®,3MABR-7100145365,,Abrasives>Discs>Film Discs,"3M Company, 3M, Film Disc, Cubitron II Series, 3MABR-7100145365",FILM DISC P320 STIKIT 50PK,3M Cubitron II 3MABR-7100145365 Film Disc,"3M, Film Disc, Cubitron II",Cubitron II Film Disc,"Discover the 3M® Film Disc, engineered for outstanding performance and lasting durability. With a focus on quality and efficiency, this Film Disc is the perfect addition to any modern home.",,,,,,,,,,,,,,,,,,,,,,,,Film Disc,,Film Disc,Grit,320,,Quantity,50,EA,Abrasive Type,Stikit,,Backing,Film,,Material,Film,,Pack Type,Box,,Color,Yellow,,,,,,,,,,,,,,,,,,,,,,,,,,,,,,,,,,,,,,,,,,,,,,,,,,,,,,,,,,,,,,,,,,,,,,,,,,,,,,,,,,,,,,,,,,,,,,,,,,,,,,,,,,,,,,,,,,,,,,,,,,,,,,,,,,,,,,31191502,,,50,,,,,,,,,,,,,,,,85%,No
,,,,,,,Abrasives,Belts,Sanding Belts,,5B-332-080,"5B-332-080 HIOLIT 5"" P80",,,,Mirka Abrasives Inc (MIRUS),Mirka Ltd,Mirka®,Mirka®,5B-332-080,,Abrasives>Belts>Sanding Belts,"Mirka Ltd, Mirka, Sanding Belt, HIOLIT Series, 5B-332-080, Grit=332, Diameter=5",SANDING BELT P80 HIOLIT,MIRKA HIOLIT 5B-332-080 Sanding Belt,"MIRKA, Sanding Belt, HIOLIT",HIOLIT Sanding Belt,"Discover the Mirka® Sanding Belt, engineered for outstanding performance and lasting durability. With a focus on quality and efficiency, this Sanding Belt is the perfect addition to any modern home.",,,,,,,,,,,,,,,,,,,,,,,,Sanding Belt,,Sanding Belt,Grit,332,,Diameter,5,in,Abrasive Type,HIOLIT,,Color,Yellow,,,,,,,,,,,,,,,,,,,,,,,,,,,,,,,,,,,,,,,,,,,,,,,,,,,,,,,,,,,,,,,,,,,,,,,,,,,,,,,,,,,,,,,,,,,,,,,,,,,,,,,,,,,,,,,,,,,,,,,,,,,,,,,,,,,,,,,,,,,,,,,31191501,,,,,,,,,,,,,,,,,,,80%,No
,,,,,,,Abrasives,Belts,Sanding Belts,,5B-332-120,"5B-332-120 HIOLIT 5"" P120",,,,Mirka Abrasives Inc (MIRUS),Mirka Ltd,Mirka®,Mirka®,5B-332-120,,Abrasives>Belts>Sanding Belts,"Mirka Ltd, Mirka, Sanding Belt, HIOLIT Series, 5B-332-120, Grit=332, Diameter=5",SANDING BELT P120 HIOLIT,MIRKA HIOLIT 5B-332-120 Sanding Belt,"MIRKA, Sanding Belt, HIOLIT",HIOLIT Sanding Belt,"Discover the Mirka® Sanding Belt, engineered for outstanding performance and lasting durability. With a focus on quality and efficiency, this Sanding Belt is the perfect addition to any modern home.",,,,,,,,,,,,,,,,,,,,,,,,Sanding Belt,,Sanding Belt,Grit,332,,Diameter,5,in,Abrasive Type,HIOLIT,,Color,Yellow,,,,,,,,,,,,,,,,,,,,,,,,,,,,,,,,,,,,,,,,,,,,,,,,,,,,,,,,,,,,,,,,,,,,,,,,,,,,,,,,,,,,,,,,,,,,,,,,,,,,,,,,,,,,,,,,,,,,,,,,,,,,,,,,,,,,,,,,,,,,,,,31191501,,,,,,,,,,,,,,,,,,,80%,No
,,,,,,,Abrasives,Belts,Sanding Belts,,9A-570-240,9A-570-240 Abranet 2.75x30,,,,Mirka Abrasives Inc (MIRUS),Mirka Ltd,Mirka®,Mirka®,9A-570-240,,Abrasives>Belts>Sanding Belts,"Mirka Ltd, Mirka, Sanding Belt, Abranet Series, 9A-570-240, 2.75x30",SANDING BELT 2.75X30 ABRANE,MIRKA Abranet 9A-570-240 Sanding Belt,"MIRKA, Sanding Belt, Abranet, 9 Amperage, 11/4 in Width, 30 in",Abranet Sanding Belt,"Discover the Mirka® Sanding Belt, engineered for outstanding performance and lasting durability. With a focus on quality and efficiency, this Sanding Belt is the perfect addition to any modern home.",,,,,,,,,,,,,,,,,,,,,,,,Sanding Belt,,Sanding Belt,Grit,570,,Width x Length,2.75,in,Abrasive Type,Abranet,,Amperage,9,A,Width,11/4 in,,length,30 in,,Amperage Rating,9,,Color,Yellow,,,,,,,,,,,,,,,,,,,,,,,,,,,,,,,,,,,,,,,,,,,,,,,,,,,,,,,,,,,,,,,,,,,,,,,,,,,,,,,,,,,,,,,,,,,,,,,,,,,,,,,,,,,,,,,,,,,,,,,,,,,,,,,,,,,31191501,,,,,30 in,,,,11/4 in,,,,,,,,,,85%,No
,,,,,,,Abrasives,Belts,Sanding Belts,,9A-570-320,9A-570-320 Abranet 2.75x30,,,,Mirka Abrasives Inc (MIRUS),Mirka Ltd,Mirka®,Mirka®,9A-570-320,,Abrasives>Belts>Sanding Belts,"Mirka Ltd, Mirka, Sanding Belt, Abranet Series, 9A-570-320, 2.75x30",SANDING BELT 2.75X30 ABRANE,MIRKA Abranet 9A-570-320 Sanding Belt,"MIRKA, Sanding Belt, Abranet, 9 Amperage, 11/4 in Width, 30 in",Abranet Sanding Belt,"Discover the Mirka® Sanding Belt, engineered for outstanding performance and lasting durability. With a focus on quality and efficiency, this Sanding Belt is the perfect addition to any modern home.",,,,,,,,,,,,,,,,,,,,,,,,Sanding Belt,,Sanding Belt,Grit,570,,Width x Length,2.75,in,Abrasive Type,Abranet,,Amperage,9,A,Width,11/4 in,,length,30 in,,Amperage Rating,9,,Color,Yellow,,,,,,,,,,,,,,,,,,,,,,,,,,,,,,,,,,,,,,,,,,,,,,,,,,,,,,,,,,,,,,,,,,,,,,,,,,,,,,,,,,,,,,,,,,,,,,,,,,,,,,,,,,,,,,,,,,,,,,,,,,,,,,,,,,,31191501,,,,,30 in,,,,11/4 in,,,,,,,,,,85%,No
,,,,,,,Abrasives,Discs,Cut Off Discs,,DBD090094101F,"DBD090094101F Diablo 9"" - Metal Cut-Off Disc",,,,Freud Inc (2435),Freud Inc,Diablo®,Diablo®,DBD090094101F,,Abrasives>Discs>Cut Off Discs,"Diablo®, Cut Off Disc, Yellow, 9"" - Metal Cut-Off, DBD090094101F",CUT OFF DISC,DIABLO DBD090094101F Cut Off Disc,"DIABLO, Cut Off Disc",Cut Off Disc,"Discover the Diablo® Cut Off Disc, engineered for outstanding performance and lasting durability. With a focus on quality and efficiency, this Cut Off Disc is the perfect addition to any modern home.",,,,,,,,,,,,,,,,,,,,,,,,Cut Off Disc,,Cut Off Disc,Diameter,9,in,Color,Yellow,,,,,,,,,,,,,,,,,,,,,,,,,,,,,,,,,,,,,,,,,,,,,,,,,,,,,,,,,,,,,,,,,,,,,,,,,,,,,,,,,,,,,,,,,,,,,,,,,,,,,,,,,,,,,,,,,,,,,,,,,,,,,,,,,,,,,,,,,,,,,,,,,,,,,31191503,,,,,,,,,,,,,,,,,,,75%,No
,,,,,,,Abrasives,Discs,Cut Off Discs,,DBDS12125A01F,"DBDS12125A01F Diablo 12"" - Steel Demon Metal Cut-Off Disc",,,,Freud Inc (2435),Freud Inc,Diablo®,Diablo®,DBDS12125A01F,,Abrasives>Discs>Cut Off Discs,"Freud Inc, Diablo, Cut Off Disc, DBDS12125A01F, Diameter=12, Material=Steel",CUT OFF DISC,DIABLO DBDS12125A01F Cut Off Disc,"DIABLO, Cut Off Disc",Cut Off Disc,"Discover the Diablo® Cut Off Disc, engineered for outstanding performance and lasting durability. With a focus on quality and efficiency, this Cut Off Disc is the perfect addition to any modern home.",,,,,,,,,,,,,,,,,,,,,,,,Cut Off Disc,,Cut Off Disc,Diameter,12,in,Material,Steel,,Color,Yellow,,,,,,,,,,,,,,,,,,,,,,,,,,,,,,,,,,,,,,,,,,,,,,,,,,,,,,,,,,,,,,,,,,,,,,,,,,,,,,,,,,,,,,,,,,,,,,,,,,,,,,,,,,,,,,,,,,,,,,,,,,,,,,,,,,,,,,,,,,,,,,,,,,31191503,,,,,,,,,,,,,,,,,,,80%,No
,,,,,,,Abrasives,Discs,Cut Off Discs,,DBDS12125G01F,"DBDS12125G01F Diablo 12""x20mm - Speed Demon Metal Cut-Off Disc",,,,Freud Inc (2435),Freud Inc,Diablo®,Diablo®,DBDS12125G01F,,Abrasives>Discs>Cut Off Discs,"Freud Inc, Diablo, Cut Off Disc, DBDS12125G01F, 12""x20, Diameter=12",CUT OFF DISC 12INX20,DIABLO DBDS12125G01F Cut Off Disc,"DIABLO, Cut Off Disc, 12 in Width, 20 in",Cut Off Disc,"Discover the Diablo® Cut Off Disc, engineered for outstanding performance and lasting durability. With a focus on quality and efficiency, this Cut Off Disc is the perfect addition to any modern home.",,,,,,,,,,,,,,,,,,,,,,,,Cut Off Disc,,Cut Off Disc,Diameter,12,in,Width x Length,12,in,Size,20,,Width,12 in,,length,20 in,,Color,Yellow,,,,,,,,,,,,,,,,,,,,,,,,,,,,,,,,,,,,,,,,,,,,,,,,,,,,,,,,,,,,,,,,,,,,,,,,,,,,,,,,,,,,,,,,,,,,,,,,,,,,,,,,,,,,,,,,,,,,,,,,,,,,,,,,,,,,,,,,,31191503,,,,,20 in,,,,12 in,,,,,,,,,,85%,No
,,,,,,,Abrasives,Discs,Cut Off Discs,,DBDS14125A01F,"DBDS14125A01F Diablo 14""x1"" - Steel Demon Metal Cut-Off Disc",,,,Freud Inc (2435),Freud Inc,Diablo®,Diablo®,DBDS14125A01F,,Abrasives>Discs>Cut Off Discs,"Freud Inc, Diablo, Cut Off Disc, DBDS14125A01F, 14""x1, Diameter=14",CUT OFF DISC 14INX1,DIABLO DBDS14125A01F Cut Off Disc,"DIABLO, Cut Off Disc, 14 in Width, 1 in",Cut Off Disc,"Discover the Diablo® Cut Off Disc, engineered for outstanding performance and lasting durability. With a focus on quality and efficiency, this Cut Off Disc is the perfect addition to any modern home.",,,,,,,,,,,,,,,,,,,,,,,,Cut Off Disc,,Cut Off Disc,Diameter,14,in,Width x Length,14,in,Material,Steel,,Width,14 in,,length,1 in,,Color,Yellow,,,,,,,,,,,,,,,,,,,,,,,,,,,,,,,,,,,,,,,,,,,,,,,,,,,,,,,,,,,,,,,,,,,,,,,,,,,,,,,,,,,,,,,,,,,,,,,,,,,,,,,,,,,,,,,,,,,,,,,,,,,,,,,,,,,,,,,,,31191503,,,,,1 in,,,,14 in,,,,,,,,,,85%,No
,,,,,,,Abrasives,Discs,Cut Off Discs,,DBDS14125G01F,"DBDS14125G01F Diablo 14""x20mm - Steel Demon Metal Cut-Off Disc",,,,Freud Inc (2435),Freud Inc,Diablo®,Diablo®,DBDS14125G01F,,Abrasives>Discs>Cut Off Discs,"Freud Inc, Diablo, Cut Off Disc, DBDS14125G01F, 14""x20, Diameter=14",CUT OFF DISC 14INX20,DIABLO DBDS14125G01F Cut Off Disc,"DIABLO, Cut Off Disc, 14 in Width, 20 in",Cut Off Disc,"Discover the Diablo® Cut Off Disc, engineered for outstanding performance and lasting durability. With a focus on quality and efficiency, this Cut Off Disc is the perfect addition to any modern home.",,,,,,,,,,,,,,,,,,,,,,,,Cut Off Disc,,Cut Off Disc,Diameter,14,in,Width x Length,14,in,Material,Steel,,Size,20,,Width,14 in,,length,20 in,,Color,Yellow,,,,,,,,,,,,,,,,,,,,,,,,,,,,,,,,,,,,,,,,,,,,,,,,,,,,,,,,,,,,,,,,,,,,,,,,,,,,,,,,,,,,,,,,,,,,,,,,,,,,,,,,,,,,,,,,,,,,,,,,,,,,,,,,,,,,,,31191503,,,,,20 in,,,,14 in,,,,,,,,,,85%,No
,,,,,,,Abrasives,Discs,Cut Off Discs,,49-94-0013,"49-94-0013 Milw 5""x.045""x7/8"" Metal Cut Off Disc",,,,Milwaukee Accessory (4031),Milwaukee Tool,Milwaukee®,Milwaukee®,49-94-0013,,Abrasives>Discs>Cut Off Discs,"Milwaukee Tool, Milwaukee, Cut Off Disc, 49-94-0013, 5""x.045""x7/8",CUT OFF DISC 5INX.045IN,MILWAUKEE 49-94-0013 Cut Off Disc,"MILWAUKEE, Cut Off Disc, 5 in Width, 7/8 in Height, 1/16 in",Cut Off Disc,"Discover the Milwaukee® Cut Off Disc, engineered for outstanding performance and lasting durability. With a focus on quality and efficiency, this Cut Off Disc is the perfect addition to any modern home.",,,,,,,,,,,,,,,,,,,,,,,,Cut Off Disc,,Cut Off Disc,Grit,49,,Diameter,5,in,Width x Length,045,in,Width,5 in,,length,1/16 in,,Height,7/8 in,,Color,Yellow,,,,,,,,,,,,,,,,,,,,,,,,,,,,,,,,,,,,,,,,,,,,,,,,,,,,,,,,,,,,,,,,,,,,,,,,,,,,,,,,,,,,,,,,,,,,,,,,,,,,,,,,,,,,,,,,,,,,,,,,,,,,,,,,,,,,,,31191503,,,,,1/16 in,,7/8 in,,5 in,,,,,,,,,,85%,No
,,,,,,,Abrasives,Discs,Cut Off Discs,,49-94-0029,"49-94-0029 Milw 6-1/2""x1/8""x5/8"" DKO Metal Cut Off Disc",,,,Milwaukee Accessory (4031),Milwaukee Tool,Milwaukee®,Milwaukee®,49-94-0029,,Abrasives>Discs>Cut Off Discs,"Milwaukee Tool, Milwaukee, Cut Off Disc, 49-94-0029, 1/2""x1/8""x5/8",CUT OFF DISC 1/2INX1/8I,MILWAUKEE 49-94-0029 Cut Off Disc,"MILWAUKEE, Cut Off Disc, 1/2 in Width, 5/8 in Height, 1/8 in",Cut Off Disc,"Discover the Milwaukee® Cut Off Disc, engineered for outstanding performance and lasting durability. With a focus on quality and efficiency, this Cut Off Disc is the perfect addition to any modern home.",,,,,,,,,,,,,,,,,,,,,,,,Cut Off Disc,,Cut Off Disc,Grit,49,,Diameter,1/2,in,Width x Length,1/2,in,Width,1/2 in,,length,1/8 in,,Height,5/8 in,,Color,Yellow,,,,,,,,,,,,,,,,,,,,,,,,,,,,,,,,,,,,,,,,,,,,,,,,,,,,,,,,,,,,,,,,,,,,,,,,,,,,,,,,,,,,,,,,,,,,,,,,,,,,,,,,,,,,,,,,,,,,,,,,,,,,,,,,,,,,,,31191503,,,,,1/8 in,,5/8 in,,1/2 in,,,,,,,,,,85%,No
,,,,,,,Abrasives,Discs,Cut Off Discs,,49-94-0033,"49-94-0033 Milw 7""x1/16""x7/8"" Metal Cut Off Disc",,,,Milwaukee Accessory (4031),Milwaukee Tool,Milwaukee®,Milwaukee®,49-94-0033,,Abrasives>Discs>Cut Off Discs,"Milwaukee Tool, Milwaukee, Cut Off Disc, 49-94-0033, 7""x1/16""x7/8",CUT OFF DISC 7INX1/16IN,MILWAUKEE 49-94-0033 Cut Off Disc,"MILWAUKEE, Cut Off Disc, 7 in Width, 7/8 in Height, 1/16 in",Cut Off Disc,"Discover the Milwaukee® Cut Off Disc, engineered for outstanding performance and lasting durability. With a focus on quality and efficiency, this Cut Off Disc is the perfect addition to any modern home.",,,,,,,,,,,,,,,,,,,,,,,,Cut Off Disc,,Cut Off Disc,Grit,49,,Diameter,7,in,Width x Length,7,in,Width,7 in,,length,1/16 in,,Height,7/8 in,,Color,Yellow,,,,,,,,,,,,,,,,,,,,,,,,,,,,,,,,,,,,,,,,,,,,,,,,,,,,,,,,,,,,,,,,,,,,,,,,,,,,,,,,,,,,,,,,,,,,,,,,,,,,,,,,,,,,,,,,,,,,,,,,,,,,,,,,,,,,,,31191503,,,,,1/16 in,,7/8 in,,7 in,,,,,,,,,,85%,No
,,,,,,,Abrasives,Discs,Cut Off Discs,,49-94-0001,"49-94-0001 Milw 4""x.040""x5/8"" Metal Cut Off Disc",,,,Milwaukee Accessory (4031),Milwaukee Tool,Milwaukee®,Milwaukee®,49-94-0001,,Abrasives>Discs>Cut Off Discs,"Milwaukee Tool, Milwaukee, Cut Off Disc, 49-94-0001, 4""x.040""x5/8",CUT OFF DISC 4INX.040IN,MILWAUKEE 49-94-0001 Cut Off Disc,"MILWAUKEE, Cut Off Disc, 4 in Width, 5/8 in Height, 1/16 in",Cut Off Disc,"Discover the Milwaukee® Cut Off Disc, engineered for outstanding performance and lasting durability. With a focus on quality and efficiency, this Cut Off Disc is the perfect addition to any modern home.",,,,,,,,,,,,,,,,,,,,,,,,Cut Off Disc,,Cut Off Disc,Grit,49,,Diameter,4,in,Width x Length,040,in,Width,4 in,,length,1/16 in,,Height,5/8 in,,Color,Yellow,,,,,,,,,,,,,,,,,,,,,,,,,,,,,,,,,,,,,,,,,,,,,,,,,,,,,,,,,,,,,,,,,,,,,,,,,,,,,,,,,,,,,,,,,,,,,,,,,,,,,,,,,,,,,,,,,,,,,,,,,,,,,,,,,,,,,,31191503,,,,,1/16 in,,5/8 in,,4 in,,,,,,,,,,85%,No
,,,,,,,Abrasives,Discs,Cut Off Discs,,49-94-0039,"49-94-0039 Milw 7""x1/8""x5/8"" DKO Metal Cut Off Disc",,,,Milwaukee Accessory (4031),Milwaukee Tool,Milwaukee®,Milwaukee®,49-94-0039,,Abrasives>Discs>Cut Off Discs,"Milwaukee Tool, Milwaukee, Cut Off Disc, 49-94-0039, 7""x1/8""x5/8",CUT OFF DISC 7INX1/8INX,MILWAUKEE 49-94-0039 Cut Off Disc,"MILWAUKEE, Cut Off Disc, 7 in Width, 5/8 in Height, 1/8 in",Cut Off Disc,"Discover the Milwaukee® Cut Off Disc, engineered for outstanding performance and lasting durability. With a focus on quality and efficiency, this Cut Off Disc is the perfect addition to any modern home.",,,,,,,,,,,,,,,,,,,,,,,,Cut Off Disc,,Cut Off Disc,Grit,49,,Diameter,7,in,Width x Length,7,in,Width,7 in,,length,1/8 in,,Height,5/8 in,,Color,Yellow,,,,,,,,,,,,,,,,,,,,,,,,,,,,,,,,,,,,,,,,,,,,,,,,,,,,,,,,,,,,,,,,,,,,,,,,,,,,,,,,,,,,,,,,,,,,,,,,,,,,,,,,,,,,,,,,,,,,,,,,,,,,,,,,,,,,,,31191503,,,,,1/8 in,,5/8 in,,7 in,,,,,,,,,,85%,No
,,,,,,,Abrasives,Discs,Cut Off Discs,,49-94-0043,"49-94-0043 Milw 9""x3/32""x7/8"" Metal Cut Off Disc",,,,Milwaukee Accessory (4031),Milwaukee Tool,Milwaukee®,Milwaukee®,49-94-0043,,Abrasives>Discs>Cut Off Discs,"Milwaukee Tool, Milwaukee, Cut Off Disc, 49-94-0043, 9""x3/32""x7/8",CUT OFF DISC 9INX3/32IN,MILWAUKEE 49-94-0043 Cut Off Disc,"MILWAUKEE, Cut Off Disc, 9 in Width, 7/8 in Height, 3/32 in",Cut Off Disc,"Discover the Milwaukee® Cut Off Disc, engineered for outstanding performance and lasting durability. With a focus on quality and efficiency, this Cut Off Disc is the perfect addition to any modern home.",,,,,,,,,,,,,,,,,,,,,,,,Cut Off Disc,,Cut Off Disc,Grit,49,,Diameter,9,in,Width x Length,9,in,Width,9 in,,length,3/32 in,,Height,7/8 in,,Color,Yellow,,,,,,,,,,,,,,,,,,,,,,,,,,,,,,,,,,,,,,,,,,,,,,,,,,,,,,,,,,,,,,,,,,,,,,,,,,,,,,,,,,,,,,,,,,,,,,,,,,,,,,,,,,,,,,,,,,,,,,,,,,,,,,,,,,,,,,31191503,,,,,3/32 in,,7/8 in,,9 in,,,,,,,,,,85%,No
,,,,,,,Abrasives,Discs,Cut Off Discs,,49-94-0048,"49-94-0048 Milw 12""x7/64""x1"" Metal Cut Off Disc General Purpose",,,,Milwaukee Accessory (4031),GE Appliances,GE®,GE®,49-94-0048,,Abrasives>Discs>Cut Off Discs,"GE Appliances, GE, Cut Off Disc, 49-94-0048, 12""x7/64""x1, Grit=49, Diameter=12",CUT OFF DISC 12INX7/64I,GE 49-94-0048 Cut Off Disc,"GE, Cut Off Disc, 12 in Width, 1 in Height, 7/64 in",Cut Off Disc,"Discover the GE® Cut Off Disc, engineered for outstanding performance and lasting durability. With a focus on quality and efficiency, this Cut Off Disc is the perfect addition to any modern home.",,,,,,,,,,,,,,,,,,,,,,,,Cut Off Disc,,Cut Off Disc,Grit,49,,Diameter,12,in,Width x Length,12,in,Width,12 in,,length,7/64 in,,Height,1 in,,Color,Yellow,,,,,,,,,,,,,,,,,,,,,,,,,,,,,,,,,,,,,,,,,,,,,,,,,,,,,,,,,,,,,,,,,,,,,,,,,,,,,,,,,,,,,,,,,,,,,,,,,,,,,,,,,,,,,,,,,,,,,,,,,,,,,,,,,,,,,,31191503,,,,,7/64 in,,1 in,,12 in,,,,,,,,,,85%,No
,,,,,,,Abrasives,Discs,Cut Off Discs,,49-94-0053,"49-94-0053 Milw 12""x1/8""x1"" Metal Cut Off Disc",,,,Milwaukee Accessory (4031),Milwaukee Tool,Milwaukee®,Milwaukee®,49-94-0053,,Abrasives>Discs>Cut Off Discs,"Milwaukee Tool, Milwaukee, Cut Off Disc, 49-94-0053, 12""x1/8""x1",CUT OFF DISC 12INX1/8IN,MILWAUKEE 49-94-0053 Cut Off Disc,"MILWAUKEE, Cut Off Disc, 12 in Width, 1 in Height, 1/8 in",Cut Off Disc,"Discover the Milwaukee® Cut Off Disc, engineered for outstanding performance and lasting durability. With a focus on quality and efficiency, this Cut Off Disc is the perfect addition to any modern home.",,,,,,,,,,,,,,,,,,,,,,,,Cut Off Disc,,Cut Off Disc,Grit,49,,Diameter,12,in,Width x Length,12,in,Width,12 in,,length,1/8 in,,Height,1 in,,Color,Yellow,,,,,,,,,,,,,,,,,,,,,,,,,,,,,,,,,,,,,,,,,,,,,,,,,,,,,,,,,,,,,,,,,,,,,,,,,,,,,,,,,,,,,,,,,,,,,,,,,,,,,,,,,,,,,,,,,,,,,,,,,,,,,,,,,,,,,,31191503,,,,,1/8 in,,1 in,,12 in,,,,,,,,,,85%,No
,,,,,,,Abrasives,Discs,Cut Off Discs,,49-94-0058,"49-94-0058 Milw 12""x1/8""x20mm Metal Cut Off Disc",,,,Milwaukee Accessory (4031),Milwaukee Tool,Milwaukee®,Milwaukee®,49-94-0058,,Abrasives>Discs>Cut Off Discs,"Milwaukee Tool, Milwaukee, Cut Off Disc, 49-94-0058, 12""x1/8""x20",CUT OFF DISC 12INX1/8IN,MILWAUKEE 49-94-0058 Cut Off Disc,"MILWAUKEE, Cut Off Disc, 12 in Width, 20 in Height, 1/8 in",Cut Off Disc,"Discover the Milwaukee® Cut Off Disc, engineered for outstanding performance and lasting durability. With a focus on quality and efficiency, this Cut Off Disc is the perfect addition to any modern home.",,,,,,,,,,,,,,,,,,,,,,,,Cut Off Disc,,Cut Off Disc,Grit,49,,Diameter,12,in,Width x Length,12,in,Size,20,,Width,12 in,,length,1/8 in,,Height,20 in,,Color,Yellow,,,,,,,,,,,,,,,,,,,,,,,,,,,,,,,,,,,,,,,,,,,,,,,,,,,,,,,,,,,,,,,,,,,,,,,,,,,,,,,,,,,,,,,,,,,,,,,,,,,,,,,,,,,,,,,,,,,,,,,,,,,,,,,,,,,31191503,,,,,1/8 in,,20 in,,12 in,,,,,,,,,,85%,No
,,,,,,,Abrasives,Discs,Cut Off Discs,,49-94-0063,"49-94-0063 Milw 14""x7/64""x1"" Metal Cut Off Disc General Purpose",,,,Milwaukee Accessory (4031),GE Appliances,GE®,GE®,49-94-0063,,Abrasives>Discs>Cut Off Discs,"GE Appliances, GE, Cut Off Disc, 49-94-0063, 14""x7/64""x1, Grit=49, Diameter=14",CUT OFF DISC 14INX7/64I,GE 49-94-0063 Cut Off Disc,"GE, Cut Off Disc, 14 in Width, 1 in Height, 7/64 in",Cut Off Disc,"Discover the GE® Cut Off Disc, engineered for outstanding performance and lasting durability. With a focus on quality and efficiency, this Cut Off Disc is the perfect addition to any modern home.",,,,,,,,,,,,,,,,,,,,,,,,Cut Off Disc,,Cut Off Disc,Grit,49,,Diameter,14,in,Width x Length,14,in,Width,14 in,,length,7/64 in,,Height,1 in,,Color,Yellow,,,,,,,,,,,,,,,,,,,,,,,,,,,,,,,,,,,,,,,,,,,,,,,,,,,,,,,,,,,,,,,,,,,,,,,,,,,,,,,,,,,,,,,,,,,,,,,,,,,,,,,,,,,,,,,,,,,,,,,,,,,,,,,,,,,,,,31191503,,,,,7/64 in,,1 in,,14 in,,,,,,,,,,85%,No
,,,,,,,Abrasives,Discs,Cut Off Discs,,49-94-0068,"49-94-0068 Milw 14""x1/8""x20mm Metal Cut Off Disc",,,,Milwaukee Accessory (4031),Milwaukee Tool,Milwaukee®,Milwaukee®,49-94-0068,,Abrasives>Discs>Cut Off Discs,"Milwaukee Tool, Milwaukee, Cut Off Disc, 49-94-0068, 14""x1/8""x20",CUT OFF DISC 14INX1/8IN,MILWAUKEE 49-94-0068 Cut Off Disc,"MILWAUKEE, Cut Off Disc, 14 in Width, 20 in Height, 1/8 in",Cut Off Disc,"Discover the Milwaukee® Cut Off Disc, engineered for outstanding performance and lasting durability. With a focus on quality and efficiency, this Cut Off Disc is the perfect addition to any modern home.",,,,,,,,,,,,,,,,,,,,,,,,Cut Off Disc,,Cut Off Disc,Grit,49,,Diameter,14,in,Width x Length,14,in,Size,20,,Width,14 in,,length,1/8 in,,Height,20 in,,Color,Yellow,,,,,,,,,,,,,,,,,,,,,,,,,,,,,,,,,,,,,,,,,,,,,,,,,,,,,,,,,,,,,,,,,,,,,,,,,,,,,,,,,,,,,,,,,,,,,,,,,,,,,,,,,,,,,,,,,,,,,,,,,,,,,,,,,,,31191503,,,,,1/8 in,,20 in,,14 in,,,,,,,,,,85%,No
,,,,,,,Abrasives,Discs,Cut Off Discs,,49-94-0073,"49-94-0073 Milw 14""x1/8""x1"" Metal Cut Off Disc",,,,Milwaukee Accessory (4031),Milwaukee Tool,Milwaukee®,Milwaukee®,49-94-0073,,Abrasives>Discs>Cut Off Discs,"Milwaukee Tool, Milwaukee, Cut Off Disc, 49-94-0073, 14""x1/8""x1",CUT OFF DISC 14INX1/8IN,MILWAUKEE 49-94-0073 Cut Off Disc,"MILWAUKEE, Cut Off Disc, 14 in Width, 1 in Height, 1/8 in",Cut Off Disc,"Discover the Milwaukee® Cut Off Disc, engineered for outstanding performance and lasting durability. With a focus on quality and efficiency, this Cut Off Disc is the perfect addition to any modern home.",,,,,,,,,,,,,,,,,,,,,,,,Cut Off Disc,,Cut Off Disc,Grit,49,,Diameter,14,in,Width x Length,14,in,Width,14 in,,length,1/8 in,,Height,1 in,,Color,Yellow,,,,,,,,,,,,,,,,,,,,,,,,,,,,,,,,,,,,,,,,,,,,,,,,,,,,,,,,,,,,,,,,,,,,,,,,,,,,,,,,,,,,,,,,,,,,,,,,,,,,,,,,,,,,,,,,,,,,,,,,,,,,,,,,,,,,,,31191503,,,,,1/8 in,,1 in,,14 in,,,,,,,,,,85%,No
,,,,,,,Abrasives,Discs,Cut Off Discs,,49-94-0101,"49-94-0101 Milw 4-1/2""x.045""x7/8"" Perform+ Metal Cut Off Disc 10pc",,,,Milwaukee Accessory (4031),Milwaukee Tool,Milwaukee®,Milwaukee®,49-94-0101,,Abrasives>Discs>Cut Off Discs,"Milwaukee Tool, Milwaukee, Cut Off Disc, Perform+ Series, 49-94-0101",CUT OFF DISC 1/2INX.045,MILWAUKEE Perform+ 49-94-0101 Cut Off Disc,"MILWAUKEE, Cut Off Disc, Perform+, 1/2 in Width, 7/8 in Height, 1/16 in",Perform+ Cut Off Disc,"Discover the Milwaukee® Cut Off Disc, engineered for outstanding performance and lasting durability. With a focus on quality and efficiency, this Cut Off Disc is the perfect addition to any modern home.",,,,,,,,,,,,,,,,,,,,,,,,Cut Off Disc,,Cut Off Disc,Grit,49,,Diameter,1/2,in,Width x Length,045,in,Quantity,10,EA,Width,1/2 in,,length,1/16 in,,Height,7/8 in,,Color,Yellow,,,,,,,,,,,,,,,,,,,,,,,,,,,,,,,,,,,,,,,,,,,,,,,,,,,,,,,,,,,,,,,,,,,,,,,,,,,,,,,,,,,,,,,,,,,,,,,,,,,,,,,,,,,,,,,,,,,,,,,,,,,,,,,,,,,31191503,,,,,1/16 in,,7/8 in,,1/2 in,,,,,,,,,,85%,No
,,,,,,,Abrasives,Discs,Cut Off Discs,,49-94-0107,"49-94-0107 Milw 4-1/2""x.045""x7/8"" Performance+ Metal Cut Off Disc",,,,Milwaukee Accessory (4031),Milwaukee Tool,Milwaukee®,Milwaukee®,49-94-0107,,Abrasives>Discs>Cut Off Discs,"Milwaukee Tool, Milwaukee, Cut Off Disc, Perform Series, 49-94-0107",CUT OFF DISC 1/2INX.045,MILWAUKEE Perform 49-94-0107 Cut Off Disc,"MILWAUKEE, Cut Off Disc, Perform, 1/2 in Width, 7/8 in Height, 1/16 in",Perform Cut Off Disc,"Discover the Milwaukee® Cut Off Disc, engineered for outstanding performance and lasting durability. With a focus on quality and efficiency, this Cut Off Disc is the perfect addition to any modern home.",,,,,,,,,,,,,,,,,,,,,,,,Cut Off Disc,,Cut Off Disc,Grit,49,,Diameter,1/2,in,Width x Length,045,in,Width,1/2 in,,length,1/16 in,,Height,7/8 in,,Color,Yellow,,,,,,,,,,,,,,,,,,,,,,,,,,,,,,,,,,,,,,,,,,,,,,,,,,,,,,,,,,,,,,,,,,,,,,,,,,,,,,,,,,,,,,,,,,,,,,,,,,,,,,,,,,,,,,,,,,,,,,,,,,,,,,,,,,,,,,31191503,,,,,1/16 in,,7/8 in,,1/2 in,,,,,,,,,,85%,No
,,,,,,,Abrasives,Discs,Cut Off Discs,,49-94-0117,"49-94-0117 Milw 5""x.045""x7/8"" Performance+ Metal Cut Off Disc",,,,Milwaukee Accessory (4031),Milwaukee Tool,Milwaukee®,Milwaukee®,49-94-0117,,Abrasives>Discs>Cut Off Discs,"Milwaukee Tool, Milwaukee, Cut Off Disc, Perform Series, 49-94-0117",CUT OFF DISC 5INX.045IN,MILWAUKEE Perform 49-94-0117 Cut Off Disc,"MILWAUKEE, Cut Off Disc, Perform, 5 in Width, 7/8 in Height, 1/16 in",Perform Cut Off Disc,"Discover the Milwaukee® Cut Off Disc, engineered for outstanding performance and lasting durability. With a focus on quality and efficiency, this Cut Off Disc is the perfect addition to any modern home.",,,,,,,,,,,,,,,,,,,,,,,,Cut Off Disc,,Cut Off Disc,Grit,49,,Diameter,5,in,Width x Length,045,in,Width,5 in,,length,1/16 in,,Height,7/8 in,,Color,Yellow,,,,,,,,,,,,,,,,,,,,,,,,,,,,,,,,,,,,,,,,,,,,,,,,,,,,,,,,,,,,,,,,,,,,,,,,,,,,,,,,,,,,,,,,,,,,,,,,,,,,,,,,,,,,,,,,,,,,,,,,,,,,,,,,,,,,,,31191503,,,,,1/16 in,,7/8 in,,5 in,,,,,,,,,,85%,No
,,,,,,,Abrasives,Discs,Cut Off Discs,,49-94-0123,"49-94-0123 Milw 6""x.045""x7/8"" Performance+ Metal Cut Off Disc",,,,Milwaukee Accessory (4031),Milwaukee Tool,Milwaukee®,Milwaukee®,49-94-0123,,Abrasives>Discs>Cut Off Discs,"Milwaukee Tool, Milwaukee, Cut Off Disc, Perform Series, 49-94-0123",CUT OFF DISC 6INX.045IN,MILWAUKEE Perform 49-94-0123 Cut Off Disc,"MILWAUKEE, Cut Off Disc, Perform, 6 in Width, 7/8 in Height, 1/16 in",Perform Cut Off Disc,"Discover the Milwaukee® Cut Off Disc, engineered for outstanding performance and lasting durability. With a focus on quality and efficiency, this Cut Off Disc is the perfect addition to any modern home.",,,,,,,,,,,,,,,,,,,,,,,,Cut Off Disc,,Cut Off Disc,Grit,49,,Diameter,6,in,Width x Length,045,in,Width,6 in,,length,1/16 in,,Height,7/8 in,,Color,Yellow,,,,,,,,,,,,,,,,,,,,,,,,,,,,,,,,,,,,,,,,,,,,,,,,,,,,,,,,,,,,,,,,,,,,,,,,,,,,,,,,,,,,,,,,,,,,,,,,,,,,,,,,,,,,,,,,,,,,,,,,,,,,,,,,,,,,,,31191503,,,,,1/16 in,,7/8 in,,6 in,,,,,,,,,,85%,No
,,,,,,,Abrasives,Discs,Cut Off Discs,,49-94-0023,"49-94-0023 Milw 6""x.045""x7/8"" Metal Cut Off Disc",,,,Milwaukee Accessory (4031),Milwaukee Tool,Milwaukee®,Milwaukee®,49-94-0023,,Abrasives>Discs>Cut Off Discs,"Milwaukee Tool, Milwaukee, Cut Off Disc, 49-94-0023, 6""x.045""x7/8",CUT OFF DISC 6INX.045IN,MILWAUKEE 49-94-0023 Cut Off Disc,"MILWAUKEE, Cut Off Disc, 6 in Width, 7/8 in Height, 1/16 in",Cut Off Disc,"Discover the Milwaukee® Cut Off Disc, engineered for outstanding performance and lasting durability. With a focus on quality and efficiency, this Cut Off Disc is the perfect addition to any modern home.",,,,,,,,,,,,,,,,,,,,,,,,Cut Off Disc,,Cut Off Disc,Grit,49,,Diameter,6,in,Width x Length,045,in,Width,6 in,,length,1/16 in,,Height,7/8 in,,Color,Yellow,,,,,,,,,,,,,,,,,,,,,,,,,,,,,,,,,,,,,,,,,,,,,,,,,,,,,,,,,,,,,,,,,,,,,,,,,,,,,,,,,,,,,,,,,,,,,,,,,,,,,,,,,,,,,,,,,,,,,,,,,,,,,,,,,,,,,,31191503,,,,,1/16 in,,7/8 in,,6 in,,,,,,,,,,85%,No
,,,,,,,Abrasives,Discs,Cut Off Discs,,49-94-0121,"49-94-0121 Milw 6""x.045""x7/8"" Performance+ Metal Cut Off Disc 10pc",,,,Milwaukee Accessory (4031),Milwaukee Tool,Milwaukee®,Milwaukee®,49-94-0121,,Abrasives>Discs>Cut Off Discs,"Milwaukee Tool, Milwaukee, Cut Off Disc, Perform Series, 49-94-0121",CUT OFF DISC 6INX.045IN,MILWAUKEE Perform 49-94-0121 Cut Off Disc,"MILWAUKEE, Cut Off Disc, Perform, 6 in Width, 7/8 in Height, 1/16 in",Perform Cut Off Disc,"Discover the Milwaukee® Cut Off Disc, engineered for outstanding performance and lasting durability. With a focus on quality and efficiency, this Cut Off Disc is the perfect addition to any modern home.",,,,,,,,,,,,,,,,,,,,,,,,Cut Off Disc,,Cut Off Disc,Grit,49,,Diameter,6,in,Width x Length,045,in,Quantity,10,EA,Width,6 in,,length,1/16 in,,Height,7/8 in,,Color,Yellow,,,,,,,,,,,,,,,,,,,,,,,,,,,,,,,,,,,,,,,,,,,,,,,,,,,,,,,,,,,,,,,,,,,,,,,,,,,,,,,,,,,,,,,,,,,,,,,,,,,,,,,,,,,,,,,,,,,,,,,,,,,,,,,,,,,31191503,,,,,1/16 in,,7/8 in,,6 in,,,,,,,,,,85%,No
,,,,,,,Abrasives,Discs,Cut Off Discs,,49-94-0127,"49-94-0127 Milw 6""x.045""x7/8"" Performance+Metal Cut Off Disc",,,,Milwaukee Accessory (4031),Milwaukee Tool,Milwaukee®,Milwaukee®,49-94-0127,,Abrasives>Discs>Cut Off Discs,"Milwaukee Tool, Milwaukee, Cut Off Disc, Perform Series, 49-94-0127",CUT OFF DISC 6INX.045IN,MILWAUKEE Perform 49-94-0127 Cut Off Disc,"MILWAUKEE, Cut Off Disc, Perform, 6 in Width, 7/8 in Height, 1/16 in",Perform Cut Off Disc,"Discover the Milwaukee® Cut Off Disc, engineered for outstanding performance and lasting durability. With a focus on quality and efficiency, this Cut Off Disc is the perfect addition to any modern home.",,,,,,,,,,,,,,,,,,,,,,,,Cut Off Disc,,Cut Off Disc,Grit,49,,Diameter,6,in,Width x Length,045,in,Width,6 in,,length,1/16 in,,Height,7/8 in,,Color,Yellow,,,,,,,,,,,,,,,,,,,,,,,,,,,,,,,,,,,,,,,,,,,,,,,,,,,,,,,,,,,,,,,,,,,,,,,,,,,,,,,,,,,,,,,,,,,,,,,,,,,,,,,,,,,,,,,,,,,,,,,,,,,,,,,,,,,,,,31191503,,,,,1/16 in,,7/8 in,,6 in,,,,,,,,,,85%,No
,,,,,,,Abrasives,Discs,Cut Off Discs,,49-94-0137,"49-94-0137 Milw 7""x3/32""x7/8"" Performance+ Metal Cut Off Disc",,,,Milwaukee Accessory (4031),Milwaukee Tool,Milwaukee®,Milwaukee®,49-94-0137,,Abrasives>Discs>Cut Off Discs,"Milwaukee Tool, Milwaukee, Cut Off Disc, Perform Series, 49-94-0137",CUT OFF DISC 7INX3/32IN,MILWAUKEE Perform 49-94-0137 Cut Off Disc,"MILWAUKEE, Cut Off Disc, Perform, 7 in Width, 7/8 in Height, 3/32 in",Perform Cut Off Disc,"Discover the Milwaukee® Cut Off Disc, engineered for outstanding performance and lasting durability. With a focus on quality and efficiency, this Cut Off Disc is the perfect addition to any modern home.",,,,,,,,,,,,,,,,,,,,,,,,Cut Off Disc,,Cut Off Disc,Grit,49,,Diameter,7,in,Width x Length,7,in,Width,7 in,,length,3/32 in,,Height,7/8 in,,Color,Yellow,,,,,,,,,,,,,,,,,,,,,,,,,,,,,,,,,,,,,,,,,,,,,,,,,,,,,,,,,,,,,,,,,,,,,,,,,,,,,,,,,,,,,,,,,,,,,,,,,,,,,,,,,,,,,,,,,,,,,,,,,,,,,,,,,,,,,,31191503,,,,,3/32 in,,7/8 in,,7 in,,,,,,,,,,85%,No
,,,,,,,Abrasives,Discs,Cut Off Discs,,49-94-0160,"49-94-0160 Milw 14""x7/64""x1"" Performance+ Metal Cut Off Disc",,,,Milwaukee Accessory (4031),Milwaukee Tool,Milwaukee®,Milwaukee®,49-94-0160,,Abrasives>Discs>Cut Off Discs,"Milwaukee Tool, Milwaukee, Cut Off Disc, Perform Series, 49-94-0160, 14""x7/64""x1",CUT OFF DISC 14INX7/64I,MILWAUKEE Perform 49-94-0160 Cut Off Disc,"MILWAUKEE, Cut Off Disc, Perform, 14 in Width, 1 in Height, 7/64 in",Perform Cut Off Disc,"Discover the Milwaukee® Cut Off Disc, engineered for outstanding performance and lasting durability. With a focus on quality and efficiency, this Cut Off Disc is the perfect addition to any modern home.",,,,,,,,,,,,,,,,,,,,,,,,Cut Off Disc,,Cut Off Disc,Grit,49,,Diameter,14,in,Width x Length,14,in,Width,14 in,,length,7/64 in,,Height,1 in,,Color,Yellow,,,,,,,,,,,,,,,,,,,,,,,,,,,,,,,,,,,,,,,,,,,,,,,,,,,,,,,,,,,,,,,,,,,,,,,,,,,,,,,,,,,,,,,,,,,,,,,,,,,,,,,,,,,,,,,,,,,,,,,,,,,,,,,,,,,,,,31191503,,,,,7/64 in,,1 in,,14 in,,,,,,,,,,85%,No
,,,,,,,Abrasives,Discs,Cut Off Discs,,49-94-0223,"49-94-0223 Milw 6""x.045""x7/8"" Ceramic+ Metal Cut Off Disc",,,,Milwaukee Accessory (4031),Milwaukee Tool,Milwaukee®,Milwaukee®,49-94-0223,,Abrasives>Discs>Cut Off Discs,"Milwaukee Tool, Milwaukee, Cut Off Disc, 49-94-0223, 6""x.045""x7/8",CUT OFF DISC 6INX.045IN CERAMI,MILWAUKEE 49-94-0223 Cut Off Disc With Ceramic,"MILWAUKEE, Cut Off Disc, With Ceramic, 6 in Width, 7/8 in Height, 1/16 in","Cut Off Disc, Ceramic","Upgrade your home with the Milwaukee® Cut Off Disc, designed to deliver exceptional performance and reliability. Featuring Ceramic, this Cut Off Disc combines innovative technology with sleek design to meet your everyday needs.",Ceramic,,,,,,,,,,,,,,,,,,,,With Ceramic,,,Cut Off Disc,,Cut Off Disc,Grit,49,,Diameter,6,in,Width x Length,045,in,Abrasive Type,Ceramic,,Material,Ceramic,,Width,6 in,,length,1/16 in,,Height,7/8 in,,Color,Yellow,,Feature,Ceramic,,,,,,,,,,,,,,,,,,,,,,,,,,,,,,,,,,,,,,,,,,,,,,,,,,,,,,,,,,,,,,,,,,,,,,,,,,,,,,,,,,,,,,,,,,,,,,,,,,,,,,,,,,,,,,,,,,,,,,,,,,,,,31191503,,,,,1/16 in,,7/8 in,,6 in,,,,,,,,,,85%,No
,,,,,,,Abrasives,Discs,Cut Off Discs,,49-94-0445,"49-94-0445 Milw 10""x3/32""x5/8"" Performance+ Metal Cut Off Disc",,,,Milwaukee Accessory (4031),Milwaukee Tool,Milwaukee®,Milwaukee®,49-94-0445,,Abrasives>Discs>Cut Off Discs,"Milwaukee Tool, Milwaukee, Cut Off Disc, Perform Series, 49-94-0445",CUT OFF DISC 10INX3/32I,MILWAUKEE Perform 49-94-0445 Cut Off Disc,"MILWAUKEE, Cut Off Disc, Perform, 10 in Width, 5/8 in Height, 3/32 in",Perform Cut Off Disc,"Discover the Milwaukee® Cut Off Disc, engineered for outstanding performance and lasting durability. With a focus on quality and efficiency, this Cut Off Disc is the perfect addition to any modern home.",,,,,,,,,,,,,,,,,,,,,,,,Cut Off Disc,,Cut Off Disc,Grit,49,,Diameter,10,in,Width x Length,10,in,Width,10 in,,length,3/32 in,,Height,5/8 in,,Color,Yellow,,,,,,,,,,,,,,,,,,,,,,,,,,,,,,,,,,,,,,,,,,,,,,,,,,,,,,,,,,,,,,,,,,,,,,,,,,,,,,,,,,,,,,,,,,,,,,,,,,,,,,,,,,,,,,,,,,,,,,,,,,,,,,,,,,,,,,31191503,,,,,3/32 in,,5/8 in,,10 in,,,,,,,,,,85%,No
,,,,,,,Abrasives,Discs,Cut Off Discs,,49-94-0803,"49-94-0803 Milw 4-1/2""x1/8""x7/8"" Dual Metal Cut and Grind Disc",,,,Milwaukee Accessory (4031),Milwaukee Tool,Milwaukee®,Milwaukee®,49-94-0803,,Abrasives>Discs>Cut Off Discs,"Milwaukee Tool, Milwaukee, Cut and Grind Disc, 49-94-0803, 1/2""x1/8""x7/8",CUT AND GRIN 1/2INX1/8I,MILWAUKEE 49-94-0803 Cut and Grind Disc,"MILWAUKEE, Cut and Grind Disc, 1/2 in Width, 7/8 in Height, 1/8 in",Cut and Grind Disc,"Discover the Milwaukee® Cut and Grind Disc, engineered for outstanding performance and lasting durability. With a focus on quality and efficiency, this Cut and Grind Disc is the perfect addition to any modern home.",,,,,,,,,,,,,,,,,,,,,,,,Cut and Grind Disc,,Cut and Grind Disc,Grit,49,,Diameter,1/2,in,Width x Length,1/2,in,Width,1/2 in,,length,1/8 in,,Height,7/8 in,,Color,Yellow,,,,,,,,,,,,,,,,,,,,,,,,,,,,,,,,,,,,,,,,,,,,,,,,,,,,,,,,,,,,,,,,,,,,,,,,,,,,,,,,,,,,,,,,,,,,,,,,,,,,,,,,,,,,,,,,,,,,,,,,,,,,,,,,,,,,,,31191503,,,,,1/8 in,,7/8 in,,1/2 in,,,,,,,,,,85%,No
,,,,,,,Abrasives,Discs,Cut Off Discs,,49-94-0903,"49-94-0903 Milw 4-1/2""x1/8""x7/8""Perform+Dual Metal Cut and Grind Disc",,,,Milwaukee Accessory (4031),Milwaukee Tool,Milwaukee®,Milwaukee®,49-94-0903,,Abrasives>Discs>Cut Off Discs,"Milwaukee Tool, Milwaukee, Cut and Grind Disc, Perform+ Series, 49-94-0903",CUT AND GRIN 1/2INX1/8I,MILWAUKEE Perform+ 49-94-0903 Cut and Grind Disc,"MILWAUKEE, Cut and Grind Disc, Perform+, 1/2 in Width, 7/8 in Height, 1/8 in",Perform+ Cut and Grind Disc,"Discover the Milwaukee® Cut and Grind Disc, engineered for outstanding performance and lasting durability. With a focus on quality and efficiency, this Cut and Grind Disc is the perfect addition to any modern home.",,,,,,,,,,,,,,,,,,,,,,,,Cut and Grind Disc,,Cut and Grind Disc,Grit,49,,Diameter,1/2,in,Width x Length,1/2,in,Width,1/2 in,,length,1/8 in,,Height,7/8 in,,Color,Yellow,,,,,,,,,,,,,,,,,,,,,,,,,,,,,,,,,,,,,,,,,,,,,,,,,,,,,,,,,,,,,,,,,,,,,,,,,,,,,,,,,,,,,,,,,,,,,,,,,,,,,,,,,,,,,,,,,,,,,,,,,,,,,,,,,,,,,,31191503,,,,,1/8 in,,7/8 in,,1/2 in,,,,,,,,,,85%,No
,,,,,,,Abrasives,Discs,Cut Off Discs,,49-94-0907,"49-94-0907 Milw 4-1/2""x1/8""x5/8-11""Perform+Dual Metal Cut n Grind Disc",,,,Milwaukee Accessory (4031),Milwaukee Tool,Milwaukee®,Milwaukee®,49-94-0907,,Abrasives>Discs>Cut Off Discs,"Milwaukee Tool, Milwaukee, Cut and Grind Disc, Perform+ Series, 49-94-0907",CUT AND GRIN 1/2INX1/8I,MILWAUKEE Perform+ 49-94-0907 Cut and Grind Disc,"MILWAUKEE, Cut and Grind Disc, Perform+, 1/2 in Width, 5/8 in Height, 1/8 in",Perform+ Cut and Grind Disc,"Discover the Milwaukee® Cut and Grind Disc, engineered for outstanding performance and lasting durability. With a focus on quality and efficiency, this Cut and Grind Disc is the perfect addition to any modern home.",,,,,,,,,,,,,,,,,,,,,,,,Cut and Grind Disc,,Cut and Grind Disc,Grit,49,,Diameter,1/2,in,Width x Length,1/2,in,Width,1/2 in,,length,1/8 in,,Height,5/8 in,,Color,Yellow,,,,,,,,,,,,,,,,,,,,,,,,,,,,,,,,,,,,,,,,,,,,,,,,,,,,,,,,,,,,,,,,,,,,,,,,,,,,,,,,,,,,,,,,,,,,,,,,,,,,,,,,,,,,,,,,,,,,,,,,,,,,,,,,,,,,,,31191503,,,,,1/8 in,,5/8 in,,1/2 in,,,,,,,,,,85%,No
,,,,,,,Abrasives,Discs,Cut Off Discs,,49-94-0923,"49-94-0923 Milw 6""x1/8""x7/8"" Perform+Dual Metal Cut and Grind Disc",,,,Milwaukee Accessory (4031),Milwaukee Tool,Milwaukee®,Milwaukee®,49-94-0923,,Abrasives>Discs>Cut Off Discs,"Milwaukee Tool, Milwaukee, Cut and Grind Disc, Perform+ Series, 49-94-0923",CUT AND GRIN 6INX1/8INX,MILWAUKEE Perform+ 49-94-0923 Cut and Grind Disc,"MILWAUKEE, Cut and Grind Disc, Perform+, 6 in Width, 7/8 in Height, 1/8 in",Perform+ Cut and Grind Disc,"Discover the Milwaukee® Cut and Grind Disc, engineered for outstanding performance and lasting durability. With a focus on quality and efficiency, this Cut and Grind Disc is the perfect addition to any modern home.",,,,,,,,,,,,,,,,,,,,,,,,Cut and Grind Disc,,Cut and Grind Disc,Grit,49,,Diameter,6,in,Width x Length,6,in,Width,6 in,,length,1/8 in,,Height,7/8 in,,Color,Yellow,,,,,,,,,,,,,,,,,,,,,,,,,,,,,,,,,,,,,,,,,,,,,,,,,,,,,,,,,,,,,,,,,,,,,,,,,,,,,,,,,,,,,,,,,,,,,,,,,,,,,,,,,,,,,,,,,,,,,,,,,,,,,,,,,,,,,,31191503,,,,,1/8 in,,7/8 in,,6 in,,,,,,,,,,85%,No
,,,,,,,Abrasives,Discs,Cut Off Discs,,49-94-1900,"49-94-1900 Milw 4""x1/8""x5/8"" Masonry Cut Off Disc",,,,Milwaukee Accessory (4031),Milwaukee Tool,Milwaukee®,Milwaukee®,49-94-1900,,Abrasives>Discs>Cut Off Discs,"Milwaukee Tool, Milwaukee, Cut Off Disc, 49-94-1900, 4""x1/8""x5/8",CUT OFF DISC 4INX1/8INX,MILWAUKEE 49-94-1900 Cut Off Disc,"MILWAUKEE, Cut Off Disc, 4 in Width, 5/8 in Height, 1/8 in",Cut Off Disc,"Discover the Milwaukee® Cut Off Disc, engineered for outstanding performance and lasting durability. With a focus on quality and efficiency, this Cut Off Disc is the perfect addition to any modern home.",,,,,,,,,,,,,,,,,,,,,,,,Cut Off Disc,,Cut Off Disc,Grit,49,,Diameter,4,in,Width x Length,4,in,Width,4 in,,length,1/8 in,,Height,5/8 in,,Color,Yellow,,,,,,,,,,,,,,,,,,,,,,,,,,,,,,,,,,,,,,,,,,,,,,,,,,,,,,,,,,,,,,,,,,,,,,,,,,,,,,,,,,,,,,,,,,,,,,,,,,,,,,,,,,,,,,,,,,,,,,,,,,,,,,,,,,,,,,31191503,,,,,1/8 in,,5/8 in,,4 in,,,,,,,,,,85%,No
,,,,,,,Abrasives,Discs,Cut Off Discs,,49-94-1905,"49-94-1905 Milw 4-1/2""x1/8""x7/8"" Masonry Cut Off Disc",,,,Milwaukee Accessory (4031),Milwaukee Tool,Milwaukee®,Milwaukee®,49-94-1905,,Abrasives>Discs>Cut Off Discs,"Milwaukee Tool, Milwaukee, Cut Off Disc, 49-94-1905, 1/2""x1/8""x7/8",CUT OFF DISC 1/2INX1/8I,MILWAUKEE 49-94-1905 Cut Off Disc,"MILWAUKEE, Cut Off Disc, 1/2 in Width, 7/8 in Height, 1/8 in",Cut Off Disc,"Discover the Milwaukee® Cut Off Disc, engineered for outstanding performance and lasting durability. With a focus on quality and efficiency, this Cut Off Disc is the perfect addition to any modern home.",,,,,,,,,,,,,,,,,,,,,,,,Cut Off Disc,,Cut Off Disc,Grit,49,,Diameter,1/2,in,Width x Length,1/2,in,Width,1/2 in,,length,1/8 in,,Height,7/8 in,,Color,Yellow,,,,,,,,,,,,,,,,,,,,,,,,,,,,,,,,,,,,,,,,,,,,,,,,,,,,,,,,,,,,,,,,,,,,,,,,,,,,,,,,,,,,,,,,,,,,,,,,,,,,,,,,,,,,,,,,,,,,,,,,,,,,,,,,,,,,,,31191503,,,,,1/8 in,,7/8 in,,1/2 in,,,,,,,,,,85%,No
,,,,,,,Abrasives,Discs,Cut Off Discs,,49-94-1915,"49-94-1915 Milw 6-1/2""x1/8""x5/8"" DKO Masonry Cut Off Disc",,,,Milwaukee Accessory (4031),Milwaukee Tool,Milwaukee®,Milwaukee®,49-94-1915,,Abrasives>Discs>Cut Off Discs,"Milwaukee Tool, Milwaukee, Cut Off Disc, 49-94-1915, 1/2""x1/8""x5/8",CUT OFF DISC 1/2INX1/8I,MILWAUKEE 49-94-1915 Cut Off Disc,"MILWAUKEE, Cut Off Disc, 1/2 in Width, 5/8 in Height, 1/8 in",Cut Off Disc,"Discover the Milwaukee® Cut Off Disc, engineered for outstanding performance and lasting durability. With a focus on quality and efficiency, this Cut Off Disc is the perfect addition to any modern home.",,,,,,,,,,,,,,,,,,,,,,,,Cut Off Disc,,Cut Off Disc,Grit,49,,Diameter,1/2,in,Width x Length,1/2,in,Width,1/2 in,,length,1/8 in,,Height,5/8 in,,Color,Yellow,,,,,,,,,,,,,,,,,,,,,,,,,,,,,,,,,,,,,,,,,,,,,,,,,,,,,,,,,,,,,,,,,,,,,,,,,,,,,,,,,,,,,,,,,,,,,,,,,,,,,,,,,,,,,,,,,,,,,,,,,,,,,,,,,,,,,,31191503,,,,,1/8 in,,5/8 in,,1/2 in,,,,,,,,,,85%,No
,,,,,,,Abrasives,Discs,Cut Off Discs,,49-94-1920,"49-94-1920 Milw 7""x1/8""x5/8"" DKO Masonry Cut Off Disc",,,,Milwaukee Accessory (4031),Milwaukee Tool,Milwaukee®,Milwaukee®,49-94-1920,,Abrasives>Discs>Cut Off Discs,"Milwaukee Tool, Milwaukee, Cut Off Disc, 49-94-1920, 7""x1/8""x5/8",CUT OFF DISC 7INX1/8INX,MILWAUKEE 49-94-1920 Cut Off Disc,"MILWAUKEE, Cut Off Disc, 7 in Width, 5/8 in Height, 1/8 in",Cut Off Disc,"Discover the Milwaukee® Cut Off Disc, engineered for outstanding performance and lasting durability. With a focus on quality and efficiency, this Cut Off Disc is the perfect addition to any modern home.",,,,,,,,,,,,,,,,,,,,,,,,Cut Off Disc,,Cut Off Disc,Grit,49,,Diameter,7,in,Width x Length,7,in,Width,7 in,,length,1/8 in,,Height,5/8 in,,Color,Yellow,,,,,,,,,,,,,,,,,,,,,,,,,,,,,,,,,,,,,,,,,,,,,,,,,,,,,,,,,,,,,,,,,,,,,,,,,,,,,,,,,,,,,,,,,,,,,,,,,,,,,,,,,,,,,,,,,,,,,,,,,,,,,,,,,,,,,,31191503,,,,,1/8 in,,5/8 in,,7 in,,,,,,,,,,85%,No
,,,,,,,Abrasives,Discs,Cut Off Discs,,49-94-1925,"49-94-1925 Milw 10""x1/8""x5/8"" Masonry Cut Off Disc",,,,Milwaukee Accessory (4031),Milwaukee Tool,Milwaukee®,Milwaukee®,49-94-1925,,Abrasives>Discs>Cut Off Discs,"Milwaukee Tool, Milwaukee, Cut Off Disc, 49-94-1925, 10""x1/8""x5/8",CUT OFF DISC 10INX1/8IN,MILWAUKEE 49-94-1925 Cut Off Disc,"MILWAUKEE, Cut Off Disc, 10 in Width, 5/8 in Height, 1/8 in",Cut Off Disc,"Discover the Milwaukee® Cut Off Disc, engineered for outstanding performance and lasting durability. With a focus on quality and efficiency, this Cut Off Disc is the perfect addition to any modern home.",,,,,,,,,,,,,,,,,,,,,,,,Cut Off Disc,,Cut Off Disc,Grit,49,,Diameter,10,in,Width x Length,10,in,Width,10 in,,length,1/8 in,,Height,5/8 in,,Color,Yellow,,,,,,,,,,,,,,,,,,,,,,,,,,,,,,,,,,,,,,,,,,,,,,,,,,,,,,,,,,,,,,,,,,,,,,,,,,,,,,,,,,,,,,,,,,,,,,,,,,,,,,,,,,,,,,,,,,,,,,,,,,,,,,,,,,,,,,31191503,,,,,1/8 in,,5/8 in,,10 in,,,,,,,,,,85%,No
,,,,,,,Abrasives,Discs,Cut Off Discs,,49-94-1935,"49-94-1935 Milw 12""x1/8""x1"" Masonry Cut Off Disc",,,,Milwaukee Accessory (4031),Milwaukee Tool,Milwaukee®,Milwaukee®,49-94-1935,,Abrasives>Discs>Cut Off Discs,"Milwaukee Tool, Milwaukee, Cut Off Disc, 49-94-1935, 12""x1/8""x1",CUT OFF DISC 12INX1/8IN,MILWAUKEE 49-94-1935 Cut Off Disc,"MILWAUKEE, Cut Off Disc, 12 in Width, 1 in Height, 1/8 in",Cut Off Disc,"Discover the Milwaukee® Cut Off Disc, engineered for outstanding performance and lasting durability. With a focus on quality and efficiency, this Cut Off Disc is the perfect addition to any modern home.",,,,,,,,,,,,,,,,,,,,,,,,Cut Off Disc,,Cut Off Disc,Grit,49,,Diameter,12,in,Width x Length,12,in,Width,12 in,,length,1/8 in,,Height,1 in,,Color,Yellow,,,,,,,,,,,,,,,,,,,,,,,,,,,,,,,,,,,,,,,,,,,,,,,,,,,,,,,,,,,,,,,,,,,,,,,,,,,,,,,,,,,,,,,,,,,,,,,,,,,,,,,,,,,,,,,,,,,,,,,,,,,,,,,,,,,,,,31191503,,,,,1/8 in,,1 in,,12 in,,,,,,,,,,85%,No
,,,,,,,Abrasives,Discs,Cut Off Discs,,49-94-1940,"49-94-1940 Milw 14""x1/8""x1"" Masonry Cut Off Disc",,,,Milwaukee Accessory (4031),Milwaukee Tool,Milwaukee®,Milwaukee®,49-94-1940,,Abrasives>Discs>Cut Off Discs,"Milwaukee Tool, Milwaukee, Cut Off Disc, 49-94-1940, 14""x1/8""x1",CUT OFF DISC 14INX1/8IN,MILWAUKEE 49-94-1940 Cut Off Disc,"MILWAUKEE, Cut Off Disc, 14 in Width, 1 in Height, 1/8 in",Cut Off Disc,"Discover the Milwaukee® Cut Off Disc, engineered for outstanding performance and lasting durability. With a focus on quality and efficiency, this Cut Off Disc is the perfect addition to any modern home.",,,,,,,,,,,,,,,,,,,,,,,,Cut Off Disc,,Cut Off Disc,Grit,49,,Diameter,14,in,Width x Length,14,in,Width,14 in,,length,1/8 in,,Height,1 in,,Color,Yellow,,,,,,,,,,,,,,,,,,,,,,,,,,,,,,,,,,,,,,,,,,,,,,,,,,,,,,,,,,,,,,,,,,,,,,,,,,,,,,,,,,,,,,,,,,,,,,,,,,,,,,,,,,,,,,,,,,,,,,,,,,,,,,,,,,,,,,31191503,,,,,1/8 in,,1 in,,14 in,,,,,,,,,,85%,No
,,,,,,,Abrasives,Wheels,Grinding Wheels,,49-94-0501,"49-94-0501 Milw 4""x1/4""x5/8"" Metal Grinding Wheel",,,,Milwaukee Accessory (4031),Milwaukee Tool,Milwaukee®,Milwaukee®,49-94-0501,,Abrasives>Wheels>Grinding Wheels,"Milwaukee Tool, Milwaukee, Grinding Wheel, 49-94-0501, 4""x1/4""x5/8",GRINDING WHE 4INX1/4INX,MILWAUKEE 49-94-0501 Grinding Wheel,"MILWAUKEE, Grinding Wheel, 4 in Width, 5/8 in Height, 1/4 in",Grinding Wheel,"Discover the Milwaukee® Grinding Wheel, engineered for outstanding performance and lasting durability. With a focus on quality and efficiency, this Grinding Wheel is the perfect addition to any modern home.",,,,,,,,,,,,,,,,,,,,,,,,Grinding Wheel,,Grinding Wheel,Grit,49,,Diameter,4,in,Width x Length,4,in,Width,4 in,,length,1/4 in,,Height,5/8 in,,Color,Yellow,,,,,,,,,,,,,,,,,,,,,,,,,,,,,,,,,,,,,,,,,,,,,,,,,,,,,,,,,,,,,,,,,,,,,,,,,,,,,,,,,,,,,,,,,,,,,,,,,,,,,,,,,,,,,,,,,,,,,,,,,,,,,,,,,,,,,,31191601,,,,,1/4 in,,5/8 in,,4 in,,,,,,,,,,85%,No
,,,,,,,Abrasives,Wheels,Grinding Wheels,,49-94-0503,"49-94-0503 Milw 4-1/2""x1/4""x7/8"" Metal Grinding Wheel",,,,Milwaukee Accessory (4031),Milwaukee Tool,Milwaukee®,Milwaukee®,49-94-0503,,Abrasives>Wheels>Grinding Wheels,"Milwaukee Tool, Milwaukee, Grinding Wheel, 49-94-0503, 1/2""x1/4""x7/8",GRINDING WHE 1/2INX1/4I,MILWAUKEE 49-94-0503 Grinding Wheel,"MILWAUKEE, Grinding Wheel, 1/2 in Width, 7/8 in Height, 1/4 in",Grinding Wheel,"Discover the Milwaukee® Grinding Wheel, engineered for outstanding performance and lasting durability. With a focus on quality and efficiency, this Grinding Wheel is the perfect addition to any modern home.",,,,,,,,,,,,,,,,,,,,,,,,Grinding Wheel,,Grinding Wheel,Grit,49,,Diameter,1/2,in,Width x Length,1/2,in,Width,1/2 in,,length,1/4 in,,Height,7/8 in,,Color,Yellow,,,,,,,,,,,,,,,,,,,,,,,,,,,,,,,,,,,,,,,,,,,,,,,,,,,,,,,,,,,,,,,,,,,,,,,,,,,,,,,,,,,,,,,,,,,,,,,,,,,,,,,,,,,,,,,,,,,,,,,,,,,,,,,,,,,,,,31191601,,,,,1/4 in,,7/8 in,,1/2 in,,,,,,,,,,85%,No
,,,,,,,Abrasives,Wheels,Grinding Wheels,,49-94-0523,"49-94-0523 Milw 6""x1/4""x7/8"" Metal Grinding Wheel",,,,Milwaukee Accessory (4031),Milwaukee Tool,Milwaukee®,Milwaukee®,49-94-0523,,Abrasives>Wheels>Grinding Wheels,"Milwaukee Tool, Milwaukee, Grinding Wheel, 49-94-0523, 6""x1/4""x7/8",GRINDING WHE 6INX1/4INX,MILWAUKEE 49-94-0523 Grinding Wheel,"MILWAUKEE, Grinding Wheel, 6 in Width, 7/8 in Height, 1/4 in",Grinding Wheel,"Discover the Milwaukee® Grinding Wheel, engineered for outstanding performance and lasting durability. With a focus on quality and efficiency, this Grinding Wheel is the perfect addition to any modern home.",,,,,,,,,,,,,,,,,,,,,,,,Grinding Wheel,,Grinding Wheel,Grit,49,,Diameter,6,in,Width x Length,6,in,Width,6 in,,length,1/4 in,,Height,7/8 in,,Color,Yellow,,,,,,,,,,,,,,,,,,,,,,,,,,,,,,,,,,,,,,,,,,,,,,,,,,,,,,,,,,,,,,,,,,,,,,,,,,,,,,,,,,,,,,,,,,,,,,,,,,,,,,,,,,,,,,,,,,,,,,,,,,,,,,,,,,,,,,31191601,,,,,1/4 in,,7/8 in,,6 in,,,,,,,,,,85%,No
,,,,,,,Abrasives,Wheels,Grinding Wheels,,49-94-1955,"49-94-1955 Milw 4-1/2""x1/4""x7/8"" Masonry Grinding Wheel",,,,Milwaukee Accessory (4031),Milwaukee Tool,Milwaukee®,Milwaukee®,49-94-1955,,Abrasives>Wheels>Grinding Wheels,"Milwaukee Tool, Milwaukee, Grinding Wheel, 49-94-1955, 1/2""x1/4""x7/8",GRINDING WHE 1/2INX1/4I,MILWAUKEE 49-94-1955 Grinding Wheel,"MILWAUKEE, Grinding Wheel, 1/2 in Width, 7/8 in Height, 1/4 in",Grinding Wheel,"Discover the Milwaukee® Grinding Wheel, engineered for outstanding performance and lasting durability. With a focus on quality and efficiency, this Grinding Wheel is the perfect addition to any modern home.",,,,,,,,,,,,,,,,,,,,,,,,Grinding Wheel,,Grinding Wheel,Grit,49,,Diameter,1/2,in,Width x Length,1/2,in,Width,1/2 in,,length,1/4 in,,Height,7/8 in,,Color,Yellow,,,,,,,,,,,,,,,,,,,,,,,,,,,,,,,,,,,,,,,,,,,,,,,,,,,,,,,,,,,,,,,,,,,,,,,,,,,,,,,,,,,,,,,,,,,,,,,,,,,,,,,,,,,,,,,,,,,,,,,,,,,,,,,,,,,,,,31191601,,,,,1/4 in,,7/8 in,,1/2 in,,,,,,,,,,85%,No
,,,,,,,Abrasives,Wheels,Grinding Wheels,,49-94-1965,"49-94-1965 Milw 7""x1/4""x7/8"" Masonry Grinding Wheel",,,,Milwaukee Accessory (4031),Milwaukee Tool,Milwaukee®,Milwaukee®,49-94-1965,,Abrasives>Wheels>Grinding Wheels,"Milwaukee Tool, Milwaukee, Grinding Wheel, 49-94-1965, 7""x1/4""x7/8",GRINDING WHE 7INX1/4INX,MILWAUKEE 49-94-1965 Grinding Wheel,"MILWAUKEE, Grinding Wheel, 7 in Width, 7/8 in Height, 1/4 in",Grinding Wheel,"Discover the Milwaukee® Grinding Wheel, engineered for outstanding performance and lasting durability. With a focus on quality and efficiency, this Grinding Wheel is the perfect addition to any modern home.",,,,,,,,,,,,,,,,,,,,,,,,Grinding Wheel,,Grinding Wheel,Grit,49,,Diameter,7,in,Width x Length,7,in,Width,7 in,,length,1/4 in,,Height,7/8 in,,Color,Yellow,,,,,,,,,,,,,,,,,,,,,,,,,,,,,,,,,,,,,,,,,,,,,,,,,,,,,,,,,,,,,,,,,,,,,,,,,,,,,,,,,,,,,,,,,,,,,,,,,,,,,,,,,,,,,,,,,,,,,,,,,,,,,,,,,,,,,,31191601,,,,,1/4 in,,7/8 in,,7 in,,,,,,,,,,85%,No
,,,,,,,Abrasives,Wheels,Grinding Wheels,,49-94-0513,"49-94-0513 Milw 5""x1/4""x7/8"" Metal Grinding Wheel",,,,Milwaukee Accessory (4031),Milwaukee Tool,Milwaukee®,Milwaukee®,49-94-0513,,Abrasives>Wheels>Grinding Wheels,"Milwaukee Tool, Milwaukee, Grinding Wheel, 49-94-0513, 5""x1/4""x7/8",GRINDING WHE 5INX1/4INX,MILWAUKEE 49-94-0513 Grinding Wheel,"MILWAUKEE, Grinding Wheel, 5 in Width, 7/8 in Height, 1/4 in",Grinding Wheel,"Discover the Milwaukee® Grinding Wheel, engineered for outstanding performance and lasting durability. With a focus on quality and efficiency, this Grinding Wheel is the perfect addition to any modern home.",,,,,,,,,,,,,,,,,,,,,,,,Grinding Wheel,,Grinding Wheel,Grit,49,,Diameter,5,in,Width x Length,5,in,Width,5 in,,length,1/4 in,,Height,7/8 in,,Color,Yellow,,,,,,,,,,,,,,,,,,,,,,,,,,,,,,,,,,,,,,,,,,,,,,,,,,,,,,,,,,,,,,,,,,,,,,,,,,,,,,,,,,,,,,,,,,,,,,,,,,,,,,,,,,,,,,,,,,,,,,,,,,,,,,,,,,,,,,31191601,,,,,1/4 in,,7/8 in,,5 in,,,,,,,,,,85%,No
,,,,,,,Abrasives,Wheels,Grinding Wheels,,49-94-0533,"49-94-0533 Milw 7""x1/4""x7/8"" Metal Grinding Wheel",,,,Milwaukee Accessory (4031),Milwaukee Tool,Milwaukee®,Milwaukee®,49-94-0533,,Abrasives>Wheels>Grinding Wheels,"Milwaukee Tool, Milwaukee, Grinding Wheel, 49-94-0533, 7""x1/4""x7/8",GRINDING WHE 7INX1/4INX,MILWAUKEE 49-94-0533 Grinding Wheel,"MILWAUKEE, Grinding Wheel, 7 in Width, 7/8 in Height, 1/4 in",Grinding Wheel,"Discover the Milwaukee® Grinding Wheel, engineered for outstanding performance and lasting durability. With a focus on quality and efficiency, this Grinding Wheel is the perfect addition to any modern home.",,,,,,,,,,,,,,,,,,,,,,,,Grinding Wheel,,Grinding Wheel,Grit,49,,Diameter,7,in,Width x Length,7,in,Width,7 in,,length,1/4 in,,Height,7/8 in,,Color,Yellow,,,,,,,,,,,,,,,,,,,,,,,,,,,,,,,,,,,,,,,,,,,,,,,,,,,,,,,,,,,,,,,,,,,,,,,,,,,,,,,,,,,,,,,,,,,,,,,,,,,,,,,,,,,,,,,,,,,,,,,,,,,,,,,,,,,,,,31191601,,,,,1/4 in,,7/8 in,,7 in,,,,,,,,,,85%,No
,,,,,,,Abrasives,Sponges,Sanding Sponges,,DFBLBLOMFN01G,DFBLBLOMFN01G Diablo 220 Grit - Flat Edge Sanding Sponge,,,,Freud Inc (2435),GE Appliances,GE®,GE®,DFBLBLOMFN01G,,Abrasives>Sponges>Sanding Sponges,"GE Appliances, GE, Sanding Sponge, DFBLBLOMFN01G, Grit=220, Head Type=Flat",SANDING SPONGE 240V 30A 26IN 7.0 P220,GE DFBLBLOMFN01G Sanding Sponge,"GE, Sanding Sponge, 240 Voltage, 30 Amperage, 26 Width, 7.0 Capacity",Sanding Sponge,"Discover the GE® Sanding Sponge, engineered for outstanding performance and lasting durability. With a focus on quality and efficiency, this Sanding Sponge is the perfect addition to any modern home.",,,,,,,,,,,,,,,,,,,,,,,,Sanding Sponge,,Sanding Sponge,Grit,220,,Head Type,Flat,,Voltage Rating,240,,Amperage Rating,30,,Capacity,7.0,,Width,26,,Color,Yellow,,,,,,,,,,,,,,,,,,,,,,,,,,,,,,,,,,,,,,,,,,,,,,,,,,,,,,,,,,,,,,,,,,,,,,,,,,,,,,,,,,,,,,,,,,,,,,,,,,,,,,,,,,,,,,,,,,,,,,,,,,,,,,,,,,,,,,31191801,,,,,,,,,26,,,,,,,,,,85%,No
,,,,,,,Electrical,Wire,Tape,,1700-1PK-BB40,3/4x60' Vinyl Elect Tape,,,3M,3 M Co (5293),3M Company,3M®,3M®,1700-1PK-BB40,,Electrical>Wire>Tape,"3M Company, 3M, Electrical Tape, 1700-1PK-BB40, 3/4x60, Material=Vinyl",ELECTRICAL TAPE VINYL,3M 1700-1PK-BB40 Electrical Tape,"3M, Electrical Tape, 3/4 in Width, 60 in",Electrical Tape,"Discover the 3M® Electrical Tape, engineered for outstanding performance and lasting durability. With a focus on quality and efficiency, this Electrical Tape is the perfect addition to any modern home.",,,,,,,,,,,,,,,,,,,,,,,,Electrical Tape,,Electrical Tape,Material,Vinyl,,Width,3/4 in,,length,60 in,,Color,Yellow,,,,,,,,,,,,,,,,,,,,,,,,,,,,,,,,,,,,,,,,,,,,,,,,,,,,,,,,,,,,,,,,,,,,,,,,,,,,,,,,,,,,,,,,,,,,,,,,,,,,,,,,,,,,,,,,,,,,,,,,,,,,,,,,,,,,,,,,,,,,,,,26121602,,,,,60 in,,,,3/4 in,,,,,,,,,,80%,No
,,,,,,,Building Materials,Caulks & Sealants,Sealants,,ASH-40-40-04,1.5x1.5x13' Legacy Emseal Tape,,,,Emseal Joint Systems Ltd (EMSJO),Emseal Joint Systems Ltd,Emseal Joint®,Emseal Joint®,ASH-40-40-04,,Building Materials & Hardscape>Caulks & Sealants>Sealants,"Emseal Joint Systems Ltd, Emseal Joint, Sealant Tape, ASH-40-40-04, 1.5x1.5x13",SEALANT TAPE 1.5X1.5X13,EMSEAL JOINT ASH-40-40-04 Sealant Tape,"EMSEAL JOINT, Sealant Tape, 3/2 in Width, 13 in Height, 3/2 in",Sealant Tape,"Discover the Emseal Joint® Sealant Tape, engineered for outstanding performance and lasting durability. With a focus on quality and efficiency, this Sealant Tape is the perfect addition to any modern home.",,,,,,,,,,,,,,,,,,,,,,,,Sealant Tape,,Sealant Tape,Nominal Size,5,,Width,3/2 in,,length,3/2 in,,Height,13 in,,Color,Yellow,,,,,,,,,,,,,,,,,,,,,,,,,,,,,,,,,,,,,,,,,,,,,,,,,,,,,,,,,,,,,,,,,,,,,,,,,,,,,,,,,,,,,,,,,,,,,,,,,,,,,,,,,,,,,,,,,,,,,,,,,,,,,,,,,,,,,,,,,,,,30131600,,,,,3/2 in,,13 in,,3/2 in,,,,,,,,,,75%,No
,,,,,,,Appliances,Kitchen Appliances,Built-In Dishwashers,,KDFM404KPS,KDFM404KPS Dishwasher SS,,,,Appliance Dealers Cooperative (APPDE),Whirlpool Corporation,KitchenAid®,KitchenAid®,KDFM404KPS,,Appliances & Consumer Electronics>Kitchen Appliances>Built-In Dishwashers,"Whirlpool Corporation, KitchenAid, Dishwasher, Kazak Series, KDFM404KPS",DISHWASHER SST 120V 15A 44DBA,KITCHENAID Kazak Series KDFM404KPS Dishwasher,"KITCHENAID, Dishwasher, Kazak Series, 120 Voltage, 15 Amperage, 24 Width, Stainless Steel Material, 44",Dishwasher,"Discover the KitchenAid® Dishwasher, engineered for outstanding performance and lasting durability. With a focus on quality and efficiency, this Dishwasher is the perfect addition to any modern home.",,,,,,,,,,,,,,,,,,,,,,,,Dishwasher,,Dishwasher,Color,SS,,Type,Dishwasher,,Voltage Rating,120,,Amperage Rating,15,,Sound Level,44,,Width,24,,material,Stainless Steel,,,,,,,,,,,,,,,,,,,,,,,,,,,,,,,,,,,,,,,,,,,,,,,,,,,,,,,,,,,,,,,,,,,,,,,,,,,,,,,,,,,,,,,,,,,,,,,,,,,,,,,,,,,,,,,,,,,,,,,,,,,,,,,,,,,,,,52141501,,,,,,,,,24,,,,,,,,,,75%,No
,,,,,,,Appliances,Kitchen Appliances,Built-In Dishwashers,,PDSH4816AF,PDSH4816AF Dishwasher SS - Display Only,,,,Appliance Dealers Cooperative (APPDE),Rheem Manufacturing,FRIGIDAIRE®,FRIGIDAIRE®,PDSH4816AF,,Appliances & Consumer Electronics>Kitchen Appliances>Built-In Dishwashers,"Rheem Manufacturing, Frigidaire, Dishwasher, Professional Series, PDSH4816AF",DISHWASHER LEG 5 SST 120V 15A 47DBA,FRIGIDAIRE Professional Series PDSH4816AF Dishwasher,"FRIGIDAIRE, Dishwasher, Professional Series, 5 Wash Cycles, 120 Voltage, 15 Amperage, Leg Mounting, 24 Width, 24-1/4 Depth, Stainless Steel Material, 47, 50-1/4",Dishwasher,"Discover the FRIGIDAIRE® Dishwasher, engineered for outstanding performance and lasting durability. With a focus on quality and efficiency, this Dishwasher is the perfect addition to any modern home.",,,,,,,,,,,,,,,,,,,,,,,,Dishwasher,,Dishwasher,Color,SS,,Type,Dishwasher,,Display Only,Display Only,,Voltage Rating,120,,Amperage Rating,15,,Sound Level,47,,Mounting Type,Leg,,Number of Wash Cycles,5,,Width,24,,Depth,24-1/4,,Depth With Door Open,50-1/4,,material,Stainless Steel,,,,,,,,,,,,,,,,,,,,,,,,,,,,,,,,,,,,,,,,,,,,,,,,,,,,,,,,,,,,,,,,,,,,,,,,,,,,,,,,,,,,,,,,,,,,,,,,,,,,,,,,,,,,,,,,,,,,,,,52141501,,,,,,,,,24,,,,,,,,,,85%,No
,,,,,,,Appliances,Kitchen Appliances,Built-In Dishwashers,,PDT715SYVFS,PDT715SYVFS Ge Dishwasher SS,,,,Appliance Dealers Cooperative (APPDE),GE Appliances,GE®,GE®,PDT715SYVFS,,Appliances & Consumer Electronics>Kitchen Appliances>Built-In Dishwashers,"GE Appliances, GE, Dishwasher, PDT715SYVFS, Color=SS, Type=Dishwasher",DISHWASHER SST 120V 15A 40DBA,GE PDT715SYVFS Dishwasher,"GE, Dishwasher, 120 Voltage, 15 Amperage, 24 Width, Stainless Steel Material, 40",Dishwasher,"Discover the GE® Dishwasher, engineered for outstanding performance and lasting durability. With a focus on quality and efficiency, this Dishwasher is the perfect addition to any modern home.",,,,,,,,,,,,,,,,,,,,,,,,Dishwasher,,Dishwasher,Color,SS,,Type,Dishwasher,,Voltage Rating,120,,Amperage Rating,15,,Sound Level,40,,Width,24,,material,Stainless Steel,,,,,,,,,,,,,,,,,,,,,,,,,,,,,,,,,,,,,,,,,,,,,,,,,,,,,,,,,,,,,,,,,,,,,,,,,,,,,,,,,,,,,,,,,,,,,,,,,,,,,,,,,,,,,,,,,,,,,,,,,,,,,,,,,,,,,,52141501,,,,,,,,,24,,,,,,,,,,85%,No
,,,,,,,Appliances,Kitchen Appliances,Built-In Dishwashers,,LDPH5554D,LDPH5554D LG Dishwasher BSS,,,,Appliance Dealers Cooperative (APPDE),LG Electronics,LG®,LG®,LDPH5554D,,Appliances & Consumer Electronics>Kitchen Appliances>Built-In Dishwashers,"LG Electronics, LG, Dishwasher, LDPH5554D, Color=BSS, Type=Dishwasher",DISHWASHER BSS 120V 10A 44DBA,LG LDPH5554D Dishwasher,"LG, Dishwasher, 120 Voltage, 10 Amperage, 24 Width, Stainless Steel Material, 44",Dishwasher,"Discover the LG® Dishwasher, engineered for outstanding performance and lasting durability. With a focus on quality and efficiency, this Dishwasher is the perfect addition to any modern home.",,,,,,,,,,,,,,,,,,,,,,,,Dishwasher,,Dishwasher,Color,BSS,,Type,Dishwasher,,Voltage Rating,120,,Amperage Rating,10,,Sound Level,44,,Width,24,,material,Stainless Steel,,,,,,,,,,,,,,,,,,,,,,,,,,,,,,,,,,,,,,,,,,,,,,,,,,,,,,,,,,,,,,,,,,,,,,,,,,,,,,,,,,,,,,,,,,,,,,,,,,,,,,,,,,,,,,,,,,,,,,,,,,,,,,,,,,,,,,52141501,,,,,,,,,24,,,,,,,,,,85%,No
,,,,,,,Appliances,Kitchen Appliances,Built-In Dishwashers,,WDTS7024RZ,WDTS7024RZ Dishwasher SS - Display Only,,,,Appliance Dealers Cooperative (APPDE),Whirlpool Corporation,Whirlpool®,Whirlpool®,WDTS7024RZ,,Appliances & Consumer Electronics>Kitchen Appliances>Built-In Dishwashers,"Whirlpool Corporation, Whirlpool, Dishwasher, Eco Series, WDTS7024RZ, Built-in",DISHWASHER BLTN SST 120V 10A 41DBA,WHIRLPOOL Eco Series WDTS7024RZ Dishwasher,"WHIRLPOOL, Dishwasher, Eco Series, 120 Voltage, 10 Amperage, Built-in Mounting, 24 Width, 22-5/8 Depth, Stainless Steel Material, 41, 50-3/16",Dishwasher,"Discover the Whirlpool® Dishwasher, engineered for outstanding performance and lasting durability. With a focus on quality and efficiency, this Dishwasher is the perfect addition to any modern home.",,,,,,,,,,,,,,,,,,,,,,,,Dishwasher,,Dishwasher,Color,SS,,Type,Dishwasher,,Display Only,Display Only,,Voltage Rating,120,,Amperage Rating,10,,Sound Level,41,,Mounting Type,Built-in,,Width,24,,Depth,22-5/8,,Depth With Door Open,50-3/16,,material,Stainless Steel,,,,,,,,,,,,,,,,,,,,,,,,,,,,,,,,,,,,,,,,,,,,,,,,,,,,,,,,,,,,,,,,,,,,,,,,,,,,,,,,,,,,,,,,,,,,,,,,,,,,,,,,,,,,,,,,,,,,,,,,,,52141501,,,,,,,,,24,,,,,,,,,,85%,No
,,,,,,,Appliances,Kitchen Appliances,Built-In Dishwashers,,PDD415PYYFS,PDD415PYYFS GE Dishwasher SS,,,,Appliance Dealers Cooperative (APPDE),GE Appliances,GE®,GE®,PDD415PYYFS,,Appliances & Consumer Electronics>Kitchen Appliances>Built-In Dishwashers,"GE Appliances, GE, Dishwasher, Professional Series, PDD415PYYFS",DISHWASHER SST 120V 15A 47DBA,GE Professional Series PDD415PYYFS Dishwasher,"GE, Dishwasher, Professional Series, 120 Voltage, 15 Amperage, 24 Width, Stainless Steel Material, 47",Dishwasher,"Discover the GE® Dishwasher, engineered for outstanding performance and lasting durability. With a focus on quality and efficiency, this Dishwasher is the perfect addition to any modern home.",,,,,,,,,,,,,,,,,,,,,,,,Dishwasher,,Dishwasher,Color,SS,,Type,Dishwasher,,Voltage Rating,120,,Amperage Rating,15,,Sound Level,47,,Width,24,,material,Stainless Steel,,,,,,,,,,,,,,,,,,,,,,,,,,,,,,,,,,,,,,,,,,,,,,,,,,,,,,,,,,,,,,,,,,,,,,,,,,,,,,,,,,,,,,,,,,,,,,,,,,,,,,,,,,,,,,,,,,,,,,,,,,,,,,,,,,,,,,52141501,,,,,,,,,24,,,,,,,,,,85%,No
,,,,,,,Appliances,Kitchen Appliances,Built-In Dishwashers,,KDTS424SBE,KDTS424SBE Kitchen Aid Dishwasher Bk,,,,Appliance Dealers Cooperative (APPDE),Whirlpool Corporation,KitchenAid®,KitchenAid®,KDTS424SBE,,Appliances & Consumer Electronics>Kitchen Appliances>Built-In Dishwashers,"Whirlpool Corporation, KitchenAid, Dishwasher, Kazak Series, KDTS424SBE",DISHWASHER BK 120V 15A 39DBA,KITCHENAID Kazak Series KDTS424SBE Dishwasher,"KITCHENAID, Dishwasher, Kazak Series, 120 Voltage, 15 Amperage, 24 Width, Stainless Steel Material, 39",Dishwasher,"Discover the KitchenAid® Dishwasher, engineered for outstanding performance and lasting durability. With a focus on quality and efficiency, this Dishwasher is the perfect addition to any modern home.",,,,,,,,,,,,,,,,,,,,,,,,Dishwasher,,Dishwasher,Color,Bk,,Type,Dishwasher,,Voltage Rating,120,,Amperage Rating,15,,Sound Level,39,,Width,24,,material,Stainless Steel,,,,,,,,,,,,,,,,,,,,,,,,,,,,,,,,,,,,,,,,,,,,,,,,,,,,,,,,,,,,,,,,,,,,,,,,,,,,,,,,,,,,,,,,,,,,,,,,,,,,,,,,,,,,,,,,,,,,,,,,,,,,,,,,,,,,,,52141501,,,,,,,,,24,,,,,,,,,,75%,No
,,,,,,,Appliances,Kitchen Appliances,Built-In Dishwashers,,KDTS324SPS,KDTS324SPS Kitchen Aid Dishwasher SS,,,,Appliance Dealers Cooperative (APPDE),Whirlpool Corporation,KitchenAid®,KitchenAid®,KDTS324SPS,,Appliances & Consumer Electronics>Kitchen Appliances>Built-In Dishwashers,"Whirlpool Corporation, KitchenAid, Dishwasher, Kazak Series, KDTS324SPS",DISHWASHER SST 120V 15A 39DBA,KITCHENAID Kazak Series KDTS324SPS Dishwasher,"KITCHENAID, Dishwasher, Kazak Series, 120 Voltage, 15 Amperage, 24 Width, Stainless Steel Material, 39",Dishwasher,"Discover the KitchenAid® Dishwasher, engineered for outstanding performance and lasting durability. With a focus on quality and efficiency, this Dishwasher is the perfect addition to any modern home.",,,,,,,,,,,,,,,,,,,,,,,,Dishwasher,,Dishwasher,Color,SS,,Type,Dishwasher,,Voltage Rating,120,,Amperage Rating,15,,Sound Level,39,,Width,24,,material,Stainless Steel,,,,,,,,,,,,,,,,,,,,,,,,,,,,,,,,,,,,,,,,,,,,,,,,,,,,,,,,,,,,,,,,,,,,,,,,,,,,,,,,,,,,,,,,,,,,,,,,,,,,,,,,,,,,,,,,,,,,,,,,,,,,,,,,,,,,,,52141501,,,,,,,,,24,,,,,,,,,,75%,No
,,,,,,,Appliances,Kitchen Appliances,Built-In Dishwashers,,KDPS624SJP,KDPS624SJP Dishwasher Juniper - Display Only,,,,Appliance Dealers Cooperative (APPDE),Whirlpool Corporation,KitchenAid®,KitchenAid®,KDPS624SJP,,Appliances & Consumer Electronics>Kitchen Appliances>Built-In Dishwashers,"Whirlpool Corporation, KitchenAid, Dishwasher, Kazak Series, KDPS624SJP",DISHWASHER 120V 15A 44DBA,KITCHENAID Kazak Series KDPS624SJP Dishwasher,"KITCHENAID, Dishwasher, Kazak Series, 120 Voltage, 15 Amperage, 24 Width, Stainless Steel Material, 44",Dishwasher,"Discover the KitchenAid® Dishwasher, engineered for outstanding performance and lasting durability. With a focus on quality and efficiency, this Dishwasher is the perfect addition to any modern home.",,,,,,,,,,,,,,,,,,,,,,,,Dishwasher,,Dishwasher,Type,Dishwasher,,Display Only,Display Only,,Voltage Rating,120,,Amperage Rating,15,,Sound Level,44,,Width,24,,material,Stainless Steel,,Color,Yellow,,,,,,,,,,,,,,,,,,,,,,,,,,,,,,,,,,,,,,,,,,,,,,,,,,,,,,,,,,,,,,,,,,,,,,,,,,,,,,,,,,,,,,,,,,,,,,,,,,,,,,,,,,,,,,,,,,,,,,,,,,,,,,,,,,,52141501,,,,,,,,,24,,,,,,,,,,75%,No
,,,,,,,Appliances,Kitchen Appliances,Built-In Dishwashers,,KDTS624SBE,KDTS624SBE Dishwasher BO Display Only,,,,Appliance Dealers Cooperative (APPDE),Whirlpool Corporation,KitchenAid®,KitchenAid®,KDTS624SBE,,Appliances & Consumer Electronics>Kitchen Appliances>Built-In Dishwashers,"Whirlpool Corporation, KitchenAid, Dishwasher, Kazak Series, KDTS624SBE",DISHWASHER BO 120V 15A 39DBA,KITCHENAID Kazak Series KDTS624SBE Dishwasher,"KITCHENAID, Dishwasher, Kazak Series, 120 Voltage, 15 Amperage, 24 Width, Stainless Steel Material, 39",Dishwasher,"Discover the KitchenAid® Dishwasher, engineered for outstanding performance and lasting durability. With a focus on quality and efficiency, this Dishwasher is the perfect addition to any modern home.",,,,,,,,,,,,,,,,,,,,,,,,Dishwasher,,Dishwasher,Color,BO,,Type,Dishwasher,,Display Only,Display Only,,Voltage Rating,120,,Amperage Rating,15,,Sound Level,39,,Width,24,,material,Stainless Steel,,,,,,,,,,,,,,,,,,,,,,,,,,,,,,,,,,,,,,,,,,,,,,,,,,,,,,,,,,,,,,,,,,,,,,,,,,,,,,,,,,,,,,,,,,,,,,,,,,,,,,,,,,,,,,,,,,,,,,,,,,,,,,,,,,,52141501,,,,,,,,,24,,,,,,,,,,75%,No
,,,,,,,Appliances,Heating & Cooling,Heaters,,D519127,D519127 Heater Kit,,,,V & V Appliance Parts Inc (VVAPP),V & V Appliance Parts Inc,V & V Appliance Parts®,V & V Appliance Parts®,D519127,,Appliances & Consumer Electronics>Heating & Cooling>Heaters,"V & V Appliance Parts Inc, V & V Appliance Parts, Heater Kit, D519127",HEATER KIT,V & V APPLIANCE PARTS D519127 Heater Kit,"V & V APPLIANCE PARTS, Heater Kit",Heater Kit,"Discover the V & V Appliance Parts® Heater Kit, engineered for outstanding performance and lasting durability. With a focus on quality and efficiency, this Heater Kit is the perfect addition to any modern home.",,,,,,,,,,,,,,,,,,,,,,,,Heater Kit,,Heater Kit,Pack Type,Kit,,Color,Yellow,,,,,,,,,,,,,,,,,,,,,,,,,,,,,,,,,,,,,,,,,,,,,,,,,,,,,,,,,,,,,,,,,,,,,,,,,,,,,,,,,,,,,,,,,,,,,,,,,,,,,,,,,,,,,,,,,,,,,,,,,,,,,,,,,,,,,,,,,,,,,,,,,,,,,52141701,,,,,,,,,,,,,,,,,,Short Description,65%,No
,,,,,,,Appliances,Kitchen Appliances,Dryers,,DF7004WE,DF7004WE Speed Queen Elect Dryer Wh,,,,Appliance Dealers Cooperative (APPDE),Alliance Laundry Systems,Speed Queen®,Speed Queen®,DF7004WE,,Appliances & Consumer Electronics>Kitchen Appliances>Dryers,"Alliance Laundry Systems, Speed Queen, Dryer, DF7004WE, Color=Wh, Type=Dryer",DRYER WH 240V 30A,SPEED QUEEN DF7004WE Dryer,"SPEED QUEEN, Dryer, 240 Voltage, 30 Amperage, 26 Width, 7.0 Capacity",Dryer,"Discover the Speed Queen® Dryer, engineered for outstanding performance and lasting durability. With a focus on quality and efficiency, this Dryer is the perfect addition to any modern home.",,,,,,,,,,,,,,,,,,,,,,,,Dryer,,Dryer,Color,Wh,,Type,Dryer,,Voltage Rating,240,,Amperage Rating,30,,Capacity,7.0,,Width,26,,,,,,,,,,,,,,,,,,,,,,,,,,,,,,,,,,,,,,,,,,,,,,,,,,,,,,,,,,,,,,,,,,,,,,,,,,,,,,,,,,,,,,,,,,,,,,,,,,,,,,,,,,,,,,,,,,,,,,,,,,,,,,,,,,,,,,,,,52141602,,,,,,,,,26,,,,,,,,,,85%,No
,,,,,,,Appliances,Kitchen Appliances,Dryers,,DR7004BE,DR7004BE SQ Elect Dryer Bk,,,,Appliance Dealers Cooperative (APPDE),Alliance Laundry Systems,Speed Queen®,Speed Queen®,DR7004BE,,Appliances & Consumer Electronics>Kitchen Appliances>Dryers,"Alliance Laundry Systems, Speed Queen, Dryer, DR7004BE, Color=Bk, Type=Dryer",DRYER BK 240V 30A,SPEED QUEEN DR7004BE Dryer,"SPEED QUEEN, Dryer, 240 Voltage, 30 Amperage, 26 Width, 7.0 Capacity",Dryer,"Discover the Speed Queen® Dryer, engineered for outstanding performance and lasting durability. With a focus on quality and efficiency, this Dryer is the perfect addition to any modern home.",,,,,,,,,,,,,,,,,,,,,,,,Dryer,,Dryer,Color,Bk,,Type,Dryer,,Voltage Rating,240,,Amperage Rating,30,,Capacity,7.0,,Width,26,,,,,,,,,,,,,,,,,,,,,,,,,,,,,,,,,,,,,,,,,,,,,,,,,,,,,,,,,,,,,,,,,,,,,,,,,,,,,,,,,,,,,,,,,,,,,,,,,,,,,,,,,,,,,,,,,,,,,,,,,,,,,,,,,,,,,,,,,52141602,,,,,,,,,26,,,,,,,,,,85%,No
,,,,,,,Appliances,Kitchen Appliances,Dryers,,DV2000WE,DV2000WE SQ Elect Dryer Wh,,,,Appliance Dealers Cooperative (APPDE),Alliance Laundry Systems,Speed Queen®,Speed Queen®,DV2000WE,,Appliances & Consumer Electronics>Kitchen Appliances>Dryers,"Alliance Laundry Systems, Speed Queen, Dryer, DV2000WE, Color=Wh, Type=Dryer",DRYER WH 240V 30A,SPEED QUEEN DV2000WE Dryer,"SPEED QUEEN, Dryer, 240 Voltage, 30 Amperage, 27 Width, 7.4 Capacity",Dryer,"Discover the Speed Queen® Dryer, engineered for outstanding performance and lasting durability. With a focus on quality and efficiency, this Dryer is the perfect addition to any modern home.",,,,,,,,,,,,,,,,,,,,,,,,Dryer,,Dryer,Color,Wh,,Type,Dryer,,Voltage Rating,240,,Amperage Rating,30,,Capacity,7.4,,Width,27,,,,,,,,,,,,,,,,,,,,,,,,,,,,,,,,,,,,,,,,,,,,,,,,,,,,,,,,,,,,,,,,,,,,,,,,,,,,,,,,,,,,,,,,,,,,,,,,,,,,,,,,,,,,,,,,,,,,,,,,,,,,,,,,,,,,,,,,,52141602,,,,,,,,,27,,,,,,,,,,85%,No
,,,,,,,Appliances,Kitchen Appliances,Dryers,,DC5004WE,DC5004WE SQ Elect Dryer Wh,,,,Appliance Dealers Cooperative (APPDE),Alliance Laundry Systems,Speed Queen®,Speed Queen®,DC5004WE,,Appliances & Consumer Electronics>Kitchen Appliances>Dryers,"Alliance Laundry Systems, Speed Queen, Dryer, DC5004WE, Color=Wh, Type=Dryer",DRYER WH 240V 30A,SPEED QUEEN DC5004WE Dryer,"SPEED QUEEN, Dryer, 240 Voltage, 30 Amperage, 26 Width, 7.0 Capacity",Dryer,"Discover the Speed Queen® Dryer, engineered for outstanding performance and lasting durability. With a focus on quality and efficiency, this Dryer is the perfect addition to any modern home.",,,,,,,,,,,,,,,,,,,,,,,,Dryer,,Dryer,Color,Wh,,Type,Dryer,,Voltage Rating,240,,Amperage Rating,30,,Capacity,7.0,,Width,26,,,,,,,,,,,,,,,,,,,,,,,,,,,,,,,,,,,,,,,,,,,,,,,,,,,,,,,,,,,,,,,,,,,,,,,,,,,,,,,,,,,,,,,,,,,,,,,,,,,,,,,,,,,,,,,,,,,,,,,,,,,,,,,,,,,,,,,,,52141602,,,,,,,,,26,,,,,,,,,,85%,No
,,,,,,,Appliances,Kitchen Appliances,Dryers,,DC5004BE,DC5004BE SQ Elect Dryer Bk,,,,Appliance Dealers Cooperative (APPDE),Alliance Laundry Systems,Speed Queen®,Speed Queen®,DC5004BE,,Appliances & Consumer Electronics>Kitchen Appliances>Dryers,"Alliance Laundry Systems, Speed Queen, Dryer, DC5004BE, Color=Bk, Type=Dryer",DRYER BK 240V 30A,SPEED QUEEN DC5004BE Dryer,"SPEED QUEEN, Dryer, 240 Voltage, 30 Amperage, 26 Width, 7.0 Capacity",Dryer,"Discover the Speed Queen® Dryer, engineered for outstanding performance and lasting durability. With a focus on quality and efficiency, this Dryer is the perfect addition to any modern home.",,,,,,,,,,,,,,,,,,,,,,,,Dryer,,Dryer,Color,Bk,,Type,Dryer,,Voltage Rating,240,,Amperage Rating,30,,Capacity,7.0,,Width,26,,,,,,,,,,,,,,,,,,,,,,,,,,,,,,,,,,,,,,,,,,,,,,,,,,,,,,,,,,,,,,,,,,,,,,,,,,,,,,,,,,,,,,,,,,,,,,,,,,,,,,,,,,,,,,,,,,,,,,,,,,,,,,,,,,,,,,,,,52141602,,,,,,,,,26,,,,,,,,,,85%,No
,,,,,,,Appliances,Laundry,Laundry Centers,,WKE100HWA,WKE100HWA LG Laundry Center Wh - Display,,,,Appliance Dealers Cooperative (APPDE),Whirlpool Corporation,Whirlpool®,Whirlpool®,WKE100HWA,,Appliances & Consumer Electronics>Laundry>Laundry Centers,"Whirlpool Corporation, Whirlpool, Laundry Center, WKE100HWA, Color=Wh",LAUNDRY CENTER WH,WHIRLPOOL WKE100HWA Laundry Center,"WHIRLPOOL, Laundry Center",Laundry Center,"Discover the Whirlpool® Laundry Center, engineered for outstanding performance and lasting durability. With a focus on quality and efficiency, this Laundry Center is the perfect addition to any modern home.",,,,,,,,,,,,,,,,,,,,,,,,Laundry Center,,Laundry Center,Color,Wh,,,,,,,,,,,,,,,,,,,,,,,,,,,,,,,,,,,,,,,,,,,,,,,,,,,,,,,,,,,,,,,,,,,,,,,,,,,,,,,,,,,,,,,,,,,,,,,,,,,,,,,,,,,,,,,,,,,,,,,,,,,,,,,,,,,,,,,,,,,,,,,,,,,,,,,,52141603,,,,,,,,,,,,,,,,,,,75%,No
,,,,,,,Fasteners,Washers,,,FF7011WN,FF7011WN Speed Queen Washer Wh,,,,Appliance Dealers Cooperative (APPDE),Alliance Laundry Systems,Speed Queen®,Speed Queen®,FF7011WN,,Fasteners>Washers,"Alliance Laundry Systems, Speed Queen, Washer, FF7011WN, Speed Queen Washer Wh",WASHER 120V 15A 26IN 3.5 YELLOW,SPEED QUEEN FF7011WN Washer,"SPEED QUEEN, Washer, 120 Voltage, 15 Amperage, 26 Width, 3.5 Capacity",Washer,"Discover the Speed Queen® Washer, engineered for outstanding performance and lasting durability. With a focus on quality and efficiency, this Washer is the perfect addition to any modern home.",,,,,,,,,,,,,,,,,,,,,,,,Washer,,Washer,Voltage Rating,120,,Amperage Rating,15,,Capacity,3.5,,Width,26,,Color,Yellow,,,,,,,,,,,,,,,,,,,,,,,,,,,,,,,,,,,,,,,,,,,,,,,,,,,,,,,,,,,,,,,,,,,,,,,,,,,,,,,,,,,,,,,,,,,,,,,,,,,,,,,,,,,,,,,,,,,,,,,,,,,,,,,,,,,,,,,,,,,,31161300,,,,,,,,,26,,,,,,,,,,75%,No
,,,,,,,Appliances,Kitchen Appliances,Dryers,,PTD70GBPTDG,PTD70GBPTDG GE Gas Dryer DG,,,,Appliance Dealers Cooperative (APPDE),GE Appliances,GE®,GE®,PTD70GBPTDG,,Appliances & Consumer Electronics>Kitchen Appliances>Dryers,"GE Appliances, GE, Dryer, PTD70GBPTDG, Color=DG, Type=Dryer, GE Gas Dryer DG",DRYER DG 240V 30A,GE PTD70GBPTDG Dryer,"GE, Dryer, 240 Voltage, 30 Amperage, 27 Width, 7.4 Capacity",Dryer,"Discover the GE® Dryer, engineered for outstanding performance and lasting durability. With a focus on quality and efficiency, this Dryer is the perfect addition to any modern home.",,,,,,,,,,,,,,,,,,,,,,,,Dryer,,Dryer,Color,DG,,Type,Dryer,,Voltage Rating,240,,Amperage Rating,30,,Capacity,7.4,,Width,27,,,,,,,,,,,,,,,,,,,,,,,,,,,,,,,,,,,,,,,,,,,,,,,,,,,,,,,,,,,,,,,,,,,,,,,,,,,,,,,,,,,,,,,,,,,,,,,,,,,,,,,,,,,,,,,,,,,,,,,,,,,,,,,,,,,,,,,,,52141602,,,,,,,,,27,,,,,,,,,,85%,No
,,,,,,,Appliances,Kitchen Appliances,Dryers,,PTD70GBSTWS,PTD70GBSTWS GE Gas Dryer Wh,,,,Appliance Dealers Cooperative (APPDE),GE Appliances,GE®,GE®,PTD70GBSTWS,,Appliances & Consumer Electronics>Kitchen Appliances>Dryers,"GE Appliances, GE, Dryer, PTD70GBSTWS, Color=Wh, Type=Dryer, GE Gas Dryer Wh",DRYER WH 240V 30A,GE PTD70GBSTWS Dryer,"GE, Dryer, 240 Voltage, 30 Amperage, 27 Width, 7.4 Capacity",Dryer,"Discover the GE® Dryer, engineered for outstanding performance and lasting durability. With a focus on quality and efficiency, this Dryer is the perfect addition to any modern home.",,,,,,,,,,,,,,,,,,,,,,,,Dryer,,Dryer,Color,Wh,,Type,Dryer,,Voltage Rating,240,,Amperage Rating,30,,Capacity,7.4,,Width,27,,,,,,,,,,,,,,,,,,,,,,,,,,,,,,,,,,,,,,,,,,,,,,,,,,,,,,,,,,,,,,,,,,,,,,,,,,,,,,,,,,,,,,,,,,,,,,,,,,,,,,,,,,,,,,,,,,,,,,,,,,,,,,,,,,,,,,,,,52141602,,,,,,,,,27,,,,,,,,,,85%,No
,,,,,,,Appliances,Kitchen Appliances,Dryers,,DR5004WG,DR5004WG SQ Gas Dryer Wh,,,,Appliance Dealers Cooperative (APPDE),Alliance Laundry Systems,Speed Queen®,Speed Queen®,DR5004WG,,Appliances & Consumer Electronics>Kitchen Appliances>Dryers,"Alliance Laundry Systems, Speed Queen, Dryer, DR5004WG, Color=Wh, Type=Dryer",DRYER WH 240V 30A,SPEED QUEEN DR5004WG Dryer,"SPEED QUEEN, Dryer, 240 Voltage, 30 Amperage, 26 Width, 7.0 Capacity",Dryer,"Discover the Speed Queen® Dryer, engineered for outstanding performance and lasting durability. With a focus on quality and efficiency, this Dryer is the perfect addition to any modern home.",,,,,,,,,,,,,,,,,,,,,,,,Dryer,,Dryer,Color,Wh,,Type,Dryer,,Voltage Rating,240,,Amperage Rating,30,,Capacity,7.0,,Width,26,,,,,,,,,,,,,,,,,,,,,,,,,,,,,,,,,,,,,,,,,,,,,,,,,,,,,,,,,,,,,,,,,,,,,,,,,,,,,,,,,,,,,,,,,,,,,,,,,,,,,,,,,,,,,,,,,,,,,,,,,,,,,,,,,,,,,,,,,52141602,,,,,,,,,26,,,,,,,,,,85%,No
,,,,,,,Appliances,Kitchen Appliances,Dryers,,DR7004BG,DR7004BG SQ Gas Dryer Bk,,,,Appliance Dealers Cooperative (APPDE),Alliance Laundry Systems,Speed Queen®,Speed Queen®,DR7004BG,,Appliances & Consumer Electronics>Kitchen Appliances>Dryers,"Alliance Laundry Systems, Speed Queen, Dryer, DR7004BG, Color=Bk, Type=Dryer",DRYER BK 240V 30A,SPEED QUEEN DR7004BG Dryer,"SPEED QUEEN, Dryer, 240 Voltage, 30 Amperage, 26 Width, 7.0 Capacity",Dryer,"Discover the Speed Queen® Dryer, engineered for outstanding performance and lasting durability. With a focus on quality and efficiency, this Dryer is the perfect addition to any modern home.",,,,,,,,,,,,,,,,,,,,,,,,Dryer,,Dryer,Color,Bk,,Type,Dryer,,Voltage Rating,240,,Amperage Rating,30,,Capacity,7.0,,Width,26,,,,,,,,,,,,,,,,,,,,,,,,,,,,,,,,,,,,,,,,,,,,,,,,,,,,,,,,,,,,,,,,,,,,,,,,,,,,,,,,,,,,,,,,,,,,,,,,,,,,,,,,,,,,,,,,,,,,,,,,,,,,,,,,,,,,,,,,,52141602,,,,,,,,,26,,,,,,,,,,85%,No
,,,,,,,Appliances,Kitchen Appliances,Dryers,,DR7004WG,DR7004WG SQ Gas Dryer Wh,,,,Appliance Dealers Cooperative (APPDE),Alliance Laundry Systems,Speed Queen®,Speed Queen®,DR7004WG,,Appliances & Consumer Electronics>Kitchen Appliances>Dryers,"Alliance Laundry Systems, Speed Queen, Dryer, DR7004WG, Color=Wh, Type=Dryer",DRYER WH 240V 30A,SPEED QUEEN DR7004WG Dryer,"SPEED QUEEN, Dryer, 240 Voltage, 30 Amperage, 26 Width, 7.0 Capacity",Dryer,"Discover the Speed Queen® Dryer, engineered for outstanding performance and lasting durability. With a focus on quality and efficiency, this Dryer is the perfect addition to any modern home.",,,,,,,,,,,,,,,,,,,,,,,,Dryer,,Dryer,Color,Wh,,Type,Dryer,,Voltage Rating,240,,Amperage Rating,30,,Capacity,7.0,,Width,26,,,,,,,,,,,,,,,,,,,,,,,,,,,,,,,,,,,,,,,,,,,,,,,,,,,,,,,,,,,,,,,,,,,,,,,,,,,,,,,,,,,,,,,,,,,,,,,,,,,,,,,,,,,,,,,,,,,,,,,,,,,,,,,,,,,,,,,,,52141602,,,,,,,,,26,,,,,,,,,,85%,No
,,,,,,,Appliances,Kitchen Appliances,Dryers,,DV2000WG,DV2000WG SQ Gas Dryer Wh,,,,Appliance Dealers Cooperative (APPDE),Alliance Laundry Systems,Speed Queen®,Speed Queen®,DV2000WG,,Appliances & Consumer Electronics>Kitchen Appliances>Dryers,"Alliance Laundry Systems, Speed Queen, Dryer, DV2000WG, Color=Wh, Type=Dryer",DRYER WH 240V 30A,SPEED QUEEN DV2000WG Dryer,"SPEED QUEEN, Dryer, 240 Voltage, 30 Amperage, 27 Width, 7.4 Capacity",Dryer,"Discover the Speed Queen® Dryer, engineered for outstanding performance and lasting durability. With a focus on quality and efficiency, this Dryer is the perfect addition to any modern home.",,,,,,,,,,,,,,,,,,,,,,,,Dryer,,Dryer,Color,Wh,,Type,Dryer,,Voltage Rating,240,,Amperage Rating,30,,Capacity,7.4,,Width,27,,,,,,,,,,,,,,,,,,,,,,,,,,,,,,,,,,,,,,,,,,,,,,,,,,,,,,,,,,,,,,,,,,,,,,,,,,,,,,,,,,,,,,,,,,,,,,,,,,,,,,,,,,,,,,,,,,,,,,,,,,,,,,,,,,,,,,,,,52141602,,,,,,,,,27,,,,,,,,,,85%,No
,,,,,,,Appliances,Kitchen Appliances,Dryers,,DC5004WG,DC5004WG SQ Gas Dryer Wh,,,,Appliance Dealers Cooperative (APPDE),Alliance Laundry Systems,Speed Queen®,Speed Queen®,DC5004WG,,Appliances & Consumer Electronics>Kitchen Appliances>Dryers,"Alliance Laundry Systems, Speed Queen, Dryer, DC5004WG, Color=Wh, Type=Dryer",DRYER WH 240V 30A,SPEED QUEEN DC5004WG Dryer,"SPEED QUEEN, Dryer, 240 Voltage, 30 Amperage, 26 Width, 7.0 Capacity",Dryer,"Discover the Speed Queen® Dryer, engineered for outstanding performance and lasting durability. With a focus on quality and efficiency, this Dryer is the perfect addition to any modern home.",,,,,,,,,,,,,,,,,,,,,,,,Dryer,,Dryer,Color,Wh,,Type,Dryer,,Voltage Rating,240,,Amperage Rating,30,,Capacity,7.0,,Width,26,,,,,,,,,,,,,,,,,,,,,,,,,,,,,,,,,,,,,,,,,,,,,,,,,,,,,,,,,,,,,,,,,,,,,,,,,,,,,,,,,,,,,,,,,,,,,,,,,,,,,,,,,,,,,,,,,,,,,,,,,,,,,,,,,,,,,,,,,52141602,,,,,,,,,26,,,,,,,,,,85%,No
,,,,,,,Appliances,Kitchen Appliances,Dryers,,DC5004BG,DC5004BG SQ Gas Dryer Bk,,,,Appliance Dealers Cooperative (APPDE),Alliance Laundry Systems,Speed Queen®,Speed Queen®,DC5004BG,,Appliances & Consumer Electronics>Kitchen Appliances>Dryers,"Alliance Laundry Systems, Speed Queen, Dryer, DC5004BG, Color=Bk, Type=Dryer",DRYER BK 240V 30A,SPEED QUEEN DC5004BG Dryer,"SPEED QUEEN, Dryer, 240 Voltage, 30 Amperage, 26 Width, 7.0 Capacity",Dryer,"Discover the Speed Queen® Dryer, engineered for outstanding performance and lasting durability. With a focus on quality and efficiency, this Dryer is the perfect addition to any modern home.",,,,,,,,,,,,,,,,,,,,,,,,Dryer,,Dryer,Color,Bk,,Type,Dryer,,Voltage Rating,240,,Amperage Rating,30,,Capacity,7.0,,Width,26,,,,,,,,,,,,,,,,,,,,,,,,,,,,,,,,,,,,,,,,,,,,,,,,,,,,,,,,,,,,,,,,,,,,,,,,,,,,,,,,,,,,,,,,,,,,,,,,,,,,,,,,,,,,,,,,,,,,,,,,,,,,,,,,,,,,,,,,,52141602,,,,,,,,,26,,,,,,,,,,85%,No
,,,,,,,Fasteners,Washers,,,PTW705BSTWS,PTW705BSTWS GE Washer Wh,,,,Appliance Dealers Cooperative (APPDE),GE Appliances,GE®,GE®,PTW705BSTWS,,Fasteners>Washers,"GE Appliances, GE, Washer, PTW705BSTWS, GE Washer Wh, Yellow",WASHER 120V 15A 27IN 4.8 YELLOW,GE PTW705BSTWS Washer,"GE, Washer, 120 Voltage, 15 Amperage, 27 Width, 4.8 Capacity",Washer,"Discover the GE® Washer, engineered for outstanding performance and lasting durability. With a focus on quality and efficiency, this Washer is the perfect addition to any modern home.",,,,,,,,,,,,,,,,,,,,,,,,Washer,,Washer,Voltage Rating,120,,Amperage Rating,15,,Capacity,4.8,,Width,27,,Color,Yellow,,,,,,,,,,,,,,,,,,,,,,,,,,,,,,,,,,,,,,,,,,,,,,,,,,,,,,,,,,,,,,,,,,,,,,,,,,,,,,,,,,,,,,,,,,,,,,,,,,,,,,,,,,,,,,,,,,,,,,,,,,,,,,,,,,,,,,,,,,,,31161300,,,,,,,,,27,,,,,,,,,,75%,No
,,,,,,,Fasteners,Washers,,,MVWP586GW,MVWP586GW Washer Wh - Display,,,,Appliance Dealers Cooperative (APPDE),Whirlpool Corporation,Maytag®,Maytag®,MVWP586GW,,Fasteners>Washers,"Whirlpool Corporation, Maytag, Washer, MVWP586GW, Washer Wh - Display, Yellow",WASHER 120V 15A 27IN 5.3 YELLOW,MAYTAG MVWP586GW Washer,"MAYTAG, Washer, 120 Voltage, 15 Amperage, 27 Width, 5.3 Capacity",Washer,"Discover the Maytag® Washer, engineered for outstanding performance and lasting durability. With a focus on quality and efficiency, this Washer is the perfect addition to any modern home.",,,,,,,,,,,,,,,,,,,,,,,,Washer,,Washer,Voltage Rating,120,,Amperage Rating,15,,Capacity,5.3,,Width,27,,Color,Yellow,,,,,,,,,,,,,,,,,,,,,,,,,,,,,,,,,,,,,,,,,,,,,,,,,,,,,,,,,,,,,,,,,,,,,,,,,,,,,,,,,,,,,,,,,,,,,,,,,,,,,,,,,,,,,,,,,,,,,,,,,,,,,,,,,,,,,,,,,,,,31161300,,,,,,,,,27,,,,,,,,,,75%,No
,,,,,,,Fasteners,Washers,,,TV2000WN,TV2000WN SQ Elect Washer,,,,Appliance Dealers Cooperative (APPDE),Alliance Laundry Systems,Speed Queen®,Speed Queen®,TV2000WN,,Fasteners>Washers,"Alliance Laundry Systems, Speed Queen, Washer, TV2000WN, SQ Elect Washer, Yellow",WASHER 120V 15A 26IN 3.5 YELLOW,SPEED QUEEN TV2000WN Washer,"SPEED QUEEN, Washer, 120 Voltage, 15 Amperage, 26 Width, 3.5 Capacity",Washer,"Discover the Speed Queen® Washer, engineered for outstanding performance and lasting durability. With a focus on quality and efficiency, this Washer is the perfect addition to any modern home.",,,,,,,,,,,,,,,,,,,,,,,,Washer,,Washer,Voltage Rating,120,,Amperage Rating,15,,Capacity,3.5,,Width,26,,Color,Yellow,,,,,,,,,,,,,,,,,,,,,,,,,,,,,,,,,,,,,,,,,,,,,,,,,,,,,,,,,,,,,,,,,,,,,,,,,,,,,,,,,,,,,,,,,,,,,,,,,,,,,,,,,,,,,,,,,,,,,,,,,,,,,,,,,,,,,,,,,,,,31161300,,,,,,,,,26,,,,,,,,,,75%,No
,,,,,,,Fasteners,Washers,,,TC5003BN,TC5003BN SQ Washer Bk,,,,Appliance Dealers Cooperative (APPDE),Alliance Laundry Systems,Speed Queen®,Speed Queen®,TC5003BN,,Fasteners>Washers,"Alliance Laundry Systems, Speed Queen, Washer, TC5003BN, SQ Washer Bk, Yellow",WASHER 120V 15A 26IN 3.2 YELLOW,SPEED QUEEN TC5003BN Washer,"SPEED QUEEN, Washer, 120 Voltage, 15 Amperage, 26 Width, 3.2 Capacity",Washer,"Discover the Speed Queen® Washer, engineered for outstanding performance and lasting durability. With a focus on quality and efficiency, this Washer is the perfect addition to any modern home.",,,,,,,,,,,,,,,,,,,,,,,,Washer,,Washer,Voltage Rating,120,,Amperage Rating,15,,Capacity,3.2,,Width,26,,Color,Yellow,,,,,,,,,,,,,,,,,,,,,,,,,,,,,,,,,,,,,,,,,,,,,,,,,,,,,,,,,,,,,,,,,,,,,,,,,,,,,,,,,,,,,,,,,,,,,,,,,,,,,,,,,,,,,,,,,,,,,,,,,,,,,,,,,,,,,,,,,,,,31161300,,,,,,,,,26,,,,,,,,,,75%,No
,,,,,,,Fasteners,Washers,,,TR7006WN,TR7006WN Speed Queen Washer Wh,,,,Appliance Dealers Cooperative (APPDE),Alliance Laundry Systems,Speed Queen®,Speed Queen®,TR7006WN,,Fasteners>Washers,"Alliance Laundry Systems, Speed Queen, Washer, TR7006WN, Speed Queen Washer Wh",WASHER 120V 15A 26IN 3.5 YELLOW,SPEED QUEEN TR7006WN Washer,"SPEED QUEEN, Washer, 120 Voltage, 15 Amperage, 26 Width, 3.5 Capacity",Washer,"Discover the Speed Queen® Washer, engineered for outstanding performance and lasting durability. With a focus on quality and efficiency, this Washer is the perfect addition to any modern home.",,,,,,,,,,,,,,,,,,,,,,,,Washer,,Washer,Voltage Rating,120,,Amperage Rating,15,,Capacity,3.5,,Width,26,,Color,Yellow,,,,,,,,,,,,,,,,,,,,,,,,,,,,,,,,,,,,,,,,,,,,,,,,,,,,,,,,,,,,,,,,,,,,,,,,,,,,,,,,,,,,,,,,,,,,,,,,,,,,,,,,,,,,,,,,,,,,,,,,,,,,,,,,,,,,,,,,,,,,31161300,,,,,,,,,26,,,,,,,,,,75%,No
,,,,,,,Fasteners,Washers,,,TR7006BN,TR7006BN Speed Queen Washer Bk,,,,Appliance Dealers Cooperative (APPDE),Alliance Laundry Systems,Speed Queen®,Speed Queen®,TR7006BN,,Fasteners>Washers,"Alliance Laundry Systems, Speed Queen, Washer, TR7006BN, Speed Queen Washer Bk",WASHER 120V 15A 26IN 3.5 YELLOW,SPEED QUEEN TR7006BN Washer,"SPEED QUEEN, Washer, 120 Voltage, 15 Amperage, 26 Width, 3.5 Capacity",Washer,"Discover the Speed Queen® Washer, engineered for outstanding performance and lasting durability. With a focus on quality and efficiency, this Washer is the perfect addition to any modern home.",,,,,,,,,,,,,,,,,,,,,,,,Washer,,Washer,Voltage Rating,120,,Amperage Rating,15,,Capacity,3.5,,Width,26,,Color,Yellow,,,,,,,,,,,,,,,,,,,,,,,,,,,,,,,,,,,,,,,,,,,,,,,,,,,,,,,,,,,,,,,,,,,,,,,,,,,,,,,,,,,,,,,,,,,,,,,,,,,,,,,,,,,,,,,,,,,,,,,,,,,,,,,,,,,,,,,,,,,,31161300,,,,,,,,,26,,,,,,,,,,75%,No
,,,,,,,Fasteners,Washers,,,TR5006WN,TR5006WN Speed Queen Washer Wh,,,,Appliance Dealers Cooperative (APPDE),Alliance Laundry Systems,Speed Queen®,Speed Queen®,TR5006WN,,Fasteners>Washers,"Alliance Laundry Systems, Speed Queen, Washer, TR5006WN, Speed Queen Washer Wh",WASHER 120V 15A 26IN 3.5 YELLOW,SPEED QUEEN TR5006WN Washer,"SPEED QUEEN, Washer, 120 Voltage, 15 Amperage, 26 Width, 3.5 Capacity",Washer,"Discover the Speed Queen® Washer, engineered for outstanding performance and lasting durability. With a focus on quality and efficiency, this Washer is the perfect addition to any modern home.",,,,,,,,,,,,,,,,,,,,,,,,Washer,,Washer,Voltage Rating,120,,Amperage Rating,15,,Capacity,3.5,,Width,26,,Color,Yellow,,,,,,,,,,,,,,,,,,,,,,,,,,,,,,,,,,,,,,,,,,,,,,,,,,,,,,,,,,,,,,,,,,,,,,,,,,,,,,,,,,,,,,,,,,,,,,,,,,,,,,,,,,,,,,,,,,,,,,,,,,,,,,,,,,,,,,,,,,,,31161300,,,,,,,,,26,,,,,,,,,,75%,No
,,,,,,,Safety,Body Protection,Knee Pads,,05134545001,9516 Kneeling Pad& Bttl Opener,,,,Wera Tools NA Inc (WERTO),Wera Tool Holding,Wera®,Wera®,05134545001,,Safety>Body Protection>Knee Pads,"Wera®, Knee Pads, Yellow, 9516 Kneeling Pad& Bttl Opener, 05134545001",KNEE PADS,WERA 05134545001 Knee Pads,"WERA, Knee Pads",Knee Pads,"Discover the Wera® Knee Pads, engineered for outstanding performance and lasting durability. With a focus on quality and efficiency, this Knee Pads is the perfect addition to any modern home.",,,,,,,,,,,,,,,,,,,,,,,,Knee Pads,,Knee Pads,Size,l,,Color,Yellow,,,,,,,,,,,,,,,,,,,,,,,,,,,,,,,,,,,,,,,,,,,,,,,,,,,,,,,,,,,,,,,,,,,,,,,,,,,,,,,,,,,,,,,,,,,,,,,,,,,,,,,,,,,,,,,,,,,,,,,,,,,,,,,,,,,,,,,,,,,,,,,,,,,,,46182001,,,,,,,,,,,,,,,,,,,75%,No
,,,,,,,Automotive,Tire,Accessories,,LNL65301,LNL65301 Digital Tire Pressure - Inflator Gauge,,,,,,,,LNL65301,,Automotive>Tire>Accessories,"Tire Gauge, LNL65301, Digital Tire Pressure - Inflator Gauge, Yellow",TIRE GAUGE,LNL65301 Tire Gauge With Digital,"Tire Gauge, With Digital","Tire Gauge, Digital","Upgrade your home with the  Tire Gauge, designed to deliver exceptional performance and reliability. Featuring Digital, this Tire Gauge combines innovative technology with sleek design to meet your everyday needs.",Digital,,,,,,,,,,,,,,,,,,,,With Digital,,,Tire Gauge,,Tire Gauge,Color,Yellow,,Feature,Digital,,,,,,,,,,,,,,,,,,,,,,,,,,,,,,,,,,,,,,,,,,,,,,,,,,,,,,,,,,,,,,,,,,,,,,,,,,,,,,,,,,,,,,,,,,,,,,,,,,,,,,,,,,,,,,,,,,,,,,,,,,,,,,,,,,,,,,,,,,,,,,,,,,,,,48100000,,,,,,,,,,,,,,,,,,No Brand Found + Low Confidence,55%,No
,,,,,,,Building Materials,Concrete & Masonry,Mortar,,25-A,Charcoal Black 25-A Mortar - Type N,,,,Rees Cast Stone Company (REECA),Milwaukee Tool,Milwaukee®,Milwaukee®,25-A,,Building Materials & Hardscape>Concrete & Masonry>Mortar,"Milwaukee Tool, Milwaukee, Mortar, 25-A, Color=Black",MORTAR BLACK,MILWAUKEE 25-A Mortar,"MILWAUKEE, Mortar",Mortar,"Discover the Milwaukee® Mortar, engineered for outstanding performance and lasting durability. With a focus on quality and efficiency, this Mortar is the perfect addition to any modern home.",,,,,,,,,,,,,,,,,,,,,,,,Mortar,,Mortar,Color,Black,,,,,,,,,,,,,,,,,,,,,,,,,,,,,,,,,,,,,,,,,,,,,,,,,,,,,,,,,,,,,,,,,,,,,,,,,,,,,,,,,,,,,,,,,,,,,,,,,,,,,,,,,,,,,,,,,,,,,,,,,,,,,,,,,,,,,,,,,,,,,,,,,,,,,,,,30140100,,,,,,,,,,,,,,,,,,,68%,No
,,,,,,,Building Materials,Concrete & Masonry,Mortar,,38-E,Dark Chocolate 38-E Mortar - Type N,,,,Rees Cast Stone Company (REECA),Channellock Inc,Channellock®,Channellock®,38-E,,Building Materials & Hardscape>Concrete & Masonry>Mortar,"Channellock Inc, Channellock, Mortar, 38-E, Color=Chocolate",MORTAR CHOCOL,CHANNELLOCK 38-E Mortar,"CHANNELLOCK, Mortar",Mortar,"Discover the Channellock® Mortar, engineered for outstanding performance and lasting durability. With a focus on quality and efficiency, this Mortar is the perfect addition to any modern home.",,,,,,,,,,,,,,,,,,,,,,,,Mortar,,Mortar,Color,Chocolate,,,,,,,,,,,,,,,,,,,,,,,,,,,,,,,,,,,,,,,,,,,,,,,,,,,,,,,,,,,,,,,,,,,,,,,,,,,,,,,,,,,,,,,,,,,,,,,,,,,,,,,,,,,,,,,,,,,,,,,,,,,,,,,,,,,,,,,,,,,,,,,,,,,,,,,,30140100,,,,,,,,,,,,,,,,,,,68%,No
,,,,,,,Building Materials,Concrete & Masonry,Mortar,,59-J,Light Buff 59-J Mortar - Type N,,,,Rees Cast Stone Company (REECA),Masco Corporation,Delta®,Delta®,59-J,,Building Materials & Hardscape>Concrete & Masonry>Mortar,"Masco Corporation, Delta, Mortar, 59-J, Light Buff 59-J Mortar - Type N, Yellow",MORTAR YELLOW,DELTA 59-J Mortar,"DELTA, Mortar",Mortar,"Discover the Delta® Mortar, engineered for outstanding performance and lasting durability. With a focus on quality and efficiency, this Mortar is the perfect addition to any modern home.",,,,,,,,,,,,,,,,,,,,,,,,Mortar,,Mortar,Color,Yellow,,,,,,,,,,,,,,,,,,,,,,,,,,,,,,,,,,,,,,,,,,,,,,,,,,,,,,,,,,,,,,,,,,,,,,,,,,,,,,,,,,,,,,,,,,,,,,,,,,,,,,,,,,,,,,,,,,,,,,,,,,,,,,,,,,,,,,,,,,,,,,,,,,,,,,,,30140100,,,,,,,,,,,,,,,,,,,65%,No
,,,,,,,Building Materials,Concrete & Masonry,Mortar,,44-A,Light Chocolate 44-A Mortar - Type N,,,,Rees Cast Stone Company (REECA),Milwaukee Tool,Milwaukee®,Milwaukee®,44-A,,Building Materials & Hardscape>Concrete & Masonry>Mortar,"Milwaukee Tool, Milwaukee, Mortar, 44-A, Color=Chocolate",MORTAR CHOCOL,MILWAUKEE 44-A Mortar,"MILWAUKEE, Mortar",Mortar,"Discover the Milwaukee® Mortar, engineered for outstanding performance and lasting durability. With a focus on quality and efficiency, this Mortar is the perfect addition to any modern home.",,,,,,,,,,,,,,,,,,,,,,,,Mortar,,Mortar,Color,Chocolate,,,,,,,,,,,,,,,,,,,,,,,,,,,,,,,,,,,,,,,,,,,,,,,,,,,,,,,,,,,,,,,,,,,,,,,,,,,,,,,,,,,,,,,,,,,,,,,,,,,,,,,,,,,,,,,,,,,,,,,,,,,,,,,,,,,,,,,,,,,,,,,,,,,,,,,,30140100,,,,,,,,,,,,,,,,,,,68%,No
,,,,,,,Decking,Decking,Railing,,543302126,6' Wh Select T-Rail Kit Horiz - w/Sq Composite Balusters,TREX,,,U S Lumber (3073),U S Lumber,Trex®,Trex®,543302126,,Building Materials & Hardscape>Decking>Railing>Railing Kits,"U S Lumber, Trex, Railing Kit, 543302126, Material=Composite, Style=Select",RAILING KIT COMPOS,TREX 543302126 Railing Kit,"TREX, Railing Kit",Railing Kit,"Discover the Trex® Railing Kit, engineered for outstanding performance and lasting durability. With a focus on quality and efficiency, this Railing Kit is the perfect addition to any modern home.",,,,,,,,,,,,,,,,,,,,,,,,Railing Kit,,Railing Kit,Material,Composite,,Style,Select,,Series,Wh,,Pack Type,Kit,,Color,Yellow,,,,,,,,,,,,,,,,,,,,,,,,,,,,,,,,,,,,,,,,,,,,,,,,,,,,,,,,,,,,,,,,,,,,,,,,,,,,,,,,,,,,,,,,,,,,,,,,,,,,,,,,,,,,,,,,,,,,,,,,,,,,,,,,,,,,,,,,,,,,30161801,,,,,,,,,,,,,,,,,,,85%,No
,,,,,,,Decking,Decking,Railing,,543302146,8' Wh Select T-Rail Kit Horiz - w/Sq Composite Balusters,TREX,,,U S Lumber (3073),U S Lumber,Trex®,Trex®,543302146,,Building Materials & Hardscape>Decking>Railing>Railing Kits,"U S Lumber, Trex, Railing Kit, 543302146, Material=Composite, Style=Select",RAILING KIT COMPOS,TREX 543302146 Railing Kit,"TREX, Railing Kit",Railing Kit,"Discover the Trex® Railing Kit, engineered for outstanding performance and lasting durability. With a focus on quality and efficiency, this Railing Kit is the perfect addition to any modern home.",,,,,,,,,,,,,,,,,,,,,,,,Railing Kit,,Railing Kit,Material,Composite,,Style,Select,,Series,Wh,,Pack Type,Kit,,Color,Yellow,,,,,,,,,,,,,,,,,,,,,,,,,,,,,,,,,,,,,,,,,,,,,,,,,,,,,,,,,,,,,,,,,,,,,,,,,,,,,,,,,,,,,,,,,,,,,,,,,,,,,,,,,,,,,,,,,,,,,,,,,,,,,,,,,,,,,,,,,,,,30161801,,,,,,,,,,,,,,,,,,,85%,No
,,,,,,,Decking,Decking,Railing,,73019603,Finyline Wh 6' Fl Rail Kit Sq,,,,,,,,73019603,,Building Materials & Hardscape>Decking>Railing>Railing Kits,"Railing Kit, 73019603, Pack Type=Kit, Finyline Wh 6' Fl Rail Kit Sq, Yellow",RAILING KIT,73019603 Railing Kit,Railing Kit,Railing Kit,"Discover the  Railing Kit, engineered for outstanding performance and lasting durability. With a focus on quality and efficiency, this Railing Kit is the perfect addition to any modern home.",,,,,,,,,,,,,,,,,,,,,,,,Railing Kit,,Railing Kit,Pack Type,Kit,,Color,Yellow,,,,,,,,,,,,,,,,,,,,,,,,,,,,,,,,,,,,,,,,,,,,,,,,,,,,,,,,,,,,,,,,,,,,,,,,,,,,,,,,,,,,,,,,,,,,,,,,,,,,,,,,,,,,,,,,,,,,,,,,,,,,,,,,,,,,,,,,,,,,,,,,,,,,,30161801,,,,,,,,,,,,,,,,,,No Brand Found + Low Confidence,55%,No
,,,,,,,Decking,Decking,Railing,,73019652,Finyline Wh 8' Fl Rail Kit Sq,,,,,,,,73019652,,Building Materials & Hardscape>Decking>Railing>Railing Kits,"Railing Kit, 73019652, Pack Type=Kit, Finyline Wh 8' Fl Rail Kit Sq, Yellow",RAILING KIT,73019652 Railing Kit,Railing Kit,Railing Kit,"Discover the  Railing Kit, engineered for outstanding performance and lasting durability. With a focus on quality and efficiency, this Railing Kit is the perfect addition to any modern home.",,,,,,,,,,,,,,,,,,,,,,,,Railing Kit,,Railing Kit,Pack Type,Kit,,Color,Yellow,,,,,,,,,,,,,,,,,,,,,,,,,,,,,,,,,,,,,,,,,,,,,,,,,,,,,,,,,,,,,,,,,,,,,,,,,,,,,,,,,,,,,,,,,,,,,,,,,,,,,,,,,,,,,,,,,,,,,,,,,,,,,,,,,,,,,,,,,,,,,,,,,,,,,30161801,,,,,,,,,,,,,,,,,,No Brand Found + Low Confidence,55%,No
,,,,,,,Decking,Decking,Railing,,73019517,Finyline Wh 10' Fl Rail Kit Sq,,,,,,,,73019517,,Building Materials & Hardscape>Decking>Railing>Railing Kits,"Railing Kit, 73019517, Pack Type=Kit, Finyline Wh 10' Fl Rail Kit Sq, Yellow",RAILING KIT,73019517 Railing Kit,Railing Kit,Railing Kit,"Discover the  Railing Kit, engineered for outstanding performance and lasting durability. With a focus on quality and efficiency, this Railing Kit is the perfect addition to any modern home.",,,,,,,,,,,,,,,,,,,,,,,,Railing Kit,,Railing Kit,Pack Type,Kit,,Color,Yellow,,,,,,,,,,,,,,,,,,,,,,,,,,,,,,,,,,,,,,,,,,,,,,,,,,,,,,,,,,,,,,,,,,,,,,,,,,,,,,,,,,,,,,,,,,,,,,,,,,,,,,,,,,,,,,,,,,,,,,,,,,,,,,,,,,,,,,,,,,,,,,,,,,,,,30161801,,,,,,,,,,,,,,,,,,No Brand Found + Low Confidence,55%,No
,,,,,,,Decking,Decking,Railing,,73019602,Finyline Wh 6' Fl Rail Kit Rd - w/Black Alum Balusters,,,,,,,,73019602,,Building Materials & Hardscape>Decking>Railing>Railing Kits,"Railing Kit, Aluminum, White, Finyline 6' Fl Rd - w/Black Balusters",RAILING KIT BLACK,73019602 Railing Kit,Railing Kit,Railing Kit,"Discover the  Railing Kit, engineered for outstanding performance and lasting durability. With a focus on quality and efficiency, this Railing Kit is the perfect addition to any modern home.",,,,,,,,,,,,,,,,,,,,,,,,Railing Kit,,Railing Kit,Color,Black,,Pack Type,Kit,,Material,Aluminum,,,,,,,,,,,,,,,,,,,,,,,,,,,,,,,,,,,,,,,,,,,,,,,,,,,,,,,,,,,,,,,,,,,,,,,,,,,,,,,,,,,,,,,,,,,,,,,,,,,,,,,,,,,,,,,,,,,,,,,,,,,,,,,,,,,,,,,,,,,,,,,,,,30161801,,,,,,,,,,,,,,,,,,No Brand Found,60%,No
,,,,,,,Decking,Decking,Railing,,73019651,Finyline Wh 8' Fl Rail Kit Rd - w/Black Alum Balusters,,,,,,,,73019651,,Building Materials & Hardscape>Decking>Railing>Railing Kits,"Railing Kit, Aluminum, White, Finyline 8' Fl Rd - w/Black Balusters",RAILING KIT BLACK,73019651 Railing Kit,Railing Kit,Railing Kit,"Discover the  Railing Kit, engineered for outstanding performance and lasting durability. With a focus on quality and efficiency, this Railing Kit is the perfect addition to any modern home.",,,,,,,,,,,,,,,,,,,,,,,,Railing Kit,,Railing Kit,Color,Black,,Pack Type,Kit,,Material,Aluminum,,,,,,,,,,,,,,,,,,,,,,,,,,,,,,,,,,,,,,,,,,,,,,,,,,,,,,,,,,,,,,,,,,,,,,,,,,,,,,,,,,,,,,,,,,,,,,,,,,,,,,,,,,,,,,,,,,,,,,,,,,,,,,,,,,,,,,,,,,,,,,,,,,30161801,,,,,,,,,,,,,,,,,,No Brand Found,60%,No
,,,,,,,Decking,Decking,Railing,,73019516,Finyline Wh 10' Fl Rail Kit Rd - w/Black Alum Balusters,,,,,,,,73019516,,Building Materials & Hardscape>Decking>Railing>Railing Kits,"Railing Kit, Aluminum, White, Finyline 10' Fl Rd - w/Black Balusters",RAILING KIT BLACK,73019516 Railing Kit,Railing Kit,Railing Kit,"Discover the  Railing Kit, engineered for outstanding performance and lasting durability. With a focus on quality and efficiency, this Railing Kit is the perfect addition to any modern home.",,,,,,,,,,,,,,,,,,,,,,,,Railing Kit,,Railing Kit,Color,Black,,Pack Type,Kit,,Material,Aluminum,,,,,,,,,,,,,,,,,,,,,,,,,,,,,,,,,,,,,,,,,,,,,,,,,,,,,,,,,,,,,,,,,,,,,,,,,,,,,,,,,,,,,,,,,,,,,,,,,,,,,,,,,,,,,,,,,,,,,,,,,,,,,,,,,,,,,,,,,,,,,,,,,,30161801,,,,,,,,,,,,,,,,,,No Brand Found,60%,No
,,,,,,,Decking,Decking,Railing,,543300256,6' Black Select Classic Horiz - Rail w/Rnd Black Alum Baluster,TREX,,,Boise Cascade Building Materials (BOICA),Boise Cascade Building Materials,Trex®,Trex®,543300256,,Building Materials & Hardscape>Decking>Railing>Balusters,"Boise Cascade Building Materials, Trex, Baluster, 543300256, Color=Black",BALUSTER BLACK,TREX 543300256 Baluster,"TREX, Baluster",Baluster,"Discover the Trex® Baluster, engineered for outstanding performance and lasting durability. With a focus on quality and efficiency, this Baluster is the perfect addition to any modern home.",,,,,,,,,,,,,,,,,,,,,,,,Baluster,,Baluster,Color,Black,,Style,Select,,Series,Black,,Material,Aluminum,,,,,,,,,,,,,,,,,,,,,,,,,,,,,,,,,,,,,,,,,,,,,,,,,,,,,,,,,,,,,,,,,,,,,,,,,,,,,,,,,,,,,,,,,,,,,,,,,,,,,,,,,,,,,,,,,,,,,,,,,,,,,,,,,,,,,,,,,,,,,,,30161804,,,,,,,,,,,,,,,,,,,80%,No
,,,,,,,Decking,Decking,Railing,,543300276,8' Black Select Classic Horiz - Rail w/Rnd Black Alum Baluster,TREX,,,Boise Cascade Building Materials (BOICA),Boise Cascade Building Materials,Trex®,Trex®,543300276,,Building Materials & Hardscape>Decking>Railing>Balusters,"Boise Cascade Building Materials, Trex, Baluster, 543300276, Color=Black",BALUSTER BLACK,TREX 543300276 Baluster,"TREX, Baluster",Baluster,"Discover the Trex® Baluster, engineered for outstanding performance and lasting durability. With a focus on quality and efficiency, this Baluster is the perfect addition to any modern home.",,,,,,,,,,,,,,,,,,,,,,,,Baluster,,Baluster,Color,Black,,Style,Select,,Series,Black,,Material,Aluminum,,,,,,,,,,,,,,,,,,,,,,,,,,,,,,,,,,,,,,,,,,,,,,,,,,,,,,,,,,,,,,,,,,,,,,,,,,,,,,,,,,,,,,,,,,,,,,,,,,,,,,,,,,,,,,,,,,,,,,,,,,,,,,,,,,,,,,,,,,,,,,,30161804,,,,,,,,,,,,,,,,,,,80%,No
,,,,,,,Decking,Decking,Railing,,73045028,Custom Finyline Wh Gate Sq Bal,,,,,,,,73045028,,Building Materials & Hardscape>Decking>Railing>Railing Kits,"Railing Kit, 73045028, Custom Finyline Wh Gate Sq Bal, Yellow",RAILING KIT,73045028 Railing Kit,Railing Kit,Railing Kit,"Discover the  Railing Kit, engineered for outstanding performance and lasting durability. With a focus on quality and efficiency, this Railing Kit is the perfect addition to any modern home.",,,,,,,,,,,,,,,,,,,,,,,,Railing Kit,,Railing Kit,Color,Yellow,,,,,,,,,,,,,,,,,,,,,,,,,,,,,,,,,,,,,,,,,,,,,,,,,,,,,,,,,,,,,,,,,,,,,,,,,,,,,,,,,,,,,,,,,,,,,,,,,,,,,,,,,,,,,,,,,,,,,,,,,,,,,,,,,,,,,,,,,,,,,,,,,,,,,,,,30161801,,,,,,,,,,,,,,,,,,No Brand Found + Low Confidence,55%,No
,,,,,,,Decking,Decking,Railing,,73045031,Custom Finyline Wh Gate Rd - w/Black Alum Balusters,,,,,,,,73045031,,Building Materials & Hardscape>Decking>Railing>Balusters,"Baluster, 73045031, Color=Black, Custom Finyline Wh Gate Rd - w/Black Alu, White",BALUSTER BLACK,73045031 Baluster,Baluster,Baluster,"Discover the  Baluster, engineered for outstanding performance and lasting durability. With a focus on quality and efficiency, this Baluster is the perfect addition to any modern home.",,,,,,,,,,,,,,,,,,,,,,,,Baluster,,Baluster,Color,Black,,Material,Aluminum,,,,,,,,,,,,,,,,,,,,,,,,,,,,,,,,,,,,,,,,,,,,,,,,,,,,,,,,,,,,,,,,,,,,,,,,,,,,,,,,,,,,,,,,,,,,,,,,,,,,,,,,,,,,,,,,,,,,,,,,,,,,,,,,,,,,,,,,,,,,,,,,,,,,,30161804,,,,,,,,,,,,,,,,,,No Brand Found + Low Confidence,55%,No
,,,,,,,Electrical,Panels,,,543340126,"6'x36"" Select Alm w/Sq Bal Hor - Assembled Black Rail Panel",TREX,,,Boise Cascade Building Materials (BOICA),Boise Cascade Building Materials,Trex®,Trex®,543340126,,Electrical>Panels,"Boise Cascade Building Materials, Trex, Electrical Panel, 543340126, 6'x36",ELECTRICAL PANEL BLACK 6FTX36,TREX 543340126 Electrical Panel With LED,"TREX, Electrical Panel, With LED, 6 ft Width, 36 ft","Electrical Panel, LED","Upgrade your home with the Trex® Electrical Panel, designed to deliver exceptional performance and reliability. Featuring LED, this Electrical Panel combines innovative technology with sleek design to meet your everyday needs.",LED,,,,,,,,,,,,,,,,,,,,With LED,,,Electrical Panel,,Electrical Panel,Color,Black,,Width,6 ft,,length,36 ft,,Feature,LED,,,,,,,,,,,,,,,,,,,,,,,,,,,,,,,,,,,,,,,,,,,,,,,,,,,,,,,,,,,,,,,,,,,,,,,,,,,,,,,,,,,,,,,,,,,,,,,,,,,,,,,,,,,,,,,,,,,,,,,,,,,,,,,,,,,,,,,,,,,,,,,39121601,,,,,36 ft,,,,6 ft,,,,,,,,,,70%,No
,,,,,,,Electrical,Panels,,,543340127,"6'x36"" Select Alm w/Sq Bal Str - Assembled Black Rail Panel",TREX,,,Boise Cascade Building Materials (BOICA),Boise Cascade Building Materials,Trex®,Trex®,543340127,,Electrical>Panels,"Boise Cascade Building Materials, Trex, Electrical Panel, 543340127, 6'x36",ELECTRICAL PANEL BLACK 6FTX36,TREX 543340127 Electrical Panel With LED,"TREX, Electrical Panel, With LED, 6 ft Width, 36 ft","Electrical Panel, LED","Upgrade your home with the Trex® Electrical Panel, designed to deliver exceptional performance and reliability. Featuring LED, this Electrical Panel combines innovative technology with sleek design to meet your everyday needs.",LED,,,,,,,,,,,,,,,,,,,,With LED,,,Electrical Panel,,Electrical Panel,Color,Black,,Width,6 ft,,length,36 ft,,Feature,LED,,,,,,,,,,,,,,,,,,,,,,,,,,,,,,,,,,,,,,,,,,,,,,,,,,,,,,,,,,,,,,,,,,,,,,,,,,,,,,,,,,,,,,,,,,,,,,,,,,,,,,,,,,,,,,,,,,,,,,,,,,,,,,,,,,,,,,,,,,,,,,,39121601,,,,,36 ft,,,,6 ft,,,,,,,,,,70%,No
,,,,,,,Electrical,Panels,,,543340146,"8'x36"" Select Alm w/Sq Bal Hor - Assembled Black Rail Panel",TREX,,,Boise Cascade Building Materials (BOICA),Boise Cascade Building Materials,Trex®,Trex®,543340146,,Electrical>Panels,"Boise Cascade Building Materials, Trex, Electrical Panel, 543340146, 8'x36",ELECTRICAL PANEL BLACK 8FTX36,TREX 543340146 Electrical Panel With LED,"TREX, Electrical Panel, With LED, 8 ft Width, 36 ft","Electrical Panel, LED","Upgrade your home with the Trex® Electrical Panel, designed to deliver exceptional performance and reliability. Featuring LED, this Electrical Panel combines innovative technology with sleek design to meet your everyday needs.",LED,,,,,,,,,,,,,,,,,,,,With LED,,,Electrical Panel,,Electrical Panel,Color,Black,,Width,8 ft,,length,36 ft,,Feature,LED,,,,,,,,,,,,,,,,,,,,,,,,,,,,,,,,,,,,,,,,,,,,,,,,,,,,,,,,,,,,,,,,,,,,,,,,,,,,,,,,,,,,,,,,,,,,,,,,,,,,,,,,,,,,,,,,,,,,,,,,,,,,,,,,,,,,,,,,,,,,,,,39121601,,,,,36 ft,,,,8 ft,,,,,,,,,,70%,No
,,,,,,,Electrical,Panels,,,543340147,"8'x36"" Select Alm w/Sq Bal Str - Assembled Black Rail Panel",TREX,,,Boise Cascade Building Materials (BOICA),Boise Cascade Building Materials,Trex®,Trex®,543340147,,Electrical>Panels,"Boise Cascade Building Materials, Trex, Electrical Panel, 543340147, 8'x36",ELECTRICAL PANEL BLACK 8FTX36,TREX 543340147 Electrical Panel With LED,"TREX, Electrical Panel, With LED, 8 ft Width, 36 ft","Electrical Panel, LED","Upgrade your home with the Trex® Electrical Panel, designed to deliver exceptional performance and reliability. Featuring LED, this Electrical Panel combines innovative technology with sleek design to meet your everyday needs.",LED,,,,,,,,,,,,,,,,,,,,With LED,,,Electrical Panel,,Electrical Panel,Color,Black,,Width,8 ft,,length,36 ft,,Feature,LED,,,,,,,,,,,,,,,,,,,,,,,,,,,,,,,,,,,,,,,,,,,,,,,,,,,,,,,,,,,,,,,,,,,,,,,,,,,,,,,,,,,,,,,,,,,,,,,,,,,,,,,,,,,,,,,,,,,,,,,,,,,,,,,,,,,,,,,,,,,,,,,39121601,,,,,36 ft,,,,8 ft,,,,,,,,,,70%,No
,,,,,,,Decking,Decking,Deck Boards,,ADB15516CS,1x6-16' Coastline Sq Edge - Vintage Azek PVC Decking,TIMBERTECH,,,Parksite (6151),Parksite,TimberTech®,TimberTech®,ADB15516CS,,Building Materials & Hardscape>Decking>Deck Boards,"Parksite, TimberTech, Deck Board, ADB15516CS, 1x6, Material=PVC, Nominal Size=1",DECK BOARD 1X6 PVC,TIMBERTECH ADB15516CS Deck Board,"TIMBERTECH, Deck Board, 1 in Width, 6 in",Deck Board,"Discover the TimberTech® Deck Board, engineered for outstanding performance and lasting durability. With a focus on quality and efficiency, this Deck Board is the perfect addition to any modern home.",,,,,,,,,,,,,,,,,,,,,,,,Deck Board,,Deck Board,Material,PVC,,Nominal Size,1,,Width,1 in,,length,6 in,,Color,Yellow,,,,,,,,,,,,,,,,,,,,,,,,,,,,,,,,,,,,,,,,,,,,,,,,,,,,,,,,,,,,,,,,,,,,,,,,,,,,,,,,,,,,,,,,,,,,,,,,,,,,,,,,,,,,,,,,,,,,,,,,,,,,,,,,,,,,,,,,,,,,30161700,,,,,6 in,,,,1 in,,,,,,,,,,85%,No
,,,,,,,Decking,Decking,Deck Boards,,ADB15520CS,1x6-20' Coastline Sq Edge - Vintage Azek PVC Decking,TIMBERTECH,,,Parksite (6151),Parksite,TimberTech®,TimberTech®,ADB15520CS,,Building Materials & Hardscape>Decking>Deck Boards,"Parksite, TimberTech, Deck Board, ADB15520CS, 1x6, Material=PVC, Nominal Size=1",DECK BOARD 1X6 PVC,TIMBERTECH ADB15520CS Deck Board,"TIMBERTECH, Deck Board, 1 in Width, 6 in",Deck Board,"Discover the TimberTech® Deck Board, engineered for outstanding performance and lasting durability. With a focus on quality and efficiency, this Deck Board is the perfect addition to any modern home.",,,,,,,,,,,,,,,,,,,,,,,,Deck Board,,Deck Board,Material,PVC,,Nominal Size,1,,Width,1 in,,length,6 in,,Color,Yellow,,,,,,,,,,,,,,,,,,,,,,,,,,,,,,,,,,,,,,,,,,,,,,,,,,,,,,,,,,,,,,,,,,,,,,,,,,,,,,,,,,,,,,,,,,,,,,,,,,,,,,,,,,,,,,,,,,,,,,,,,,,,,,,,,,,,,,,,,,,,30161700,,,,,6 in,,,,1 in,,,,,,,,,,85%,No
,,,,,,,Decking,Decking,Deck Boards,,ADB15516EW,1x6-16' English Walnut Sq Edge - Vintage Azek PVC Decking,TIMBERTECH,,,Parksite (6151),Parksite,TimberTech®,TimberTech®,ADB15516EW,,Building Materials & Hardscape>Decking>Deck Boards,"Parksite, TimberTech, Deck Board, ADB15516EW, 1x6, Color=Walnut, Material=PVC",DECK BOARD 1X6 WALNUT PVC,TIMBERTECH ADB15516EW Deck Board,"TIMBERTECH, Deck Board, 1 in Width, 6 in",Deck Board,"Discover the TimberTech® Deck Board, engineered for outstanding performance and lasting durability. With a focus on quality and efficiency, this Deck Board is the perfect addition to any modern home.",,,,,,,,,,,,,,,,,,,,,,,,Deck Board,,Deck Board,Color,Walnut,,Material,PVC,,Nominal Size,1,,Width,1 in,,length,6 in,,,,,,,,,,,,,,,,,,,,,,,,,,,,,,,,,,,,,,,,,,,,,,,,,,,,,,,,,,,,,,,,,,,,,,,,,,,,,,,,,,,,,,,,,,,,,,,,,,,,,,,,,,,,,,,,,,,,,,,,,,,,,,,,,,,,,,,,,,,,30161700,,,,,6 in,,,,1 in,,,,,,,,,,85%,No
,,,,,,,Decking,Decking,Deck Boards,,ADB15520EW,1x6-20' English Walnut Sq Edge - Vintage Azek PVC Decking,TIMBERTECH,,,Parksite (6151),Parksite,TimberTech®,TimberTech®,ADB15520EW,,Building Materials & Hardscape>Decking>Deck Boards,"Parksite, TimberTech, Deck Board, ADB15520EW, 1x6, Color=Walnut, Material=PVC",DECK BOARD 1X6 WALNUT PVC,TIMBERTECH ADB15520EW Deck Board,"TIMBERTECH, Deck Board, 1 in Width, 6 in",Deck Board,"Discover the TimberTech® Deck Board, engineered for outstanding performance and lasting durability. With a focus on quality and efficiency, this Deck Board is the perfect addition to any modern home.",,,,,,,,,,,,,,,,,,,,,,,,Deck Board,,Deck Board,Color,Walnut,,Material,PVC,,Nominal Size,1,,Width,1 in,,length,6 in,,,,,,,,,,,,,,,,,,,,,,,,,,,,,,,,,,,,,,,,,,,,,,,,,,,,,,,,,,,,,,,,,,,,,,,,,,,,,,,,,,,,,,,,,,,,,,,,,,,,,,,,,,,,,,,,,,,,,,,,,,,,,,,,,,,,,,,,,,,,30161700,,,,,6 in,,,,1 in,,,,,,,,,,85%,No
,,,,,,,Decking,Decking,Deck Boards,,ADB15516MH,1x6-16' Mahogany Sq Edge - Vintage Azek PVC Decking,TIMBERTECH,,,Parksite (6151),Parksite,TimberTech®,TimberTech®,ADB15516MH,,Building Materials & Hardscape>Decking>Deck Boards,"Parksite, TimberTech, Deck Board, ADB15516MH, 1x6, Color=Mahogany, Material=PVC",DECK BOARD 1X6 MAHOGA PVC,TIMBERTECH ADB15516MH Deck Board,"TIMBERTECH, Deck Board, 1 in Width, 6 in",Deck Board,"Discover the TimberTech® Deck Board, engineered for outstanding performance and lasting durability. With a focus on quality and efficiency, this Deck Board is the perfect addition to any modern home.",,,,,,,,,,,,,,,,,,,,,,,,Deck Board,,Deck Board,Color,Mahogany,,Material,PVC,,Nominal Size,1,,Width,1 in,,length,6 in,,,,,,,,,,,,,,,,,,,,,,,,,,,,,,,,,,,,,,,,,,,,,,,,,,,,,,,,,,,,,,,,,,,,,,,,,,,,,,,,,,,,,,,,,,,,,,,,,,,,,,,,,,,,,,,,,,,,,,,,,,,,,,,,,,,,,,,,,,,,30161700,,,,,6 in,,,,1 in,,,,,,,,,,85%,No
,,,,,,,Decking,Decking,Deck Boards,,ADB15520MH,1x6-20' Mahogany Sq Edge - Vintage Azek PVC Decking,TIMBERTECH,,,Parksite (6151),Parksite,TimberTech®,TimberTech®,ADB15520MH,,Building Materials & Hardscape>Decking>Deck Boards,"Parksite, TimberTech, Deck Board, ADB15520MH, 1x6, Color=Mahogany, Material=PVC",DECK BOARD 1X6 MAHOGA PVC,TIMBERTECH ADB15520MH Deck Board,"TIMBERTECH, Deck Board, 1 in Width, 6 in",Deck Board,"Discover the TimberTech® Deck Board, engineered for outstanding performance and lasting durability. With a focus on quality and efficiency, this Deck Board is the perfect addition to any modern home.",,,,,,,,,,,,,,,,,,,,,,,,Deck Board,,Deck Board,Color,Mahogany,,Material,PVC,,Nominal Size,1,,Width,1 in,,length,6 in,,,,,,,,,,,,,,,,,,,,,,,,,,,,,,,,,,,,,,,,,,,,,,,,,,,,,,,,,,,,,,,,,,,,,,,,,,,,,,,,,,,,,,,,,,,,,,,,,,,,,,,,,,,,,,,,,,,,,,,,,,,,,,,,,,,,,,,,,,,,30161700,,,,,6 in,,,,1 in,,,,,,,,,,85%,No
,,,,,,,Decking,Decking,Deck Boards,,ADB15516WT,1x6-16' Weathered Teak Sq Edge - Vintage Azek PVC Decking,TIMBERTECH,,,Parksite (6151),Parksite,TimberTech®,TimberTech®,ADB15516WT,,Building Materials & Hardscape>Decking>Deck Boards,"Parksite, TimberTech, Deck Board, ADB15516WT, 1x6, Color=Teak, Material=PVC",DECK BOARD 1X6 TEAK PVC,TIMBERTECH ADB15516WT Deck Board,"TIMBERTECH, Deck Board, 1 in Width, 6 in",Deck Board,"Discover the TimberTech® Deck Board, engineered for outstanding performance and lasting durability. With a focus on quality and efficiency, this Deck Board is the perfect addition to any modern home.",,,,,,,,,,,,,,,,,,,,,,,,Deck Board,,Deck Board,Color,Teak,,Material,PVC,,Nominal Size,1,,Width,1 in,,length,6 in,,,,,,,,,,,,,,,,,,,,,,,,,,,,,,,,,,,,,,,,,,,,,,,,,,,,,,,,,,,,,,,,,,,,,,,,,,,,,,,,,,,,,,,,,,,,,,,,,,,,,,,,,,,,,,,,,,,,,,,,,,,,,,,,,,,,,,,,,,,,30161700,,,,,6 in,,,,1 in,,,,,,,,,,85%,No
,,,,,,,Decking,Decking,Deck Boards,,ADB15520WT,1x6-20' Weathered Teak Sq Edge - Vintage Azek PVC Decking,TIMBERTECH,,,Parksite (6151),Parksite,TimberTech®,TimberTech®,ADB15520WT,,Building Materials & Hardscape>Decking>Deck Boards,"Parksite, TimberTech, Deck Board, ADB15520WT, 1x6, Color=Teak, Material=PVC",DECK BOARD 1X6 TEAK PVC,TIMBERTECH ADB15520WT Deck Board,"TIMBERTECH, Deck Board, 1 in Width, 6 in",Deck Board,"Discover the TimberTech® Deck Board, engineered for outstanding performance and lasting durability. With a focus on quality and efficiency, this Deck Board is the perfect addition to any modern home.",,,,,,,,,,,,,,,,,,,,,,,,Deck Board,,Deck Board,Color,Teak,,Material,PVC,,Nominal Size,1,,Width,1 in,,length,6 in,,,,,,,,,,,,,,,,,,,,,,,,,,,,,,,,,,,,,,,,,,,,,,,,,,,,,,,,,,,,,,,,,,,,,,,,,,,,,,,,,,,,,,,,,,,,,,,,,,,,,,,,,,,,,,,,,,,,,,,,,,,,,,,,,,,,,,,,,,,,30161700,,,,,6 in,,,,1 in,,,,,,,,,,85%,No
,,,,,,,Decking,Decking,Deck Boards,,AGB15512CS,1x6-12' Coastline Grooved - Vintage Azek PVC Decking,TIMBERTECH,,,Parksite (6151),Parksite,TimberTech®,TimberTech®,AGB15512CS,,Building Materials & Hardscape>Decking>Deck Boards,"Parksite, TimberTech, Decking, AGB15512CS, 1x6, Material=PVC, Nominal Size=1",DECKING 1X6 PVC,TIMBERTECH AGB15512CS Decking,"TIMBERTECH, Decking, 1 in Width, 6 in",Decking,"Discover the TimberTech® Decking, engineered for outstanding performance and lasting durability. With a focus on quality and efficiency, this Decking is the perfect addition to any modern home.",,,,,,,,,,,,,,,,,,,,,,,,Decking,,Decking,Material,PVC,,Nominal Size,1,,Width,1 in,,length,6 in,,Color,Yellow,,,,,,,,,,,,,,,,,,,,,,,,,,,,,,,,,,,,,,,,,,,,,,,,,,,,,,,,,,,,,,,,,,,,,,,,,,,,,,,,,,,,,,,,,,,,,,,,,,,,,,,,,,,,,,,,,,,,,,,,,,,,,,,,,,,,,,,,,,,,30161700,,,,,6 in,,,,1 in,,,,,,,,,,85%,No
,,,,,,,Decking,Decking,Deck Boards,,AGB15516CS,1x6-16' Coastline Grooved - Vintage Azek PVC Decking,TIMBERTECH,,,Parksite (6151),Parksite,TimberTech®,TimberTech®,AGB15516CS,,Building Materials & Hardscape>Decking>Deck Boards,"Parksite, TimberTech, Decking, AGB15516CS, 1x6, Material=PVC, Nominal Size=1",DECKING 1X6 PVC,TIMBERTECH AGB15516CS Decking,"TIMBERTECH, Decking, 1 in Width, 6 in",Decking,"Discover the TimberTech® Decking, engineered for outstanding performance and lasting durability. With a focus on quality and efficiency, this Decking is the perfect addition to any modern home.",,,,,,,,,,,,,,,,,,,,,,,,Decking,,Decking,Material,PVC,,Nominal Size,1,,Width,1 in,,length,6 in,,Color,Yellow,,,,,,,,,,,,,,,,,,,,,,,,,,,,,,,,,,,,,,,,,,,,,,,,,,,,,,,,,,,,,,,,,,,,,,,,,,,,,,,,,,,,,,,,,,,,,,,,,,,,,,,,,,,,,,,,,,,,,,,,,,,,,,,,,,,,,,,,,,,,30161700,,,,,6 in,,,,1 in,,,,,,,,,,85%,No
,,,,,,,Decking,Decking,Deck Boards,,AGB15520CS,1x6-20' Coastline Grooved - Vintage Azek PVC Decking,TIMBERTECH,,,Parksite (6151),Parksite,TimberTech®,TimberTech®,AGB15520CS,,Building Materials & Hardscape>Decking>Deck Boards,"Parksite, TimberTech, Decking, AGB15520CS, 1x6, Material=PVC, Nominal Size=1",DECKING 1X6 PVC,TIMBERTECH AGB15520CS Decking,"TIMBERTECH, Decking, 1 in Width, 6 in",Decking,"Discover the TimberTech® Decking, engineered for outstanding performance and lasting durability. With a focus on quality and efficiency, this Decking is the perfect addition to any modern home.",,,,,,,,,,,,,,,,,,,,,,,,Decking,,Decking,Material,PVC,,Nominal Size,1,,Width,1 in,,length,6 in,,Color,Yellow,,,,,,,,,,,,,,,,,,,,,,,,,,,,,,,,,,,,,,,,,,,,,,,,,,,,,,,,,,,,,,,,,,,,,,,,,,,,,,,,,,,,,,,,,,,,,,,,,,,,,,,,,,,,,,,,,,,,,,,,,,,,,,,,,,,,,,,,,,,,30161700,,,,,6 in,,,,1 in,,,,,,,,,,85%,No
,,,,,,,Decking,Decking,Deck Boards,,AGB15512EW,1x6-12' English Walnut Grooved - Vintage Azek PVC Decking,TIMBERTECH,,,Parksite (6151),Parksite,TimberTech®,TimberTech®,AGB15512EW,,Building Materials & Hardscape>Decking>Deck Boards,"Parksite, TimberTech, Decking, AGB15512EW, 1x6, Color=Walnut, Material=PVC",DECKING 1X6 WALNUT PVC,TIMBERTECH AGB15512EW Decking,"TIMBERTECH, Decking, 1 in Width, 6 in",Decking,"Discover the TimberTech® Decking, engineered for outstanding performance and lasting durability. With a focus on quality and efficiency, this Decking is the perfect addition to any modern home.",,,,,,,,,,,,,,,,,,,,,,,,Decking,,Decking,Color,Walnut,,Material,PVC,,Nominal Size,1,,Width,1 in,,length,6 in,,,,,,,,,,,,,,,,,,,,,,,,,,,,,,,,,,,,,,,,,,,,,,,,,,,,,,,,,,,,,,,,,,,,,,,,,,,,,,,,,,,,,,,,,,,,,,,,,,,,,,,,,,,,,,,,,,,,,,,,,,,,,,,,,,,,,,,,,,,,30161700,,,,,6 in,,,,1 in,,,,,,,,,,85%,No
,,,,,,,Decking,Decking,Deck Boards,,AGB15516EW,1x6-16' English Walnut Grooved - Vintage Azek PVC Decking,TIMBERTECH,,,Parksite (6151),Parksite,TimberTech®,TimberTech®,AGB15516EW,,Building Materials & Hardscape>Decking>Deck Boards,"Parksite, TimberTech, Decking, AGB15516EW, 1x6, Color=Walnut, Material=PVC",DECKING 1X6 WALNUT PVC,TIMBERTECH AGB15516EW Decking,"TIMBERTECH, Decking, 1 in Width, 6 in",Decking,"Discover the TimberTech® Decking, engineered for outstanding performance and lasting durability. With a focus on quality and efficiency, this Decking is the perfect addition to any modern home.",,,,,,,,,,,,,,,,,,,,,,,,Decking,,Decking,Color,Walnut,,Material,PVC,,Nominal Size,1,,Width,1 in,,length,6 in,,,,,,,,,,,,,,,,,,,,,,,,,,,,,,,,,,,,,,,,,,,,,,,,,,,,,,,,,,,,,,,,,,,,,,,,,,,,,,,,,,,,,,,,,,,,,,,,,,,,,,,,,,,,,,,,,,,,,,,,,,,,,,,,,,,,,,,,,,,,30161700,,,,,6 in,,,,1 in,,,,,,,,,,85%,No
,,,,,,,Decking,Decking,Deck Boards,,AGB15520EW,1x6-20' English Walnut Grooved - Vintage Azek PVC Decking,TIMBERTECH,,,Parksite (6151),Parksite,TimberTech®,TimberTech®,AGB15520EW,,Building Materials & Hardscape>Decking>Deck Boards,"Parksite, TimberTech, Decking, AGB15520EW, 1x6, Color=Walnut, Material=PVC",DECKING 1X6 WALNUT PVC,TIMBERTECH AGB15520EW Decking,"TIMBERTECH, Decking, 1 in Width, 6 in",Decking,"Discover the TimberTech® Decking, engineered for outstanding performance and lasting durability. With a focus on quality and efficiency, this Decking is the perfect addition to any modern home.",,,,,,,,,,,,,,,,,,,,,,,,Decking,,Decking,Color,Walnut,,Material,PVC,,Nominal Size,1,,Width,1 in,,length,6 in,,,,,,,,,,,,,,,,,,,,,,,,,,,,,,,,,,,,,,,,,,,,,,,,,,,,,,,,,,,,,,,,,,,,,,,,,,,,,,,,,,,,,,,,,,,,,,,,,,,,,,,,,,,,,,,,,,,,,,,,,,,,,,,,,,,,,,,,,,,,30161700,,,,,6 in,,,,1 in,,,,,,,,,,85%,No
,,,,,,,Decking,Decking,Deck Boards,,AGB15512MH,1x6-12' Mahogany Grooved - Vintage Azek PVC Decking,TIMBERTECH,,,Parksite (6151),Parksite,TimberTech®,TimberTech®,AGB15512MH,,Building Materials & Hardscape>Decking>Deck Boards,"Parksite, TimberTech, Decking, AGB15512MH, 1x6, Color=Mahogany, Material=PVC",DECKING 1X6 MAHOGA PVC,TIMBERTECH AGB15512MH Decking,"TIMBERTECH, Decking, 1 in Width, 6 in",Decking,"Discover the TimberTech® Decking, engineered for outstanding performance and lasting durability. With a focus on quality and efficiency, this Decking is the perfect addition to any modern home.",,,,,,,,,,,,,,,,,,,,,,,,Decking,,Decking,Color,Mahogany,,Material,PVC,,Nominal Size,1,,Width,1 in,,length,6 in,,,,,,,,,,,,,,,,,,,,,,,,,,,,,,,,,,,,,,,,,,,,,,,,,,,,,,,,,,,,,,,,,,,,,,,,,,,,,,,,,,,,,,,,,,,,,,,,,,,,,,,,,,,,,,,,,,,,,,,,,,,,,,,,,,,,,,,,,,,,30161700,,,,,6 in,,,,1 in,,,,,,,,,,85%,No
,,,,,,,Decking,Decking,Deck Boards,,AGB15516MH,1x6-16' Mahogany Grooved - Vintage Azek PVC Decking,TIMBERTECH,,,Parksite (6151),Parksite,TimberTech®,TimberTech®,AGB15516MH,,Building Materials & Hardscape>Decking>Deck Boards,"Parksite, TimberTech, Decking, AGB15516MH, 1x6, Color=Mahogany, Material=PVC",DECKING 1X6 MAHOGA PVC,TIMBERTECH AGB15516MH Decking,"TIMBERTECH, Decking, 1 in Width, 6 in",Decking,"Discover the TimberTech® Decking, engineered for outstanding performance and lasting durability. With a focus on quality and efficiency, this Decking is the perfect addition to any modern home.",,,,,,,,,,,,,,,,,,,,,,,,Decking,,Decking,Color,Mahogany,,Material,PVC,,Nominal Size,1,,Width,1 in,,length,6 in,,,,,,,,,,,,,,,,,,,,,,,,,,,,,,,,,,,,,,,,,,,,,,,,,,,,,,,,,,,,,,,,,,,,,,,,,,,,,,,,,,,,,,,,,,,,,,,,,,,,,,,,,,,,,,,,,,,,,,,,,,,,,,,,,,,,,,,,,,,,30161700,,,,,6 in,,,,1 in,,,,,,,,,,85%,No
,,,,,,,Decking,Decking,Deck Boards,,AGB15520MH,1x6-20' Mahogany Grooved - Vintage Azek PVC Decking,TIMBERTECH,,,Parksite (6151),Parksite,TimberTech®,TimberTech®,AGB15520MH,,Building Materials & Hardscape>Decking>Deck Boards,"Parksite, TimberTech, Decking, AGB15520MH, 1x6, Color=Mahogany, Material=PVC",DECKING 1X6 MAHOGA PVC,TIMBERTECH AGB15520MH Decking,"TIMBERTECH, Decking, 1 in Width, 6 in",Decking,"Discover the TimberTech® Decking, engineered for outstanding performance and lasting durability. With a focus on quality and efficiency, this Decking is the perfect addition to any modern home.",,,,,,,,,,,,,,,,,,,,,,,,Decking,,Decking,Color,Mahogany,,Material,PVC,,Nominal Size,1,,Width,1 in,,length,6 in,,,,,,,,,,,,,,,,,,,,,,,,,,,,,,,,,,,,,,,,,,,,,,,,,,,,,,,,,,,,,,,,,,,,,,,,,,,,,,,,,,,,,,,,,,,,,,,,,,,,,,,,,,,,,,,,,,,,,,,,,,,,,,,,,,,,,,,,,,,,30161700,,,,,6 in,,,,1 in,,,,,,,,,,85%,No
,,,,,,,Decking,Decking,Deck Boards,,AGB15512WT,1x6-12' Weathered Teak Grooved - Vintage Azek PVC Decking,TIMBERTECH,,,Parksite (6151),Parksite,TimberTech®,TimberTech®,AGB15512WT,,Building Materials & Hardscape>Decking>Deck Boards,"Parksite, TimberTech, Decking, AGB15512WT, 1x6, Color=Teak, Material=PVC",DECKING 1X6 TEAK PVC,TIMBERTECH AGB15512WT Decking,"TIMBERTECH, Decking, 1 in Width, 6 in",Decking,"Discover the TimberTech® Decking, engineered for outstanding performance and lasting durability. With a focus on quality and efficiency, this Decking is the perfect addition to any modern home.",,,,,,,,,,,,,,,,,,,,,,,,Decking,,Decking,Color,Teak,,Material,PVC,,Nominal Size,1,,Width,1 in,,length,6 in,,,,,,,,,,,,,,,,,,,,,,,,,,,,,,,,,,,,,,,,,,,,,,,,,,,,,,,,,,,,,,,,,,,,,,,,,,,,,,,,,,,,,,,,,,,,,,,,,,,,,,,,,,,,,,,,,,,,,,,,,,,,,,,,,,,,,,,,,,,,30161700,,,,,6 in,,,,1 in,,,,,,,,,,85%,No
,,,,,,,Decking,Decking,Deck Boards,,AGB15516WT,1x6-16' Weathered Teak Grooved - Vintage Azek PVC Decking,TIMBERTECH,,,Parksite (6151),Parksite,TimberTech®,TimberTech®,AGB15516WT,,Building Materials & Hardscape>Decking>Deck Boards,"Parksite, TimberTech, Decking, AGB15516WT, 1x6, Color=Teak, Material=PVC",DECKING 1X6 TEAK PVC,TIMBERTECH AGB15516WT Decking,"TIMBERTECH, Decking, 1 in Width, 6 in",Decking,"Discover the TimberTech® Decking, engineered for outstanding performance and lasting durability. With a focus on quality and efficiency, this Decking is the perfect addition to any modern home.",,,,,,,,,,,,,,,,,,,,,,,,Decking,,Decking,Color,Teak,,Material,PVC,,Nominal Size,1,,Width,1 in,,length,6 in,,,,,,,,,,,,,,,,,,,,,,,,,,,,,,,,,,,,,,,,,,,,,,,,,,,,,,,,,,,,,,,,,,,,,,,,,,,,,,,,,,,,,,,,,,,,,,,,,,,,,,,,,,,,,,,,,,,,,,,,,,,,,,,,,,,,,,,,,,,,30161700,,,,,6 in,,,,1 in,,,,,,,,,,85%,No
,,,,,,,Decking,Decking,Deck Boards,,AGB15520WT,1x6-20' Weathered Teak Grooved - Vintage Azek PVC Decking,TIMBERTECH,,,Parksite (6151),Parksite,TimberTech®,TimberTech®,AGB15520WT,,Building Materials & Hardscape>Decking>Deck Boards,"Parksite, TimberTech, Decking, AGB15520WT, 1x6, Color=Teak, Material=PVC",DECKING 1X6 TEAK PVC,TIMBERTECH AGB15520WT Decking,"TIMBERTECH, Decking, 1 in Width, 6 in",Decking,"Discover the TimberTech® Decking, engineered for outstanding performance and lasting durability. With a focus on quality and efficiency, this Decking is the perfect addition to any modern home.",,,,,,,,,,,,,,,,,,,,,,,,Decking,,Decking,Color,Teak,,Material,PVC,,Nominal Size,1,,Width,1 in,,length,6 in,,,,,,,,,,,,,,,,,,,,,,,,,,,,,,,,,,,,,,,,,,,,,,,,,,,,,,,,,,,,,,,,,,,,,,,,,,,,,,,,,,,,,,,,,,,,,,,,,,,,,,,,,,,,,,,,,,,,,,,,,,,,,,,,,,,,,,,,,,,,30161700,,,,,6 in,,,,1 in,,,,,,,,,,85%,No
,,,,,,,Decking,Decking,Deck Boards,,ADB15516AW,1x6-16' American Walnut Sq Edg - Landmark Azek PVC Decking,TIMBERTECH,,,Parksite (6151),Parksite,TimberTech®,TimberTech®,ADB15516AW,,Building Materials & Hardscape>Decking>Deck Boards,"Parksite, TimberTech, Decking, ADB15516AW, 1x6, Color=Walnut, Material=PVC",DECKING 1X6 WALNUT PVC,TIMBERTECH ADB15516AW Decking,"TIMBERTECH, Decking, 1 in Width, 6 in",Decking,"Discover the TimberTech® Decking, engineered for outstanding performance and lasting durability. With a focus on quality and efficiency, this Decking is the perfect addition to any modern home.",,,,,,,,,,,,,,,,,,,,,,,,Decking,,Decking,Color,Walnut,,Material,PVC,,Nominal Size,1,,Width,1 in,,length,6 in,,,,,,,,,,,,,,,,,,,,,,,,,,,,,,,,,,,,,,,,,,,,,,,,,,,,,,,,,,,,,,,,,,,,,,,,,,,,,,,,,,,,,,,,,,,,,,,,,,,,,,,,,,,,,,,,,,,,,,,,,,,,,,,,,,,,,,,,,,,,30161700,,,,,6 in,,,,1 in,,,,,,,,,,85%,No
,,,,,,,Decking,Decking,Deck Boards,,ADB15520AW,1x6-20' American Walnut Sq Edg - Landmark Azek PVC Decking,TIMBERTECH,,,Parksite (6151),Parksite,TimberTech®,TimberTech®,ADB15520AW,,Building Materials & Hardscape>Decking>Deck Boards,"Parksite, TimberTech, Decking, ADB15520AW, 1x6, Color=Walnut, Material=PVC",DECKING 1X6 WALNUT PVC,TIMBERTECH ADB15520AW Decking,"TIMBERTECH, Decking, 1 in Width, 6 in",Decking,"Discover the TimberTech® Decking, engineered for outstanding performance and lasting durability. With a focus on quality and efficiency, this Decking is the perfect addition to any modern home.",,,,,,,,,,,,,,,,,,,,,,,,Decking,,Decking,Color,Walnut,,Material,PVC,,Nominal Size,1,,Width,1 in,,length,6 in,,,,,,,,,,,,,,,,,,,,,,,,,,,,,,,,,,,,,,,,,,,,,,,,,,,,,,,,,,,,,,,,,,,,,,,,,,,,,,,,,,,,,,,,,,,,,,,,,,,,,,,,,,,,,,,,,,,,,,,,,,,,,,,,,,,,,,,,,,,,30161700,,,,,6 in,,,,1 in,,,,,,,,,,85%,No
,,,,,,,Decking,Decking,Deck Boards,,ADB15516CG,1x6-16' Castle Gate Sq Edge - Landmark Azek PVC Decking,TIMBERTECH,,,Parksite (6151),Parksite,TimberTech®,TimberTech®,ADB15516CG,,Building Materials & Hardscape>Decking>Deck Boards,"Parksite, TimberTech, Deck Board, ADB15516CG, 1x6, Material=PVC, Nominal Size=1",DECK BOARD 1X6 PVC,TIMBERTECH ADB15516CG Deck Board,"TIMBERTECH, Deck Board, 1 in Width, 6 in",Deck Board,"Discover the TimberTech® Deck Board, engineered for outstanding performance and lasting durability. With a focus on quality and efficiency, this Deck Board is the perfect addition to any modern home.",,,,,,,,,,,,,,,,,,,,,,,,Deck Board,,Deck Board,Material,PVC,,Nominal Size,1,,Width,1 in,,length,6 in,,Color,Yellow,,,,,,,,,,,,,,,,,,,,,,,,,,,,,,,,,,,,,,,,,,,,,,,,,,,,,,,,,,,,,,,,,,,,,,,,,,,,,,,,,,,,,,,,,,,,,,,,,,,,,,,,,,,,,,,,,,,,,,,,,,,,,,,,,,,,,,,,,,,,30161700,,,,,6 in,,,,1 in,,,,,,,,,,85%,No
,,,,,,,Decking,Decking,Deck Boards,,ADB15520CG,1x6-20' Castle Gate Sq Edge - Landmark Azek PVC Decking,TIMBERTECH,,,Parksite (6151),Parksite,TimberTech®,TimberTech®,ADB15520CG,,Building Materials & Hardscape>Decking>Deck Boards,"Parksite, TimberTech, Deck Board, ADB15520CG, 1x6, Material=PVC, Nominal Size=1",DECK BOARD 1X6 PVC,TIMBERTECH ADB15520CG Deck Board,"TIMBERTECH, Deck Board, 1 in Width, 6 in",Deck Board,"Discover the TimberTech® Deck Board, engineered for outstanding performance and lasting durability. With a focus on quality and efficiency, this Deck Board is the perfect addition to any modern home.",,,,,,,,,,,,,,,,,,,,,,,,Deck Board,,Deck Board,Material,PVC,,Nominal Size,1,,Width,1 in,,length,6 in,,Color,Yellow,,,,,,,,,,,,,,,,,,,,,,,,,,,,,,,,,,,,,,,,,,,,,,,,,,,,,,,,,,,,,,,,,,,,,,,,,,,,,,,,,,,,,,,,,,,,,,,,,,,,,,,,,,,,,,,,,,,,,,,,,,,,,,,,,,,,,,,,,,,,30161700,,,,,6 in,,,,1 in,,,,,,,,,,85%,No
,,,,,,,Decking,Decking,Deck Boards,,ADB15516FW,1x6-16' French White Oak Sq Ed - Landmark Azek PVC Decking,TIMBERTECH,,,Parksite (6151),Parksite,TimberTech®,TimberTech®,ADB15516FW,,Building Materials & Hardscape>Decking>Deck Boards,"Parksite, TimberTech, Decking, ADB15516FW, 1x6, Color=White, Material=PVC",DECKING 1X6 WHITE PVC,TIMBERTECH ADB15516FW Decking,"TIMBERTECH, Decking, 1 in Width, 6 in",Decking,"Discover the TimberTech® Decking, engineered for outstanding performance and lasting durability. With a focus on quality and efficiency, this Decking is the perfect addition to any modern home.",,,,,,,,,,,,,,,,,,,,,,,,Decking,,Decking,Color,White,,Material,PVC,,Nominal Size,1,,Width,1 in,,length,6 in,,,,,,,,,,,,,,,,,,,,,,,,,,,,,,,,,,,,,,,,,,,,,,,,,,,,,,,,,,,,,,,,,,,,,,,,,,,,,,,,,,,,,,,,,,,,,,,,,,,,,,,,,,,,,,,,,,,,,,,,,,,,,,,,,,,,,,,,,,,,30161700,,,,,6 in,,,,1 in,,,,,,,,,,85%,No
,,,,,,,Decking,Decking,Deck Boards,,ADB15520FW,1x6-20' French White Oak Sq Ed - Landmark Azek PVC Decking,TIMBERTECH,,,Parksite (6151),Parksite,TimberTech®,TimberTech®,ADB15520FW,,Building Materials & Hardscape>Decking>Deck Boards,"Parksite, TimberTech, Decking, ADB15520FW, 1x6, Color=White, Material=PVC",DECKING 1X6 WHITE PVC,TIMBERTECH ADB15520FW Decking,"TIMBERTECH, Decking, 1 in Width, 6 in",Decking,"Discover the TimberTech® Decking, engineered for outstanding performance and lasting durability. With a focus on quality and efficiency, this Decking is the perfect addition to any modern home.",,,,,,,,,,,,,,,,,,,,,,,,Decking,,Decking,Color,White,,Material,PVC,,Nominal Size,1,,Width,1 in,,length,6 in,,,,,,,,,,,,,,,,,,,,,,,,,,,,,,,,,,,,,,,,,,,,,,,,,,,,,,,,,,,,,,,,,,,,,,,,,,,,,,,,,,,,,,,,,,,,,,,,,,,,,,,,,,,,,,,,,,,,,,,,,,,,,,,,,,,,,,,,,,,,30161700,,,,,6 in,,,,1 in,,,,,,,,,,85%,No
,,,,,,,Decking,Decking,Deck Boards,,AGB15512AW,1x6-12' American Walnut Groove - Landmark Azek PVC Decking,TIMBERTECH,,,Parksite (6151),Parksite,TimberTech®,TimberTech®,AGB15512AW,,Building Materials & Hardscape>Decking>Deck Boards,"Parksite, TimberTech, Decking, AGB15512AW, 1x6, Color=Walnut, Material=PVC",DECKING 1X6 WALNUT PVC,TIMBERTECH AGB15512AW Decking,"TIMBERTECH, Decking, 1 in Width, 6 in",Decking,"Discover the TimberTech® Decking, engineered for outstanding performance and lasting durability. With a focus on quality and efficiency, this Decking is the perfect addition to any modern home.",,,,,,,,,,,,,,,,,,,,,,,,Decking,,Decking,Color,Walnut,,Material,PVC,,Nominal Size,1,,Width,1 in,,length,6 in,,,,,,,,,,,,,,,,,,,,,,,,,,,,,,,,,,,,,,,,,,,,,,,,,,,,,,,,,,,,,,,,,,,,,,,,,,,,,,,,,,,,,,,,,,,,,,,,,,,,,,,,,,,,,,,,,,,,,,,,,,,,,,,,,,,,,,,,,,,,30161700,,,,,6 in,,,,1 in,,,,,,,,,,85%,No
,,,,,,,Decking,Decking,Deck Boards,,AGB15516AW,1x6-16' American Walnut Groove - Landmark Azek PVC Decking,TIMBERTECH,,,Parksite (6151),Parksite,TimberTech®,TimberTech®,AGB15516AW,,Building Materials & Hardscape>Decking>Deck Boards,"Parksite, TimberTech, Decking, AGB15516AW, 1x6, Color=Walnut, Material=PVC",DECKING 1X6 WALNUT PVC,TIMBERTECH AGB15516AW Decking,"TIMBERTECH, Decking, 1 in Width, 6 in",Decking,"Discover the TimberTech® Decking, engineered for outstanding performance and lasting durability. With a focus on quality and efficiency, this Decking is the perfect addition to any modern home.",,,,,,,,,,,,,,,,,,,,,,,,Decking,,Decking,Color,Walnut,,Material,PVC,,Nominal Size,1,,Width,1 in,,length,6 in,,,,,,,,,,,,,,,,,,,,,,,,,,,,,,,,,,,,,,,,,,,,,,,,,,,,,,,,,,,,,,,,,,,,,,,,,,,,,,,,,,,,,,,,,,,,,,,,,,,,,,,,,,,,,,,,,,,,,,,,,,,,,,,,,,,,,,,,,,,,30161700,,,,,6 in,,,,1 in,,,,,,,,,,85%,No
,,,,,,,Decking,Decking,Deck Boards,,AGB15520AW,1x6-20' American Walnut Groove - Landmark Azek PVC Decking,TIMBERTECH,,,Parksite (6151),Parksite,TimberTech®,TimberTech®,AGB15520AW,,Building Materials & Hardscape>Decking>Deck Boards,"Parksite, TimberTech, Decking, AGB15520AW, 1x6, Color=Walnut, Material=PVC",DECKING 1X6 WALNUT PVC,TIMBERTECH AGB15520AW Decking,"TIMBERTECH, Decking, 1 in Width, 6 in",Decking,"Discover the TimberTech® Decking, engineered for outstanding performance and lasting durability. With a focus on quality and efficiency, this Decking is the perfect addition to any modern home.",,,,,,,,,,,,,,,,,,,,,,,,Decking,,Decking,Color,Walnut,,Material,PVC,,Nominal Size,1,,Width,1 in,,length,6 in,,,,,,,,,,,,,,,,,,,,,,,,,,,,,,,,,,,,,,,,,,,,,,,,,,,,,,,,,,,,,,,,,,,,,,,,,,,,,,,,,,,,,,,,,,,,,,,,,,,,,,,,,,,,,,,,,,,,,,,,,,,,,,,,,,,,,,,,,,,,30161700,,,,,6 in,,,,1 in,,,,,,,,,,85%,No
,,,,,,,Decking,Decking,Deck Boards,,AGB15512CG,1x6-12' Castle Gate Grooved - Landmark Azek PVC Decking,TIMBERTECH,,,Parksite (6151),Parksite,TimberTech®,TimberTech®,AGB15512CG,,Building Materials & Hardscape>Decking>Deck Boards,"Parksite, TimberTech, Decking, AGB15512CG, 1x6, Material=PVC, Nominal Size=1",DECKING 1X6 PVC,TIMBERTECH AGB15512CG Decking,"TIMBERTECH, Decking, 1 in Width, 6 in",Decking,"Discover the TimberTech® Decking, engineered for outstanding performance and lasting durability. With a focus on quality and efficiency, this Decking is the perfect addition to any modern home.",,,,,,,,,,,,,,,,,,,,,,,,Decking,,Decking,Material,PVC,,Nominal Size,1,,Width,1 in,,length,6 in,,Color,Yellow,,,,,,,,,,,,,,,,,,,,,,,,,,,,,,,,,,,,,,,,,,,,,,,,,,,,,,,,,,,,,,,,,,,,,,,,,,,,,,,,,,,,,,,,,,,,,,,,,,,,,,,,,,,,,,,,,,,,,,,,,,,,,,,,,,,,,,,,,,,,30161700,,,,,6 in,,,,1 in,,,,,,,,,,85%,No
,,,,,,,Decking,Decking,Deck Boards,,AGB15516CG,1x6-16' Castle Gate Grooved - Landmark Azek PVC Decking,TIMBERTECH,,,Parksite (6151),Parksite,TimberTech®,TimberTech®,AGB15516CG,,Building Materials & Hardscape>Decking>Deck Boards,"Parksite, TimberTech, Decking, AGB15516CG, 1x6, Material=PVC, Nominal Size=1",DECKING 1X6 PVC,TIMBERTECH AGB15516CG Decking,"TIMBERTECH, Decking, 1 in Width, 6 in",Decking,"Discover the TimberTech® Decking, engineered for outstanding performance and lasting durability. With a focus on quality and efficiency, this Decking is the perfect addition to any modern home.",,,,,,,,,,,,,,,,,,,,,,,,Decking,,Decking,Material,PVC,,Nominal Size,1,,Width,1 in,,length,6 in,,Color,Yellow,,,,,,,,,,,,,,,,,,,,,,,,,,,,,,,,,,,,,,,,,,,,,,,,,,,,,,,,,,,,,,,,,,,,,,,,,,,,,,,,,,,,,,,,,,,,,,,,,,,,,,,,,,,,,,,,,,,,,,,,,,,,,,,,,,,,,,,,,,,,30161700,,,,,6 in,,,,1 in,,,,,,,,,,85%,No
,,,,,,,Decking,Decking,Deck Boards,,AGB15520CG,1x6-20' Castle Gate Grooved - Landmark Azek PVC Decking,TIMBERTECH,,,Parksite (6151),Parksite,TimberTech®,TimberTech®,AGB15520CG,,Building Materials & Hardscape>Decking>Deck Boards,"Parksite, TimberTech, Decking, AGB15520CG, 1x6, Material=PVC, Nominal Size=1",DECKING 1X6 PVC,TIMBERTECH AGB15520CG Decking,"TIMBERTECH, Decking, 1 in Width, 6 in",Decking,"Discover the TimberTech® Decking, engineered for outstanding performance and lasting durability. With a focus on quality and efficiency, this Decking is the perfect addition to any modern home.",,,,,,,,,,,,,,,,,,,,,,,,Decking,,Decking,Material,PVC,,Nominal Size,1,,Width,1 in,,length,6 in,,Color,Yellow,,,,,,,,,,,,,,,,,,,,,,,,,,,,,,,,,,,,,,,,,,,,,,,,,,,,,,,,,,,,,,,,,,,,,,,,,,,,,,,,,,,,,,,,,,,,,,,,,,,,,,,,,,,,,,,,,,,,,,,,,,,,,,,,,,,,,,,,,,,,30161700,,,,,6 in,,,,1 in,,,,,,,,,,85%,No
,,,,,,,Decking,Decking,Deck Boards,,AGB15512FW,1x6-12' French White Oak Groov - Landmark Azek PVC Decking,TIMBERTECH,,,Parksite (6151),Parksite,TimberTech®,TimberTech®,AGB15512FW,,Building Materials & Hardscape>Decking>Deck Boards,"Parksite, TimberTech, Decking, AGB15512FW, 1x6, Color=White, Material=PVC",DECKING 1X6 WHITE PVC,TIMBERTECH AGB15512FW Decking,"TIMBERTECH, Decking, 1 in Width, 6 in",Decking,"Discover the TimberTech® Decking, engineered for outstanding performance and lasting durability. With a focus on quality and efficiency, this Decking is the perfect addition to any modern home.",,,,,,,,,,,,,,,,,,,,,,,,Decking,,Decking,Color,White,,Material,PVC,,Nominal Size,1,,Width,1 in,,length,6 in,,,,,,,,,,,,,,,,,,,,,,,,,,,,,,,,,,,,,,,,,,,,,,,,,,,,,,,,,,,,,,,,,,,,,,,,,,,,,,,,,,,,,,,,,,,,,,,,,,,,,,,,,,,,,,,,,,,,,,,,,,,,,,,,,,,,,,,,,,,,30161700,,,,,6 in,,,,1 in,,,,,,,,,,85%,No
,,,,,,,Decking,Decking,Deck Boards,,AGB15516FW,1x6-16' French White Oak Groov - Landmark Azek PVC Decking,TIMBERTECH,,,Parksite (6151),Parksite,TimberTech®,TimberTech®,AGB15516FW,,Building Materials & Hardscape>Decking>Deck Boards,"Parksite, TimberTech, Decking, AGB15516FW, 1x6, Color=White, Material=PVC",DECKING 1X6 WHITE PVC,TIMBERTECH AGB15516FW Decking,"TIMBERTECH, Decking, 1 in Width, 6 in",Decking,"Discover the TimberTech® Decking, engineered for outstanding performance and lasting durability. With a focus on quality and efficiency, this Decking is the perfect addition to any modern home.",,,,,,,,,,,,,,,,,,,,,,,,Decking,,Decking,Color,White,,Material,PVC,,Nominal Size,1,,Width,1 in,,length,6 in,,,,,,,,,,,,,,,,,,,,,,,,,,,,,,,,,,,,,,,,,,,,,,,,,,,,,,,,,,,,,,,,,,,,,,,,,,,,,,,,,,,,,,,,,,,,,,,,,,,,,,,,,,,,,,,,,,,,,,,,,,,,,,,,,,,,,,,,,,,,30161700,,,,,6 in,,,,1 in,,,,,,,,,,85%,No
,,,,,,,Decking,Decking,Deck Boards,,AGB15520FW,1x6-20' French White Oak Groov - Landmark Azek PVC Decking,TIMBERTECH,,,Parksite (6151),Parksite,TimberTech®,TimberTech®,AGB15520FW,,Building Materials & Hardscape>Decking>Deck Boards,"Parksite, TimberTech, Decking, AGB15520FW, 1x6, Color=White, Material=PVC",DECKING 1X6 WHITE PVC,TIMBERTECH AGB15520FW Decking,"TIMBERTECH, Decking, 1 in Width, 6 in",Decking,"Discover the TimberTech® Decking, engineered for outstanding performance and lasting durability. With a focus on quality and efficiency, this Decking is the perfect addition to any modern home.",,,,,,,,,,,,,,,,,,,,,,,,Decking,,Decking,Color,White,,Material,PVC,,Nominal Size,1,,Width,1 in,,length,6 in,,,,,,,,,,,,,,,,,,,,,,,,,,,,,,,,,,,,,,,,,,,,,,,,,,,,,,,,,,,,,,,,,,,,,,,,,,,,,,,,,,,,,,,,,,,,,,,,,,,,,,,,,,,,,,,,,,,,,,,,,,,,,,,,,,,,,,,,,,,,30161700,,,,,6 in,,,,1 in,,,,,,,,,,85%,No
,,,,,,,Decking,Decking,Deck Boards,,ADCB15516BS,1x6-16' Brownstone Sq Edge - Harvest Azek PVC Decking,TIMBERTECH,,,Parksite (6151),Parksite,TimberTech®,TimberTech®,ADCB15516BS,,Building Materials & Hardscape>Decking>Deck Boards,"Parksite, TimberTech, Deck Board, ADCB15516BS, 1x6, Material=PVC, Nominal Size=1",DECK BOARD 1X6 PVC,TIMBERTECH ADCB15516BS Deck Board,"TIMBERTECH, Deck Board, 1 in Width, 6 in",Deck Board,"Discover the TimberTech® Deck Board, engineered for outstanding performance and lasting durability. With a focus on quality and efficiency, this Deck Board is the perfect addition to any modern home.",,,,,,,,,,,,,,,,,,,,,,,,Deck Board,,Deck Board,Material,PVC,,Nominal Size,1,,Width,1 in,,length,6 in,,Color,Yellow,,,,,,,,,,,,,,,,,,,,,,,,,,,,,,,,,,,,,,,,,,,,,,,,,,,,,,,,,,,,,,,,,,,,,,,,,,,,,,,,,,,,,,,,,,,,,,,,,,,,,,,,,,,,,,,,,,,,,,,,,,,,,,,,,,,,,,,,,,,,30161700,,,,,6 in,,,,1 in,,,,,,,,,,85%,No
,,,,,,,Decking,Decking,Deck Boards,,ADCB15520BS,1x6-20' Brownstone Sq Edge - Harvest Azek PVC Decking,TIMBERTECH,,,Parksite (6151),Parksite,TimberTech®,TimberTech®,ADCB15520BS,,Building Materials & Hardscape>Decking>Deck Boards,"Parksite, TimberTech, Deck Board, ADCB15520BS, 1x6, Material=PVC, Nominal Size=1",DECK BOARD 1X6 PVC,TIMBERTECH ADCB15520BS Deck Board,"TIMBERTECH, Deck Board, 1 in Width, 6 in",Deck Board,"Discover the TimberTech® Deck Board, engineered for outstanding performance and lasting durability. With a focus on quality and efficiency, this Deck Board is the perfect addition to any modern home.",,,,,,,,,,,,,,,,,,,,,,,,Deck Board,,Deck Board,Material,PVC,,Nominal Size,1,,Width,1 in,,length,6 in,,Color,Yellow,,,,,,,,,,,,,,,,,,,,,,,,,,,,,,,,,,,,,,,,,,,,,,,,,,,,,,,,,,,,,,,,,,,,,,,,,,,,,,,,,,,,,,,,,,,,,,,,,,,,,,,,,,,,,,,,,,,,,,,,,,,,,,,,,,,,,,,,,,,,30161700,,,,,6 in,,,,1 in,,,,,,,,,,85%,No
,,,,,,,Decking,Decking,Deck Boards,,ADCB15516SG,1x6-16' Slate Gray Sq Edge - Harvest Azek PVC Decking,TIMBERTECH,,,Parksite (6151),Parksite,TimberTech®,TimberTech®,ADCB15516SG,,Building Materials & Hardscape>Decking>Deck Boards,"Parksite, TimberTech, Deck Board, ADCB15516SG, 1x6, Color=Gray, Material=PVC",DECK BOARD 1X6 GRAY PVC,TIMBERTECH ADCB15516SG Deck Board,"TIMBERTECH, Deck Board, 1 in Width, 6 in",Deck Board,"Discover the TimberTech® Deck Board, engineered for outstanding performance and lasting durability. With a focus on quality and efficiency, this Deck Board is the perfect addition to any modern home.",,,,,,,,,,,,,,,,,,,,,,,,Deck Board,,Deck Board,Color,Gray,,Material,PVC,,Nominal Size,1,,Width,1 in,,length,6 in,,,,,,,,,,,,,,,,,,,,,,,,,,,,,,,,,,,,,,,,,,,,,,,,,,,,,,,,,,,,,,,,,,,,,,,,,,,,,,,,,,,,,,,,,,,,,,,,,,,,,,,,,,,,,,,,,,,,,,,,,,,,,,,,,,,,,,,,,,,,30161700,,,,,6 in,,,,1 in,,,,,,,,,,85%,No
,,,,,,,Decking,Decking,Deck Boards,,ADCB15520SG,1x6-20' Slate Gray Sq Edge - Harvest Azek PVC Decking,TIMBERTECH,,,Parksite (6151),Parksite,TimberTech®,TimberTech®,ADCB15520SG,,Building Materials & Hardscape>Decking>Deck Boards,"Parksite, TimberTech, Deck Board, ADCB15520SG, 1x6, Color=Gray, Material=PVC",DECK BOARD 1X6 GRAY PVC,TIMBERTECH ADCB15520SG Deck Board,"TIMBERTECH, Deck Board, 1 in Width, 6 in",Deck Board,"Discover the TimberTech® Deck Board, engineered for outstanding performance and lasting durability. With a focus on quality and efficiency, this Deck Board is the perfect addition to any modern home.",,,,,,,,,,,,,,,,,,,,,,,,Deck Board,,Deck Board,Color,Gray,,Material,PVC,,Nominal Size,1,,Width,1 in,,length,6 in,,,,,,,,,,,,,,,,,,,,,,,,,,,,,,,,,,,,,,,,,,,,,,,,,,,,,,,,,,,,,,,,,,,,,,,,,,,,,,,,,,,,,,,,,,,,,,,,,,,,,,,,,,,,,,,,,,,,,,,,,,,,,,,,,,,,,,,,,,,,30161700,,,,,6 in,,,,1 in,,,,,,,,,,85%,No
,,,,,,,Decking,Decking,Deck Boards,,AGB15512BS,1x6-12' Brownstone Grooved - Harvest Azek PVC Decking,TIMBERTECH,,,Parksite (6151),Parksite,TimberTech®,TimberTech®,AGB15512BS,,Building Materials & Hardscape>Decking>Deck Boards,"Parksite, TimberTech, Decking, AGB15512BS, 1x6, Material=PVC, Nominal Size=1",DECKING 1X6 PVC,TIMBERTECH AGB15512BS Decking,"TIMBERTECH, Decking, 1 in Width, 6 in",Decking,"Discover the TimberTech® Decking, engineered for outstanding performance and lasting durability. With a focus on quality and efficiency, this Decking is the perfect addition to any modern home.",,,,,,,,,,,,,,,,,,,,,,,,Decking,,Decking,Material,PVC,,Nominal Size,1,,Width,1 in,,length,6 in,,Color,Yellow,,,,,,,,,,,,,,,,,,,,,,,,,,,,,,,,,,,,,,,,,,,,,,,,,,,,,,,,,,,,,,,,,,,,,,,,,,,,,,,,,,,,,,,,,,,,,,,,,,,,,,,,,,,,,,,,,,,,,,,,,,,,,,,,,,,,,,,,,,,,30161700,,,,,6 in,,,,1 in,,,,,,,,,,85%,No
,,,,,,,Decking,Decking,Deck Boards,,AGB15516BS,1x6-16' Brownstone Grooved - Harvest Azek PVC Decking,TIMBERTECH,,,Parksite (6151),Parksite,TimberTech®,TimberTech®,AGB15516BS,,Building Materials & Hardscape>Decking>Deck Boards,"Parksite, TimberTech, Decking, AGB15516BS, 1x6, Material=PVC, Nominal Size=1",DECKING 1X6 PVC,TIMBERTECH AGB15516BS Decking,"TIMBERTECH, Decking, 1 in Width, 6 in",Decking,"Discover the TimberTech® Decking, engineered for outstanding performance and lasting durability. With a focus on quality and efficiency, this Decking is the perfect addition to any modern home.",,,,,,,,,,,,,,,,,,,,,,,,Decking,,Decking,Material,PVC,,Nominal Size,1,,Width,1 in,,length,6 in,,Color,Yellow,,,,,,,,,,,,,,,,,,,,,,,,,,,,,,,,,,,,,,,,,,,,,,,,,,,,,,,,,,,,,,,,,,,,,,,,,,,,,,,,,,,,,,,,,,,,,,,,,,,,,,,,,,,,,,,,,,,,,,,,,,,,,,,,,,,,,,,,,,,,30161700,,,,,6 in,,,,1 in,,,,,,,,,,85%,No
,,,,,,,Decking,Decking,Deck Boards,,AGB15520BS,1x6-20' Brownstone Grooved - Harvest Azek PVC Decking,TIMBERTECH,,,Parksite (6151),Parksite,TimberTech®,TimberTech®,AGB15520BS,,Building Materials & Hardscape>Decking>Deck Boards,"Parksite, TimberTech, Decking, AGB15520BS, 1x6, Material=PVC, Nominal Size=1",DECKING 1X6 PVC,TIMBERTECH AGB15520BS Decking,"TIMBERTECH, Decking, 1 in Width, 6 in",Decking,"Discover the TimberTech® Decking, engineered for outstanding performance and lasting durability. With a focus on quality and efficiency, this Decking is the perfect addition to any modern home.",,,,,,,,,,,,,,,,,,,,,,,,Decking,,Decking,Material,PVC,,Nominal Size,1,,Width,1 in,,length,6 in,,Color,Yellow,,,,,,,,,,,,,,,,,,,,,,,,,,,,,,,,,,,,,,,,,,,,,,,,,,,,,,,,,,,,,,,,,,,,,,,,,,,,,,,,,,,,,,,,,,,,,,,,,,,,,,,,,,,,,,,,,,,,,,,,,,,,,,,,,,,,,,,,,,,,30161700,,,,,6 in,,,,1 in,,,,,,,,,,85%,No
,,,,,,,Decking,Decking,Deck Boards,,AGB15512SG,1x6-12' Slate Gray Grooved - Harvest Azek PVC Decking,TIMBERTECH,,,Parksite (6151),Parksite,TimberTech®,TimberTech®,AGB15512SG,,Building Materials & Hardscape>Decking>Deck Boards,"Parksite, TimberTech, Decking, AGB15512SG, 1x6, Color=Gray, Material=PVC",DECKING 1X6 GRAY PVC,TIMBERTECH AGB15512SG Decking,"TIMBERTECH, Decking, 1 in Width, 6 in",Decking,"Discover the TimberTech® Decking, engineered for outstanding performance and lasting durability. With a focus on quality and efficiency, this Decking is the perfect addition to any modern home.",,,,,,,,,,,,,,,,,,,,,,,,Decking,,Decking,Color,Gray,,Material,PVC,,Nominal Size,1,,Width,1 in,,length,6 in,,,,,,,,,,,,,,,,,,,,,,,,,,,,,,,,,,,,,,,,,,,,,,,,,,,,,,,,,,,,,,,,,,,,,,,,,,,,,,,,,,,,,,,,,,,,,,,,,,,,,,,,,,,,,,,,,,,,,,,,,,,,,,,,,,,,,,,,,,,,30161700,,,,,6 in,,,,1 in,,,,,,,,,,85%,No
,,,,,,,Decking,Decking,Deck Boards,,AGB15516SG,1x6-16' Slate Gray Grooved - Harvest Azek PVC Decking,TIMBERTECH,,,Parksite (6151),Parksite,TimberTech®,TimberTech®,AGB15516SG,,Building Materials & Hardscape>Decking>Deck Boards,"Parksite, TimberTech, Decking, AGB15516SG, 1x6, Color=Gray, Material=PVC",DECKING 1X6 GRAY PVC,TIMBERTECH AGB15516SG Decking,"TIMBERTECH, Decking, 1 in Width, 6 in",Decking,"Discover the TimberTech® Decking, engineered for outstanding performance and lasting durability. With a focus on quality and efficiency, this Decking is the perfect addition to any modern home.",,,,,,,,,,,,,,,,,,,,,,,,Decking,,Decking,Color,Gray,,Material,PVC,,Nominal Size,1,,Width,1 in,,length,6 in,,,,,,,,,,,,,,,,,,,,,,,,,,,,,,,,,,,,,,,,,,,,,,,,,,,,,,,,,,,,,,,,,,,,,,,,,,,,,,,,,,,,,,,,,,,,,,,,,,,,,,,,,,,,,,,,,,,,,,,,,,,,,,,,,,,,,,,,,,,,30161700,,,,,6 in,,,,1 in,,,,,,,,,,85%,No
,,,,,,,Decking,Decking,Deck Boards,,AGB15520SG,1x6-20' Slate Gray Grooved - Harvest Azek PVC Decking,TIMBERTECH,,,Parksite (6151),Parksite,TimberTech®,TimberTech®,AGB15520SG,,Building Materials & Hardscape>Decking>Deck Boards,"Parksite, TimberTech, Decking, AGB15520SG, 1x6, Color=Gray, Material=PVC",DECKING 1X6 GRAY PVC,TIMBERTECH AGB15520SG Decking,"TIMBERTECH, Decking, 1 in Width, 6 in",Decking,"Discover the TimberTech® Decking, engineered for outstanding performance and lasting durability. With a focus on quality and efficiency, this Decking is the perfect addition to any modern home.",,,,,,,,,,,,,,,,,,,,,,,,Decking,,Decking,Color,Gray,,Material,PVC,,Nominal Size,1,,Width,1 in,,length,6 in,,,,,,,,,,,,,,,,,,,,,,,,,,,,,,,,,,,,,,,,,,,,,,,,,,,,,,,,,,,,,,,,,,,,,,,,,,,,,,,,,,,,,,,,,,,,,,,,,,,,,,,,,,,,,,,,,,,,,,,,,,,,,,,,,,,,,,,,,,,,30161700,,,,,6 in,,,,1 in,,,,,,,,,,85%,No
,,,,,,,Decking,Decking,Deck Boards,,543140016,1nx6-16' Biscayne Sq Edge - Trex Transcend Lineage Decking,TREX,,,U S Lumber (3073),U S Lumber,Trex®,Trex®,543140016,,Building Materials & Hardscape>Decking>Deck Boards,"Trex®, Deck Board, 1nx6, Yellow, 1nx6-16' Biscayne Sq Edge - Transcend Lineage",DECK BOARD 1NX6,TREX 543140016 Deck Board,"TREX, Deck Board, 1 in Width, 6 in",Deck Board,"Discover the Trex® Deck Board, engineered for outstanding performance and lasting durability. With a focus on quality and efficiency, this Deck Board is the perfect addition to any modern home.",,,,,,,,,,,,,,,,,,,,,,,,Deck Board,,Deck Board,Width,1 in,,length,6 in,,Color,Yellow,,,,,,,,,,,,,,,,,,,,,,,,,,,,,,,,,,,,,,,,,,,,,,,,,,,,,,,,,,,,,,,,,,,,,,,,,,,,,,,,,,,,,,,,,,,,,,,,,,,,,,,,,,,,,,,,,,,,,,,,,,,,,,,,,,,,,,,,,,,,,,,,,,30161700,,,,,6 in,,,,1 in,,,,,,,,,,80%,No
,,,,,,,Decking,Decking,Deck Boards,,543140020,1nx6-20' Biscayne Sq Edge - Trex Transcend Lineage Decking,TREX,,,U S Lumber (3073),U S Lumber,Trex®,Trex®,543140020,,Building Materials & Hardscape>Decking>Deck Boards,"Trex®, Deck Board, 1nx6, Yellow, 1nx6-20' Biscayne Sq Edge - Transcend Lineage",DECK BOARD 1NX6,TREX 543140020 Deck Board,"TREX, Deck Board, 1 in Width, 6 in",Deck Board,"Discover the Trex® Deck Board, engineered for outstanding performance and lasting durability. With a focus on quality and efficiency, this Deck Board is the perfect addition to any modern home.",,,,,,,,,,,,,,,,,,,,,,,,Deck Board,,Deck Board,Width,1 in,,length,6 in,,Color,Yellow,,,,,,,,,,,,,,,,,,,,,,,,,,,,,,,,,,,,,,,,,,,,,,,,,,,,,,,,,,,,,,,,,,,,,,,,,,,,,,,,,,,,,,,,,,,,,,,,,,,,,,,,,,,,,,,,,,,,,,,,,,,,,,,,,,,,,,,,,,,,,,,,,,30161700,,,,,6 in,,,,1 in,,,,,,,,,,80%,No
,,,,,,,Decking,Decking,Deck Boards,,543142016,1nx6-16' Carmel Sq Edge - Trex Transcend Lineage Decking,TREX,,,U S Lumber (3073),U S Lumber,Trex®,Trex®,543142016,,Building Materials & Hardscape>Decking>Deck Boards,"Trex®, Deck Board, 1nx6, Yellow, 1nx6-16' Carmel Sq Edge - Transcend Lineage",DECK BOARD 1NX6,TREX 543142016 Deck Board,"TREX, Deck Board, 1 in Width, 6 in",Deck Board,"Discover the Trex® Deck Board, engineered for outstanding performance and lasting durability. With a focus on quality and efficiency, this Deck Board is the perfect addition to any modern home.",,,,,,,,,,,,,,,,,,,,,,,,Deck Board,,Deck Board,Width,1 in,,length,6 in,,Color,Yellow,,,,,,,,,,,,,,,,,,,,,,,,,,,,,,,,,,,,,,,,,,,,,,,,,,,,,,,,,,,,,,,,,,,,,,,,,,,,,,,,,,,,,,,,,,,,,,,,,,,,,,,,,,,,,,,,,,,,,,,,,,,,,,,,,,,,,,,,,,,,,,,,,,30161700,,,,,6 in,,,,1 in,,,,,,,,,,80%,No
,,,,,,,Decking,Decking,Deck Boards,,543142020,1nx6-20' Carmel Sq Edge - Trex Transcend Lineage Decking,TREX,,,U S Lumber (3073),U S Lumber,Trex®,Trex®,543142020,,Building Materials & Hardscape>Decking>Deck Boards,"Trex®, Deck Board, 1nx6, Yellow, 1nx6-20' Carmel Sq Edge - Transcend Lineage",DECK BOARD 1NX6,TREX 543142020 Deck Board,"TREX, Deck Board, 1 in Width, 6 in",Deck Board,"Discover the Trex® Deck Board, engineered for outstanding performance and lasting durability. With a focus on quality and efficiency, this Deck Board is the perfect addition to any modern home.",,,,,,,,,,,,,,,,,,,,,,,,Deck Board,,Deck Board,Width,1 in,,length,6 in,,Color,Yellow,,,,,,,,,,,,,,,,,,,,,,,,,,,,,,,,,,,,,,,,,,,,,,,,,,,,,,,,,,,,,,,,,,,,,,,,,,,,,,,,,,,,,,,,,,,,,,,,,,,,,,,,,,,,,,,,,,,,,,,,,,,,,,,,,,,,,,,,,,,,,,,,,,30161700,,,,,6 in,,,,1 in,,,,,,,,,,80%,No
,,,,,,,Decking,Decking,Deck Boards,,543144016,1nx6-16' Island Mist Sq Edge - Trex Transcend Lineage Decking,TREX,,,U S Lumber (3073),U S Lumber,Trex®,Trex®,543144016,,Building Materials & Hardscape>Decking>Deck Boards,"Trex®, Deck Board, 1nx6, Yellow, 1nx6-16' Island Mist Sq Edge - Transcend",DECK BOARD 1NX6,TREX 543144016 Deck Board,"TREX, Deck Board, 1 in Width, 6 in",Deck Board,"Discover the Trex® Deck Board, engineered for outstanding performance and lasting durability. With a focus on quality and efficiency, this Deck Board is the perfect addition to any modern home.",,,,,,,,,,,,,,,,,,,,,,,,Deck Board,,Deck Board,Width,1 in,,length,6 in,,Color,Yellow,,,,,,,,,,,,,,,,,,,,,,,,,,,,,,,,,,,,,,,,,,,,,,,,,,,,,,,,,,,,,,,,,,,,,,,,,,,,,,,,,,,,,,,,,,,,,,,,,,,,,,,,,,,,,,,,,,,,,,,,,,,,,,,,,,,,,,,,,,,,,,,,,,30161700,,,,,6 in,,,,1 in,,,,,,,,,,80%,No
,,,,,,,Decking,Decking,Deck Boards,,543144020,1nx6-20' Island Mist Sq Edge - Trex Transcend Lineage Decking,TREX,,,U S Lumber (3073),U S Lumber,Trex®,Trex®,543144020,,Building Materials & Hardscape>Decking>Deck Boards,"Trex®, Deck Board, 1nx6, Yellow, 1nx6-20' Island Mist Sq Edge - Transcend",DECK BOARD 1NX6,TREX 543144020 Deck Board,"TREX, Deck Board, 1 in Width, 6 in",Deck Board,"Discover the Trex® Deck Board, engineered for outstanding performance and lasting durability. With a focus on quality and efficiency, this Deck Board is the perfect addition to any modern home.",,,,,,,,,,,,,,,,,,,,,,,,Deck Board,,Deck Board,Width,1 in,,length,6 in,,Color,Yellow,,,,,,,,,,,,,,,,,,,,,,,,,,,,,,,,,,,,,,,,,,,,,,,,,,,,,,,,,,,,,,,,,,,,,,,,,,,,,,,,,,,,,,,,,,,,,,,,,,,,,,,,,,,,,,,,,,,,,,,,,,,,,,,,,,,,,,,,,,,,,,,,,,30161700,,,,,6 in,,,,1 in,,,,,,,,,,80%,No
,,,,,,,Decking,Decking,Deck Boards,,543143016,1nx6-16' Jasper Sq Edge - Trex Transcend Lineage Decking,TREX,,,U S Lumber (3073),U S Lumber,Trex®,Trex®,543143016,,Building Materials & Hardscape>Decking>Deck Boards,"Trex®, Deck Board, 1nx6, Yellow, 1nx6-16' Jasper Sq Edge - Transcend Lineage",DECK BOARD 1NX6,TREX 543143016 Deck Board,"TREX, Deck Board, 1 in Width, 6 in",Deck Board,"Discover the Trex® Deck Board, engineered for outstanding performance and lasting durability. With a focus on quality and efficiency, this Deck Board is the perfect addition to any modern home.",,,,,,,,,,,,,,,,,,,,,,,,Deck Board,,Deck Board,Width,1 in,,length,6 in,,Color,Yellow,,,,,,,,,,,,,,,,,,,,,,,,,,,,,,,,,,,,,,,,,,,,,,,,,,,,,,,,,,,,,,,,,,,,,,,,,,,,,,,,,,,,,,,,,,,,,,,,,,,,,,,,,,,,,,,,,,,,,,,,,,,,,,,,,,,,,,,,,,,,,,,,,,30161700,,,,,6 in,,,,1 in,,,,,,,,,,80%,No
,,,,,,,Decking,Decking,Deck Boards,,543143020,1nx6-20' Jasper Sq Edge - Trex Transcend Lineage Decking,TREX,,,U S Lumber (3073),U S Lumber,Trex®,Trex®,543143020,,Building Materials & Hardscape>Decking>Deck Boards,"Trex®, Deck Board, 1nx6, Yellow, 1nx6-20' Jasper Sq Edge - Transcend Lineage",DECK BOARD 1NX6,TREX 543143020 Deck Board,"TREX, Deck Board, 1 in Width, 6 in",Deck Board,"Discover the Trex® Deck Board, engineered for outstanding performance and lasting durability. With a focus on quality and efficiency, this Deck Board is the perfect addition to any modern home.",,,,,,,,,,,,,,,,,,,,,,,,Deck Board,,Deck Board,Width,1 in,,length,6 in,,Color,Yellow,,,,,,,,,,,,,,,,,,,,,,,,,,,,,,,,,,,,,,,,,,,,,,,,,,,,,,,,,,,,,,,,,,,,,,,,,,,,,,,,,,,,,,,,,,,,,,,,,,,,,,,,,,,,,,,,,,,,,,,,,,,,,,,,,,,,,,,,,,,,,,,,,,30161700,,,,,6 in,,,,1 in,,,,,,,,,,80%,No
,,,,,,,Decking,Decking,Deck Boards,,543141016,1nx6-16' Rainier Sq Edge - Trex Transcend Lineage Decking,TREX,,,U S Lumber (3073),U S Lumber,Trex®,Trex®,543141016,,Building Materials & Hardscape>Decking>Deck Boards,"Trex®, Deck Board, 1nx6, Yellow, 1nx6-16' Rainier Sq Edge - Transcend Lineage",DECK BOARD 1NX6,TREX 543141016 Deck Board,"TREX, Deck Board, 1 in Width, 6 in",Deck Board,"Discover the Trex® Deck Board, engineered for outstanding performance and lasting durability. With a focus on quality and efficiency, this Deck Board is the perfect addition to any modern home.",,,,,,,,,,,,,,,,,,,,,,,,Deck Board,,Deck Board,Width,1 in,,length,6 in,,Color,Yellow,,,,,,,,,,,,,,,,,,,,,,,,,,,,,,,,,,,,,,,,,,,,,,,,,,,,,,,,,,,,,,,,,,,,,,,,,,,,,,,,,,,,,,,,,,,,,,,,,,,,,,,,,,,,,,,,,,,,,,,,,,,,,,,,,,,,,,,,,,,,,,,,,,30161700,,,,,6 in,,,,1 in,,,,,,,,,,80%,No
,,,,,,,Decking,Decking,Deck Boards,,543141020,1nx6-20' Rainier Sq Edge - Trex Transcend Lineage Decking,TREX,,,U S Lumber (3073),U S Lumber,Trex®,Trex®,543141020,,Building Materials & Hardscape>Decking>Deck Boards,"Trex®, Deck Board, 1nx6, Yellow, 1nx6-20' Rainier Sq Edge - Transcend Lineage",DECK BOARD 1NX6,TREX 543141020 Deck Board,"TREX, Deck Board, 1 in Width, 6 in",Deck Board,"Discover the Trex® Deck Board, engineered for outstanding performance and lasting durability. With a focus on quality and efficiency, this Deck Board is the perfect addition to any modern home.",,,,,,,,,,,,,,,,,,,,,,,,Deck Board,,Deck Board,Width,1 in,,length,6 in,,Color,Yellow,,,,,,,,,,,,,,,,,,,,,,,,,,,,,,,,,,,,,,,,,,,,,,,,,,,,,,,,,,,,,,,,,,,,,,,,,,,,,,,,,,,,,,,,,,,,,,,,,,,,,,,,,,,,,,,,,,,,,,,,,,,,,,,,,,,,,,,,,,,,,,,,,,30161700,,,,,6 in,,,,1 in,,,,,,,,,,80%,No
,,,,,,,Decking,Decking,Deck Boards,,543140412,1nx6-12' Biscayne Grooved - Trex Transcend Lineage Decking,TREX,,,U S Lumber (3073),U S Lumber,Trex®,Trex®,543140412,,Building Materials & Hardscape>Decking>Deck Boards,"Trex®, Decking, 1nx6, Yellow, 1nx6-12' Biscayne Grooved - Transcend Lineage",DECKING 1NX6,TREX 543140412 Decking,"TREX, Decking, 1 in Width, 6 in",Decking,"Discover the Trex® Decking, engineered for outstanding performance and lasting durability. With a focus on quality and efficiency, this Decking is the perfect addition to any modern home.",,,,,,,,,,,,,,,,,,,,,,,,Decking,,Decking,Width,1 in,,length,6 in,,Color,Yellow,,,,,,,,,,,,,,,,,,,,,,,,,,,,,,,,,,,,,,,,,,,,,,,,,,,,,,,,,,,,,,,,,,,,,,,,,,,,,,,,,,,,,,,,,,,,,,,,,,,,,,,,,,,,,,,,,,,,,,,,,,,,,,,,,,,,,,,,,,,,,,,,,,30161700,,,,,6 in,,,,1 in,,,,,,,,,,80%,No
,,,,,,,Decking,Decking,Deck Boards,,543140416,1nx6-16' Biscayne Grooved - Trex Transcend Lineage Decking,TREX,,,U S Lumber (3073),U S Lumber,Trex®,Trex®,543140416,,Building Materials & Hardscape>Decking>Deck Boards,"Trex®, Decking, 1nx6, Yellow, 1nx6-16' Biscayne Grooved - Transcend Lineage",DECKING 1NX6,TREX 543140416 Decking,"TREX, Decking, 1 in Width, 6 in",Decking,"Discover the Trex® Decking, engineered for outstanding performance and lasting durability. With a focus on quality and efficiency, this Decking is the perfect addition to any modern home.",,,,,,,,,,,,,,,,,,,,,,,,Decking,,Decking,Width,1 in,,length,6 in,,Color,Yellow,,,,,,,,,,,,,,,,,,,,,,,,,,,,,,,,,,,,,,,,,,,,,,,,,,,,,,,,,,,,,,,,,,,,,,,,,,,,,,,,,,,,,,,,,,,,,,,,,,,,,,,,,,,,,,,,,,,,,,,,,,,,,,,,,,,,,,,,,,,,,,,,,,30161700,,,,,6 in,,,,1 in,,,,,,,,,,80%,No
,,,,,,,Decking,Decking,Deck Boards,,543140420,1nx6-20' Biscayne Grooved - Trex Transcend Lineage Decking,TREX,,,U S Lumber (3073),U S Lumber,Trex®,Trex®,543140420,,Building Materials & Hardscape>Decking>Deck Boards,"Trex®, Decking, 1nx6, Yellow, 1nx6-20' Biscayne Grooved - Transcend Lineage",DECKING 1NX6,TREX 543140420 Decking,"TREX, Decking, 1 in Width, 6 in",Decking,"Discover the Trex® Decking, engineered for outstanding performance and lasting durability. With a focus on quality and efficiency, this Decking is the perfect addition to any modern home.",,,,,,,,,,,,,,,,,,,,,,,,Decking,,Decking,Width,1 in,,length,6 in,,Color,Yellow,,,,,,,,,,,,,,,,,,,,,,,,,,,,,,,,,,,,,,,,,,,,,,,,,,,,,,,,,,,,,,,,,,,,,,,,,,,,,,,,,,,,,,,,,,,,,,,,,,,,,,,,,,,,,,,,,,,,,,,,,,,,,,,,,,,,,,,,,,,,,,,,,,30161700,,,,,6 in,,,,1 in,,,,,,,,,,80%,No
,,,,,,,Decking,Decking,Deck Boards,,543142412,1nx6-12' Carmel Grooved - Trex Transcend Lineage Decking,TREX,,,U S Lumber (3073),U S Lumber,Trex®,Trex®,543142412,,Building Materials & Hardscape>Decking>Deck Boards,"Trex®, Decking, 1nx6, Yellow, 1nx6-12' Carmel Grooved - Transcend Lineage",DECKING 1NX6,TREX 543142412 Decking,"TREX, Decking, 1 in Width, 6 in",Decking,"Discover the Trex® Decking, engineered for outstanding performance and lasting durability. With a focus on quality and efficiency, this Decking is the perfect addition to any modern home.",,,,,,,,,,,,,,,,,,,,,,,,Decking,,Decking,Width,1 in,,length,6 in,,Color,Yellow,,,,,,,,,,,,,,,,,,,,,,,,,,,,,,,,,,,,,,,,,,,,,,,,,,,,,,,,,,,,,,,,,,,,,,,,,,,,,,,,,,,,,,,,,,,,,,,,,,,,,,,,,,,,,,,,,,,,,,,,,,,,,,,,,,,,,,,,,,,,,,,,,,30161700,,,,,6 in,,,,1 in,,,,,,,,,,80%,No
,,,,,,,Decking,Decking,Deck Boards,,543142416,1nx6-16' Carmel Grooved - Trex Transcend Lineage Decking,TREX,,,U S Lumber (3073),U S Lumber,Trex®,Trex®,543142416,,Building Materials & Hardscape>Decking>Deck Boards,"Trex®, Decking, 1nx6, Yellow, 1nx6-16' Carmel Grooved - Transcend Lineage",DECKING 1NX6,TREX 543142416 Decking,"TREX, Decking, 1 in Width, 6 in",Decking,"Discover the Trex® Decking, engineered for outstanding performance and lasting durability. With a focus on quality and efficiency, this Decking is the perfect addition to any modern home.",,,,,,,,,,,,,,,,,,,,,,,,Decking,,Decking,Width,1 in,,length,6 in,,Color,Yellow,,,,,,,,,,,,,,,,,,,,,,,,,,,,,,,,,,,,,,,,,,,,,,,,,,,,,,,,,,,,,,,,,,,,,,,,,,,,,,,,,,,,,,,,,,,,,,,,,,,,,,,,,,,,,,,,,,,,,,,,,,,,,,,,,,,,,,,,,,,,,,,,,,30161700,,,,,6 in,,,,1 in,,,,,,,,,,80%,No
,,,,,,,Decking,Decking,Deck Boards,,543142420,1nx6-20' Carmel Grooved - Trex Transcend Lineage Decking,TREX,,,U S Lumber (3073),U S Lumber,Trex®,Trex®,543142420,,Building Materials & Hardscape>Decking>Deck Boards,"Trex®, Decking, 1nx6, Yellow, 1nx6-20' Carmel Grooved - Transcend Lineage",DECKING 1NX6,TREX 543142420 Decking,"TREX, Decking, 1 in Width, 6 in",Decking,"Discover the Trex® Decking, engineered for outstanding performance and lasting durability. With a focus on quality and efficiency, this Decking is the perfect addition to any modern home.",,,,,,,,,,,,,,,,,,,,,,,,Decking,,Decking,Width,1 in,,length,6 in,,Color,Yellow,,,,,,,,,,,,,,,,,,,,,,,,,,,,,,,,,,,,,,,,,,,,,,,,,,,,,,,,,,,,,,,,,,,,,,,,,,,,,,,,,,,,,,,,,,,,,,,,,,,,,,,,,,,,,,,,,,,,,,,,,,,,,,,,,,,,,,,,,,,,,,,,,,30161700,,,,,6 in,,,,1 in,,,,,,,,,,80%,No
,,,,,,,Decking,Decking,Deck Boards,,543144412,1nx6-12' Island Mist Grooved - Trex Transcend Lineage Decking,TREX,,,U S Lumber (3073),U S Lumber,Trex®,Trex®,543144412,,Building Materials & Hardscape>Decking>Deck Boards,"Trex®, Decking, 1nx6, Yellow, 1nx6-12' Island Mist Grooved - Transcend Lineage",DECKING 1NX6,TREX 543144412 Decking,"TREX, Decking, 1 in Width, 6 in",Decking,"Discover the Trex® Decking, engineered for outstanding performance and lasting durability. With a focus on quality and efficiency, this Decking is the perfect addition to any modern home.",,,,,,,,,,,,,,,,,,,,,,,,Decking,,Decking,Width,1 in,,length,6 in,,Color,Yellow,,,,,,,,,,,,,,,,,,,,,,,,,,,,,,,,,,,,,,,,,,,,,,,,,,,,,,,,,,,,,,,,,,,,,,,,,,,,,,,,,,,,,,,,,,,,,,,,,,,,,,,,,,,,,,,,,,,,,,,,,,,,,,,,,,,,,,,,,,,,,,,,,,30161700,,,,,6 in,,,,1 in,,,,,,,,,,80%,No
,,,,,,,Decking,Decking,Deck Boards,,543144416,1nx6-16' Island Mist Grooved - Trex Transcend Lineage Decking,TREX,,,U S Lumber (3073),U S Lumber,Trex®,Trex®,543144416,,Building Materials & Hardscape>Decking>Deck Boards,"Trex®, Decking, 1nx6, Yellow, 1nx6-16' Island Mist Grooved - Transcend Lineage",DECKING 1NX6,TREX 543144416 Decking,"TREX, Decking, 1 in Width, 6 in",Decking,"Discover the Trex® Decking, engineered for outstanding performance and lasting durability. With a focus on quality and efficiency, this Decking is the perfect addition to any modern home.",,,,,,,,,,,,,,,,,,,,,,,,Decking,,Decking,Width,1 in,,length,6 in,,Color,Yellow,,,,,,,,,,,,,,,,,,,,,,,,,,,,,,,,,,,,,,,,,,,,,,,,,,,,,,,,,,,,,,,,,,,,,,,,,,,,,,,,,,,,,,,,,,,,,,,,,,,,,,,,,,,,,,,,,,,,,,,,,,,,,,,,,,,,,,,,,,,,,,,,,,30161700,,,,,6 in,,,,1 in,,,,,,,,,,80%,No
,,,,,,,Decking,Decking,Deck Boards,,543144420,1nx6-20' Island Mist Grooved - Trex Transcend Lineage Decking,TREX,,,U S Lumber (3073),U S Lumber,Trex®,Trex®,543144420,,Building Materials & Hardscape>Decking>Deck Boards,"Trex®, Decking, 1nx6, Yellow, 1nx6-20' Island Mist Grooved - Transcend Lineage",DECKING 1NX6,TREX 543144420 Decking,"TREX, Decking, 1 in Width, 6 in",Decking,"Discover the Trex® Decking, engineered for outstanding performance and lasting durability. With a focus on quality and efficiency, this Decking is the perfect addition to any modern home.",,,,,,,,,,,,,,,,,,,,,,,,Decking,,Decking,Width,1 in,,length,6 in,,Color,Yellow,,,,,,,,,,,,,,,,,,,,,,,,,,,,,,,,,,,,,,,,,,,,,,,,,,,,,,,,,,,,,,,,,,,,,,,,,,,,,,,,,,,,,,,,,,,,,,,,,,,,,,,,,,,,,,,,,,,,,,,,,,,,,,,,,,,,,,,,,,,,,,,,,,30161700,,,,,6 in,,,,1 in,,,,,,,,,,80%,No
,,,,,,,Decking,Decking,Deck Boards,,543143412,1nx6-12' Jasper Grooved - Trex Transcend Lineage Decking,TREX,,,U S Lumber (3073),U S Lumber,Trex®,Trex®,543143412,,Building Materials & Hardscape>Decking>Deck Boards,"Trex®, Decking, 1nx6, Yellow, 1nx6-12' Jasper Grooved - Transcend Lineage",DECKING 1NX6,TREX 543143412 Decking,"TREX, Decking, 1 in Width, 6 in",Decking,"Discover the Trex® Decking, engineered for outstanding performance and lasting durability. With a focus on quality and efficiency, this Decking is the perfect addition to any modern home.",,,,,,,,,,,,,,,,,,,,,,,,Decking,,Decking,Width,1 in,,length,6 in,,Color,Yellow,,,,,,,,,,,,,,,,,,,,,,,,,,,,,,,,,,,,,,,,,,,,,,,,,,,,,,,,,,,,,,,,,,,,,,,,,,,,,,,,,,,,,,,,,,,,,,,,,,,,,,,,,,,,,,,,,,,,,,,,,,,,,,,,,,,,,,,,,,,,,,,,,,30161700,,,,,6 in,,,,1 in,,,,,,,,,,80%,No
,,,,,,,Decking,Decking,Deck Boards,,543143416,1nx6-16' Jasper Grooved - Trex Transcend Lineage Decking,TREX,,,U S Lumber (3073),U S Lumber,Trex®,Trex®,543143416,,Building Materials & Hardscape>Decking>Deck Boards,"Trex®, Decking, 1nx6, Yellow, 1nx6-16' Jasper Grooved - Transcend Lineage",DECKING 1NX6,TREX 543143416 Decking,"TREX, Decking, 1 in Width, 6 in",Decking,"Discover the Trex® Decking, engineered for outstanding performance and lasting durability. With a focus on quality and efficiency, this Decking is the perfect addition to any modern home.",,,,,,,,,,,,,,,,,,,,,,,,Decking,,Decking,Width,1 in,,length,6 in,,Color,Yellow,,,,,,,,,,,,,,,,,,,,,,,,,,,,,,,,,,,,,,,,,,,,,,,,,,,,,,,,,,,,,,,,,,,,,,,,,,,,,,,,,,,,,,,,,,,,,,,,,,,,,,,,,,,,,,,,,,,,,,,,,,,,,,,,,,,,,,,,,,,,,,,,,,30161700,,,,,6 in,,,,1 in,,,,,,,,,,80%,No
,,,,,,,Decking,Decking,Deck Boards,,543143420,1nx6-20' Jasper Grooved - Trex Transcend Lineage Decking,TREX,,,U S Lumber (3073),U S Lumber,Trex®,Trex®,543143420,,Building Materials & Hardscape>Decking>Deck Boards,"Trex®, Decking, 1nx6, Yellow, 1nx6-20' Jasper Grooved - Transcend Lineage",DECKING 1NX6,TREX 543143420 Decking,"TREX, Decking, 1 in Width, 6 in",Decking,"Discover the Trex® Decking, engineered for outstanding performance and lasting durability. With a focus on quality and efficiency, this Decking is the perfect addition to any modern home.",,,,,,,,,,,,,,,,,,,,,,,,Decking,,Decking,Width,1 in,,length,6 in,,Color,Yellow,,,,,,,,,,,,,,,,,,,,,,,,,,,,,,,,,,,,,,,,,,,,,,,,,,,,,,,,,,,,,,,,,,,,,,,,,,,,,,,,,,,,,,,,,,,,,,,,,,,,,,,,,,,,,,,,,,,,,,,,,,,,,,,,,,,,,,,,,,,,,,,,,,30161700,,,,,6 in,,,,1 in,,,,,,,,,,80%,No
,,,,,,,Decking,Decking,Deck Boards,,543141412,1nx6-12' Rainier Grooved - Trex Transcend Lineage Decking,TREX,,,U S Lumber (3073),U S Lumber,Trex®,Trex®,543141412,,Building Materials & Hardscape>Decking>Deck Boards,"Trex®, Decking, 1nx6, Yellow, 1nx6-12' Rainier Grooved - Transcend Lineage",DECKING 1NX6,TREX 543141412 Decking,"TREX, Decking, 1 in Width, 6 in",Decking,"Discover the Trex® Decking, engineered for outstanding performance and lasting durability. With a focus on quality and efficiency, this Decking is the perfect addition to any modern home.",,,,,,,,,,,,,,,,,,,,,,,,Decking,,Decking,Width,1 in,,length,6 in,,Color,Yellow,,,,,,,,,,,,,,,,,,,,,,,,,,,,,,,,,,,,,,,,,,,,,,,,,,,,,,,,,,,,,,,,,,,,,,,,,,,,,,,,,,,,,,,,,,,,,,,,,,,,,,,,,,,,,,,,,,,,,,,,,,,,,,,,,,,,,,,,,,,,,,,,,,30161700,,,,,6 in,,,,1 in,,,,,,,,,,80%,No
,,,,,,,Decking,Decking,Deck Boards,,543141416,1nx6-16' Rainier Grooved - Trex Transcend Lineage Decking,TREX,,,U S Lumber (3073),U S Lumber,Trex®,Trex®,543141416,,Building Materials & Hardscape>Decking>Deck Boards,"Trex®, Decking, 1nx6, Yellow, 1nx6-16' Rainier Grooved - Transcend Lineage",DECKING 1NX6,TREX 543141416 Decking,"TREX, Decking, 1 in Width, 6 in",Decking,"Discover the Trex® Decking, engineered for outstanding performance and lasting durability. With a focus on quality and efficiency, this Decking is the perfect addition to any modern home.",,,,,,,,,,,,,,,,,,,,,,,,Decking,,Decking,Width,1 in,,length,6 in,,Color,Yellow,,,,,,,,,,,,,,,,,,,,,,,,,,,,,,,,,,,,,,,,,,,,,,,,,,,,,,,,,,,,,,,,,,,,,,,,,,,,,,,,,,,,,,,,,,,,,,,,,,,,,,,,,,,,,,,,,,,,,,,,,,,,,,,,,,,,,,,,,,,,,,,,,,30161700,,,,,6 in,,,,1 in,,,,,,,,,,80%,No
,,,,,,,Decking,Decking,Deck Boards,,543141420,1nx6-20' Rainier Grooved - Trex Transcend Lineage Decking,TREX,,,U S Lumber (3073),U S Lumber,Trex®,Trex®,543141420,,Building Materials & Hardscape>Decking>Deck Boards,"Trex®, Decking, 1nx6, Yellow, 1nx6-20' Rainier Grooved - Transcend Lineage",DECKING 1NX6,TREX 543141420 Decking,"TREX, Decking, 1 in Width, 6 in",Decking,"Discover the Trex® Decking, engineered for outstanding performance and lasting durability. With a focus on quality and efficiency, this Decking is the perfect addition to any modern home.",,,,,,,,,,,,,,,,,,,,,,,,Decking,,Decking,Width,1 in,,length,6 in,,Color,Yellow,,,,,,,,,,,,,,,,,,,,,,,,,,,,,,,,,,,,,,,,,,,,,,,,,,,,,,,,,,,,,,,,,,,,,,,,,,,,,,,,,,,,,,,,,,,,,,,,,,,,,,,,,,,,,,,,,,,,,,,,,,,,,,,,,,,,,,,,,,,,,,,,,,30161700,,,,,6 in,,,,1 in,,,,,,,,,,80%,No
,,,,,,,Decking,Decking,Deck Boards,,1513703,1nx6-16' Hatteras Sq Edge - Trex Transcend Lineage Decking,TREX,,,Boise Cascade Building Materials (BOICA),Boise Cascade Building Materials,Trex®,Trex®,1513703,,Building Materials & Hardscape>Decking>Deck Boards,"Boise Cascade Building Materials, Trex, Deck Board, 1513703, 1nx6",DECK BOARD 1NX6,TREX 1513703 Deck Board,"TREX, Deck Board, 1 in Width, 6 in",Deck Board,"Discover the Trex® Deck Board, engineered for outstanding performance and lasting durability. With a focus on quality and efficiency, this Deck Board is the perfect addition to any modern home.",,,,,,,,,,,,,,,,,,,,,,,,Deck Board,,Deck Board,Width,1 in,,length,6 in,,Color,Yellow,,,,,,,,,,,,,,,,,,,,,,,,,,,,,,,,,,,,,,,,,,,,,,,,,,,,,,,,,,,,,,,,,,,,,,,,,,,,,,,,,,,,,,,,,,,,,,,,,,,,,,,,,,,,,,,,,,,,,,,,,,,,,,,,,,,,,,,,,,,,,,,,,,30161700,,,,,6 in,,,,1 in,,,,,,,,,,80%,No
,,,,,,,Decking,Decking,Deck Boards,,1513704,1nx6-20' Hatteras Sq Edge - Trex Transcend Lineage Decking,TREX,,,Boise Cascade Building Materials (BOICA),Boise Cascade Building Materials,Trex®,Trex®,1513704,,Building Materials & Hardscape>Decking>Deck Boards,"Boise Cascade Building Materials, Trex, Deck Board, 1513704, 1nx6",DECK BOARD 1NX6,TREX 1513704 Deck Board,"TREX, Deck Board, 1 in Width, 6 in",Deck Board,"Discover the Trex® Deck Board, engineered for outstanding performance and lasting durability. With a focus on quality and efficiency, this Deck Board is the perfect addition to any modern home.",,,,,,,,,,,,,,,,,,,,,,,,Deck Board,,Deck Board,Width,1 in,,length,6 in,,Color,Yellow,,,,,,,,,,,,,,,,,,,,,,,,,,,,,,,,,,,,,,,,,,,,,,,,,,,,,,,,,,,,,,,,,,,,,,,,,,,,,,,,,,,,,,,,,,,,,,,,,,,,,,,,,,,,,,,,,,,,,,,,,,,,,,,,,,,,,,,,,,,,,,,,,,30161700,,,,,6 in,,,,1 in,,,,,,,,,,80%,No
,,,,,,,Decking,Decking,Deck Boards,,1513705,1nx6-12' Hatteras Grooved - Trex Transcend Lineage Decking,TREX,,,Boise Cascade Building Materials (BOICA),Boise Cascade Building Materials,Trex®,Trex®,1513705,,Building Materials & Hardscape>Decking>Deck Boards,"Boise Cascade Building Materials, Trex, Decking, 1513705, 1nx6",DECKING 1NX6,TREX 1513705 Decking,"TREX, Decking, 1 in Width, 6 in",Decking,"Discover the Trex® Decking, engineered for outstanding performance and lasting durability. With a focus on quality and efficiency, this Decking is the perfect addition to any modern home.",,,,,,,,,,,,,,,,,,,,,,,,Decking,,Decking,Width,1 in,,length,6 in,,Color,Yellow,,,,,,,,,,,,,,,,,,,,,,,,,,,,,,,,,,,,,,,,,,,,,,,,,,,,,,,,,,,,,,,,,,,,,,,,,,,,,,,,,,,,,,,,,,,,,,,,,,,,,,,,,,,,,,,,,,,,,,,,,,,,,,,,,,,,,,,,,,,,,,,,,,30161700,,,,,6 in,,,,1 in,,,,,,,,,,80%,No
,,,,,,,Decking,Decking,Deck Boards,,1513706,1nx6-16' Hatteras Grooved - Trex Transcend Lineage Decking,TREX,,,Boise Cascade Building Materials (BOICA),Boise Cascade Building Materials,Trex®,Trex®,1513706,,Building Materials & Hardscape>Decking>Deck Boards,"Boise Cascade Building Materials, Trex, Decking, 1513706, 1nx6",DECKING 1NX6,TREX 1513706 Decking,"TREX, Decking, 1 in Width, 6 in",Decking,"Discover the Trex® Decking, engineered for outstanding performance and lasting durability. With a focus on quality and efficiency, this Decking is the perfect addition to any modern home.",,,,,,,,,,,,,,,,,,,,,,,,Decking,,Decking,Width,1 in,,length,6 in,,Color,Yellow,,,,,,,,,,,,,,,,,,,,,,,,,,,,,,,,,,,,,,,,,,,,,,,,,,,,,,,,,,,,,,,,,,,,,,,,,,,,,,,,,,,,,,,,,,,,,,,,,,,,,,,,,,,,,,,,,,,,,,,,,,,,,,,,,,,,,,,,,,,,,,,,,,30161700,,,,,6 in,,,,1 in,,,,,,,,,,80%,No
,,,,,,,Decking,Decking,Deck Boards,,1513707,1nx6-20' Hatteras Grooved - Trex Transcend Lineage Decking,TREX,,,Boise Cascade Building Materials (BOICA),Boise Cascade Building Materials,Trex®,Trex®,1513707,,Building Materials & Hardscape>Decking>Deck Boards,"Boise Cascade Building Materials, Trex, Decking, 1513707, 1nx6",DECKING 1NX6,TREX 1513707 Decking,"TREX, Decking, 1 in Width, 6 in",Decking,"Discover the Trex® Decking, engineered for outstanding performance and lasting durability. With a focus on quality and efficiency, this Decking is the perfect addition to any modern home.",,,,,,,,,,,,,,,,,,,,,,,,Decking,,Decking,Width,1 in,,length,6 in,,Color,Yellow,,,,,,,,,,,,,,,,,,,,,,,,,,,,,,,,,,,,,,,,,,,,,,,,,,,,,,,,,,,,,,,,,,,,,,,,,,,,,,,,,,,,,,,,,,,,,,,,,,,,,,,,,,,,,,,,,,,,,,,,,,,,,,,,,,,,,,,,,,,,,,,,,,30161700,,,,,6 in,,,,1 in,,,,,,,,,,80%,No
,,,,,,,Decking,Decking,Deck Boards,,1513708,1nx6-16' Salt Flat Sq Edge - Trex Transcend Lineage Decking,TREX,,,Boise Cascade Building Materials (BOICA),Boise Cascade Building Materials,Trex®,Trex®,1513708,,Building Materials & Hardscape>Decking>Deck Boards,"Boise Cascade Building Materials, Trex, Deck Board, 1513708, 1nx6",DECK BOARD 1NX6,TREX 1513708 Deck Board,"TREX, Deck Board, 1 in Width, 6 in",Deck Board,"Discover the Trex® Deck Board, engineered for outstanding performance and lasting durability. With a focus on quality and efficiency, this Deck Board is the perfect addition to any modern home.",,,,,,,,,,,,,,,,,,,,,,,,Deck Board,,Deck Board,Style,Flat,,Head Type,Flat,,Width,1 in,,length,6 in,,Color,Yellow,,,,,,,,,,,,,,,,,,,,,,,,,,,,,,,,,,,,,,,,,,,,,,,,,,,,,,,,,,,,,,,,,,,,,,,,,,,,,,,,,,,,,,,,,,,,,,,,,,,,,,,,,,,,,,,,,,,,,,,,,,,,,,,,,,,,,,,,,,,,30161700,,,,,6 in,,,,1 in,,,,,,,,,,85%,No
,,,,,,,Decking,Decking,Deck Boards,,1513709,1nx6-20' Salt Flat Sq Edge - Trex Transcend Lineage Decking,TREX,,,Boise Cascade Building Materials (BOICA),Boise Cascade Building Materials,Trex®,Trex®,1513709,,Building Materials & Hardscape>Decking>Deck Boards,"Boise Cascade Building Materials, Trex, Deck Board, 1513709, 1nx6",DECK BOARD 1NX6,TREX 1513709 Deck Board,"TREX, Deck Board, 1 in Width, 6 in",Deck Board,"Discover the Trex® Deck Board, engineered for outstanding performance and lasting durability. With a focus on quality and efficiency, this Deck Board is the perfect addition to any modern home.",,,,,,,,,,,,,,,,,,,,,,,,Deck Board,,Deck Board,Style,Flat,,Head Type,Flat,,Width,1 in,,length,6 in,,Color,Yellow,,,,,,,,,,,,,,,,,,,,,,,,,,,,,,,,,,,,,,,,,,,,,,,,,,,,,,,,,,,,,,,,,,,,,,,,,,,,,,,,,,,,,,,,,,,,,,,,,,,,,,,,,,,,,,,,,,,,,,,,,,,,,,,,,,,,,,,,,,,,30161700,,,,,6 in,,,,1 in,,,,,,,,,,85%,No
,,,,,,,Decking,Decking,Deck Boards,,1513710,1nx6-12' Salt Flat Grooved - Trex Transcend Lineage Decking,TREX,,,Boise Cascade Building Materials (BOICA),Boise Cascade Building Materials,Trex®,Trex®,1513710,,Building Materials & Hardscape>Decking>Deck Boards,"Boise Cascade Building Materials, Trex, Decking, 1513710, 1nx6",DECKING 1NX6,TREX 1513710 Decking,"TREX, Decking, 1 in Width, 6 in",Decking,"Discover the Trex® Decking, engineered for outstanding performance and lasting durability. With a focus on quality and efficiency, this Decking is the perfect addition to any modern home.",,,,,,,,,,,,,,,,,,,,,,,,Decking,,Decking,Style,Flat,,Head Type,Flat,,Width,1 in,,length,6 in,,Color,Yellow,,,,,,,,,,,,,,,,,,,,,,,,,,,,,,,,,,,,,,,,,,,,,,,,,,,,,,,,,,,,,,,,,,,,,,,,,,,,,,,,,,,,,,,,,,,,,,,,,,,,,,,,,,,,,,,,,,,,,,,,,,,,,,,,,,,,,,,,,,,,30161700,,,,,6 in,,,,1 in,,,,,,,,,,85%,No
,,,,,,,Decking,Decking,Deck Boards,,1513711,1nx6-16' Salt Flat Grooved - Trex Transcend Lineage Decking,TREX,,,Boise Cascade Building Materials (BOICA),Boise Cascade Building Materials,Trex®,Trex®,1513711,,Building Materials & Hardscape>Decking>Deck Boards,"Boise Cascade Building Materials, Trex, Decking, 1513711, 1nx6",DECKING 1NX6,TREX 1513711 Decking,"TREX, Decking, 1 in Width, 6 in",Decking,"Discover the Trex® Decking, engineered for outstanding performance and lasting durability. With a focus on quality and efficiency, this Decking is the perfect addition to any modern home.",,,,,,,,,,,,,,,,,,,,,,,,Decking,,Decking,Style,Flat,,Head Type,Flat,,Width,1 in,,length,6 in,,Color,Yellow,,,,,,,,,,,,,,,,,,,,,,,,,,,,,,,,,,,,,,,,,,,,,,,,,,,,,,,,,,,,,,,,,,,,,,,,,,,,,,,,,,,,,,,,,,,,,,,,,,,,,,,,,,,,,,,,,,,,,,,,,,,,,,,,,,,,,,,,,,,,30161700,,,,,6 in,,,,1 in,,,,,,,,,,85%,No
,,,,,,,Decking,Decking,Deck Boards,,1513712,1nx6-20' Salt Flat Grooved - Trex Transcend Lineage Decking,TREX,,,Boise Cascade Building Materials (BOICA),Boise Cascade Building Materials,Trex®,Trex®,1513712,,Building Materials & Hardscape>Decking>Deck Boards,"Boise Cascade Building Materials, Trex, Decking, 1513712, 1nx6",DECKING 1NX6,TREX 1513712 Decking,"TREX, Decking, 1 in Width, 6 in",Decking,"Discover the Trex® Decking, engineered for outstanding performance and lasting durability. With a focus on quality and efficiency, this Decking is the perfect addition to any modern home.",,,,,,,,,,,,,,,,,,,,,,,,Decking,,Decking,Style,Flat,,Head Type,Flat,,Width,1 in,,length,6 in,,Color,Yellow,,,,,,,,,,,,,,,,,,,,,,,,,,,,,,,,,,,,,,,,,,,,,,,,,,,,,,,,,,,,,,,,,,,,,,,,,,,,,,,,,,,,,,,,,,,,,,,,,,,,,,,,,,,,,,,,,,,,,,,,,,,,,,,,,,,,,,,,,,,,30161700,,,,,6 in,,,,1 in,,,,,,,,,,85%,No
,,,,,,,Decking,Decking,Deck Boards,,1513717,1nx6-16' Honey Grove Sq Edge - Trex Enhance Naturals Decking,TREX,,,Boise Cascade Building Materials (BOICA),Boise Cascade Building Materials,Trex®,Trex®,1513717,,Building Materials & Hardscape>Decking>Deck Boards,"Boise Cascade Building Materials, Trex, Deck Board, 1513717, 1nx6",DECK BOARD 1NX6,TREX 1513717 Deck Board,"TREX, Deck Board, 1 in Width, 6 in",Deck Board,"Discover the Trex® Deck Board, engineered for outstanding performance and lasting durability. With a focus on quality and efficiency, this Deck Board is the perfect addition to any modern home.",,,,,,,,,,,,,,,,,,,,,,,,Deck Board,,Deck Board,Width,1 in,,length,6 in,,Color,Yellow,,,,,,,,,,,,,,,,,,,,,,,,,,,,,,,,,,,,,,,,,,,,,,,,,,,,,,,,,,,,,,,,,,,,,,,,,,,,,,,,,,,,,,,,,,,,,,,,,,,,,,,,,,,,,,,,,,,,,,,,,,,,,,,,,,,,,,,,,,,,,,,,,,30161700,,,,,6 in,,,,1 in,,,,,,,,,,80%,No
,,,,,,,Decking,Decking,Deck Boards,,1513718,1nx6-20' Honey Grove Sq Edge - Trex Enhance Naturals Decking,TREX,,,Boise Cascade Building Materials (BOICA),Boise Cascade Building Materials,Trex®,Trex®,1513718,,Building Materials & Hardscape>Decking>Deck Boards,"Boise Cascade Building Materials, Trex, Deck Board, 1513718, 1nx6",DECK BOARD 1NX6,TREX 1513718 Deck Board,"TREX, Deck Board, 1 in Width, 6 in",Deck Board,"Discover the Trex® Deck Board, engineered for outstanding performance and lasting durability. With a focus on quality and efficiency, this Deck Board is the perfect addition to any modern home.",,,,,,,,,,,,,,,,,,,,,,,,Deck Board,,Deck Board,Width,1 in,,length,6 in,,Color,Yellow,,,,,,,,,,,,,,,,,,,,,,,,,,,,,,,,,,,,,,,,,,,,,,,,,,,,,,,,,,,,,,,,,,,,,,,,,,,,,,,,,,,,,,,,,,,,,,,,,,,,,,,,,,,,,,,,,,,,,,,,,,,,,,,,,,,,,,,,,,,,,,,,,,30161700,,,,,6 in,,,,1 in,,,,,,,,,,80%,No
,,,,,,,Decking,Decking,Deck Boards,,1513719,1nx6-12' Honey Grove Grooved - Trex Enhance Naturals Decking,TREX,,,Boise Cascade Building Materials (BOICA),Boise Cascade Building Materials,Trex®,Trex®,1513719,,Building Materials & Hardscape>Decking>Deck Boards,"Boise Cascade Building Materials, Trex, Decking, 1513719, 1nx6",DECKING 1NX6,TREX 1513719 Decking,"TREX, Decking, 1 in Width, 6 in",Decking,"Discover the Trex® Decking, engineered for outstanding performance and lasting durability. With a focus on quality and efficiency, this Decking is the perfect addition to any modern home.",,,,,,,,,,,,,,,,,,,,,,,,Decking,,Decking,Width,1 in,,length,6 in,,Color,Yellow,,,,,,,,,,,,,,,,,,,,,,,,,,,,,,,,,,,,,,,,,,,,,,,,,,,,,,,,,,,,,,,,,,,,,,,,,,,,,,,,,,,,,,,,,,,,,,,,,,,,,,,,,,,,,,,,,,,,,,,,,,,,,,,,,,,,,,,,,,,,,,,,,,30161700,,,,,6 in,,,,1 in,,,,,,,,,,80%,No
,,,,,,,Decking,Decking,Deck Boards,,1513720,1nx6-16' Honey Grove Grooved - Trex Enhance Naturals Decking,TREX,,,Boise Cascade Building Materials (BOICA),Boise Cascade Building Materials,Trex®,Trex®,1513720,,Building Materials & Hardscape>Decking>Deck Boards,"Boise Cascade Building Materials, Trex, Decking, 1513720, 1nx6",DECKING 1NX6,TREX 1513720 Decking,"TREX, Decking, 1 in Width, 6 in",Decking,"Discover the Trex® Decking, engineered for outstanding performance and lasting durability. With a focus on quality and efficiency, this Decking is the perfect addition to any modern home.",,,,,,,,,,,,,,,,,,,,,,,,Decking,,Decking,Width,1 in,,length,6 in,,Color,Yellow,,,,,,,,,,,,,,,,,,,,,,,,,,,,,,,,,,,,,,,,,,,,,,,,,,,,,,,,,,,,,,,,,,,,,,,,,,,,,,,,,,,,,,,,,,,,,,,,,,,,,,,,,,,,,,,,,,,,,,,,,,,,,,,,,,,,,,,,,,,,,,,,,,30161700,,,,,6 in,,,,1 in,,,,,,,,,,80%,No
,,,,,,,Decking,Decking,Deck Boards,,1513721,1nx6-20' Honey Grove Grooved - Trex Enhance Naturals Decking,TREX,,,Boise Cascade Building Materials (BOICA),Boise Cascade Building Materials,Trex®,Trex®,1513721,,Building Materials & Hardscape>Decking>Deck Boards,"Boise Cascade Building Materials, Trex, Decking, 1513721, 1nx6",DECKING 1NX6,TREX 1513721 Decking,"TREX, Decking, 1 in Width, 6 in",Decking,"Discover the Trex® Decking, engineered for outstanding performance and lasting durability. With a focus on quality and efficiency, this Decking is the perfect addition to any modern home.",,,,,,,,,,,,,,,,,,,,,,,,Decking,,Decking,Width,1 in,,length,6 in,,Color,Yellow,,,,,,,,,,,,,,,,,,,,,,,,,,,,,,,,,,,,,,,,,,,,,,,,,,,,,,,,,,,,,,,,,,,,,,,,,,,,,,,,,,,,,,,,,,,,,,,,,,,,,,,,,,,,,,,,,,,,,,,,,,,,,,,,,,,,,,,,,,,,,,,,,,30161700,,,,,6 in,,,,1 in,,,,,,,,,,80%,No
,,,,,,,Decking,Decking,Deck Boards,,1513724,1nx6-16' Tide Pool Sq Edge - Trex Enhance Basics Decking,TREX,,,Boise Cascade Building Materials (BOICA),Boise Cascade Building Materials,Trex®,Trex®,1513724,,Building Materials & Hardscape>Decking>Deck Boards,"Boise Cascade Building Materials, Trex, Deck Board, 1513724, 1nx6",DECK BOARD 1NX6,TREX 1513724 Deck Board,"TREX, Deck Board, 1 in Width, 6 in",Deck Board,"Discover the Trex® Deck Board, engineered for outstanding performance and lasting durability. With a focus on quality and efficiency, this Deck Board is the perfect addition to any modern home.",,,,,,,,,,,,,,,,,,,,,,,,Deck Board,,Deck Board,Width,1 in,,length,6 in,,Color,Yellow,,,,,,,,,,,,,,,,,,,,,,,,,,,,,,,,,,,,,,,,,,,,,,,,,,,,,,,,,,,,,,,,,,,,,,,,,,,,,,,,,,,,,,,,,,,,,,,,,,,,,,,,,,,,,,,,,,,,,,,,,,,,,,,,,,,,,,,,,,,,,,,,,,30161700,,,,,6 in,,,,1 in,,,,,,,,,,80%,No
,,,,,,,Decking,Decking,Deck Boards,,1513725,1nx6-20' Tide Pool Sq Edge - Trex Enhance Basics Decking,TREX,,,Boise Cascade Building Materials (BOICA),Boise Cascade Building Materials,Trex®,Trex®,1513725,,Building Materials & Hardscape>Decking>Deck Boards,"Boise Cascade Building Materials, Trex, Deck Board, 1513725, 1nx6",DECK BOARD 1NX6,TREX 1513725 Deck Board,"TREX, Deck Board, 1 in Width, 6 in",Deck Board,"Discover the Trex® Deck Board, engineered for outstanding performance and lasting durability. With a focus on quality and efficiency, this Deck Board is the perfect addition to any modern home.",,,,,,,,,,,,,,,,,,,,,,,,Deck Board,,Deck Board,Width,1 in,,length,6 in,,Color,Yellow,,,,,,,,,,,,,,,,,,,,,,,,,,,,,,,,,,,,,,,,,,,,,,,,,,,,,,,,,,,,,,,,,,,,,,,,,,,,,,,,,,,,,,,,,,,,,,,,,,,,,,,,,,,,,,,,,,,,,,,,,,,,,,,,,,,,,,,,,,,,,,,,,,30161700,,,,,6 in,,,,1 in,,,,,,,,,,80%,No
,,,,,,,Decking,Decking,Deck Boards,,1513726,1nx6-12' Tide Pool Grooved - Trex Enhance Basics Decking,TREX,,,Boise Cascade Building Materials (BOICA),Boise Cascade Building Materials,Trex®,Trex®,1513726,,Building Materials & Hardscape>Decking>Deck Boards,"Boise Cascade Building Materials, Trex, Decking, 1513726, 1nx6",DECKING 1NX6,TREX 1513726 Decking,"TREX, Decking, 1 in Width, 6 in",Decking,"Discover the Trex® Decking, engineered for outstanding performance and lasting durability. With a focus on quality and efficiency, this Decking is the perfect addition to any modern home.",,,,,,,,,,,,,,,,,,,,,,,,Decking,,Decking,Width,1 in,,length,6 in,,Color,Yellow,,,,,,,,,,,,,,,,,,,,,,,,,,,,,,,,,,,,,,,,,,,,,,,,,,,,,,,,,,,,,,,,,,,,,,,,,,,,,,,,,,,,,,,,,,,,,,,,,,,,,,,,,,,,,,,,,,,,,,,,,,,,,,,,,,,,,,,,,,,,,,,,,,30161700,,,,,6 in,,,,1 in,,,,,,,,,,80%,No
,,,,,,,Decking,Decking,Deck Boards,,1513727,1nx6-16' Tide Pool Grooved - Trex Enhance Basics Decking,TREX,,,Boise Cascade Building Materials (BOICA),Boise Cascade Building Materials,Trex®,Trex®,1513727,,Building Materials & Hardscape>Decking>Deck Boards,"Boise Cascade Building Materials, Trex, Decking, 1513727, 1nx6",DECKING 1NX6,TREX 1513727 Decking,"TREX, Decking, 1 in Width, 6 in",Decking,"Discover the Trex® Decking, engineered for outstanding performance and lasting durability. With a focus on quality and efficiency, this Decking is the perfect addition to any modern home.",,,,,,,,,,,,,,,,,,,,,,,,Decking,,Decking,Width,1 in,,length,6 in,,Color,Yellow,,,,,,,,,,,,,,,,,,,,,,,,,,,,,,,,,,,,,,,,,,,,,,,,,,,,,,,,,,,,,,,,,,,,,,,,,,,,,,,,,,,,,,,,,,,,,,,,,,,,,,,,,,,,,,,,,,,,,,,,,,,,,,,,,,,,,,,,,,,,,,,,,,30161700,,,,,6 in,,,,1 in,,,,,,,,,,80%,No
,,,,,,,Decking,Decking,Deck Boards,,1513728,1nx6-20' Tide Pool Grooved - Trex Enhance Basics Decking,TREX,,,Boise Cascade Building Materials (BOICA),Boise Cascade Building Materials,Trex®,Trex®,1513728,,Building Materials & Hardscape>Decking>Deck Boards,"Boise Cascade Building Materials, Trex, Decking, 1513728, 1nx6",DECKING 1NX6,TREX 1513728 Decking,"TREX, Decking, 1 in Width, 6 in",Decking,"Discover the Trex® Decking, engineered for outstanding performance and lasting durability. With a focus on quality and efficiency, this Decking is the perfect addition to any modern home.",,,,,,,,,,,,,,,,,,,,,,,,Decking,,Decking,Width,1 in,,length,6 in,,Color,Yellow,,,,,,,,,,,,,,,,,,,,,,,,,,,,,,,,,,,,,,,,,,,,,,,,,,,,,,,,,,,,,,,,,,,,,,,,,,,,,,,,,,,,,,,,,,,,,,,,,,,,,,,,,,,,,,,,,,,,,,,,,,,,,,,,,,,,,,,,,,,,,,,,,,30161700,,,,,6 in,,,,1 in,,,,,,,,,,80%,No
,,,,,,,Decking,Decking,Deck Boards,,543076016,1nx6-16' Cinnamon Cove Sq Edge - Trex Enhance Naturals Decking,TREX,,,Boise Cascade Building Materials (BOICA),Boise Cascade Building Materials,Trex®,Trex®,543076016,,Building Materials & Hardscape>Decking>Deck Boards,"Boise Cascade Building Materials, Trex, Deck Board, 543076016, 1nx6",DECK BOARD 1NX6,TREX 543076016 Deck Board,"TREX, Deck Board, 1 in Width, 6 in",Deck Board,"Discover the Trex® Deck Board, engineered for outstanding performance and lasting durability. With a focus on quality and efficiency, this Deck Board is the perfect addition to any modern home.",,,,,,,,,,,,,,,,,,,,,,,,Deck Board,,Deck Board,Width,1 in,,length,6 in,,Color,Yellow,,,,,,,,,,,,,,,,,,,,,,,,,,,,,,,,,,,,,,,,,,,,,,,,,,,,,,,,,,,,,,,,,,,,,,,,,,,,,,,,,,,,,,,,,,,,,,,,,,,,,,,,,,,,,,,,,,,,,,,,,,,,,,,,,,,,,,,,,,,,,,,,,,30161700,,,,,6 in,,,,1 in,,,,,,,,,,80%,No
,,,,,,,Decking,Decking,Deck Boards,,543076020,1nx6-20' Cinnamon Cove Sq Edge - Trex Enhance Naturals Decking,TREX,,,Boise Cascade Building Materials (BOICA),Boise Cascade Building Materials,Trex®,Trex®,543076020,,Building Materials & Hardscape>Decking>Deck Boards,"Boise Cascade Building Materials, Trex, Deck Board, 543076020, 1nx6",DECK BOARD 1NX6,TREX 543076020 Deck Board,"TREX, Deck Board, 1 in Width, 6 in",Deck Board,"Discover the Trex® Deck Board, engineered for outstanding performance and lasting durability. With a focus on quality and efficiency, this Deck Board is the perfect addition to any modern home.",,,,,,,,,,,,,,,,,,,,,,,,Deck Board,,Deck Board,Width,1 in,,length,6 in,,Color,Yellow,,,,,,,,,,,,,,,,,,,,,,,,,,,,,,,,,,,,,,,,,,,,,,,,,,,,,,,,,,,,,,,,,,,,,,,,,,,,,,,,,,,,,,,,,,,,,,,,,,,,,,,,,,,,,,,,,,,,,,,,,,,,,,,,,,,,,,,,,,,,,,,,,,30161700,,,,,6 in,,,,1 in,,,,,,,,,,80%,No
,,,,,,,Decking,Decking,Deck Boards,,543076412,1nx6-12' Cinnamon Cove Grooved - Trex Enhance Naturals Decking,TREX,,,Boise Cascade Building Materials (BOICA),Boise Cascade Building Materials,Trex®,Trex®,543076412,,Building Materials & Hardscape>Decking>Deck Boards,"Boise Cascade Building Materials, Trex, Decking, 543076412, 1nx6",DECKING 1NX6,TREX 543076412 Decking,"TREX, Decking, 1 in Width, 6 in",Decking,"Discover the Trex® Decking, engineered for outstanding performance and lasting durability. With a focus on quality and efficiency, this Decking is the perfect addition to any modern home.",,,,,,,,,,,,,,,,,,,,,,,,Decking,,Decking,Width,1 in,,length,6 in,,Color,Yellow,,,,,,,,,,,,,,,,,,,,,,,,,,,,,,,,,,,,,,,,,,,,,,,,,,,,,,,,,,,,,,,,,,,,,,,,,,,,,,,,,,,,,,,,,,,,,,,,,,,,,,,,,,,,,,,,,,,,,,,,,,,,,,,,,,,,,,,,,,,,,,,,,,30161700,,,,,6 in,,,,1 in,,,,,,,,,,80%,No
,,,,,,,Decking,Decking,Deck Boards,,543076416,1nx6-16' Cinnamon Cove Grooved - Trex Enhance Naturals Decking,TREX,,,Boise Cascade Building Materials (BOICA),Boise Cascade Building Materials,Trex®,Trex®,543076416,,Building Materials & Hardscape>Decking>Deck Boards,"Boise Cascade Building Materials, Trex, Decking, 543076416, 1nx6",DECKING 1NX6,TREX 543076416 Decking,"TREX, Decking, 1 in Width, 6 in",Decking,"Discover the Trex® Decking, engineered for outstanding performance and lasting durability. With a focus on quality and efficiency, this Decking is the perfect addition to any modern home.",,,,,,,,,,,,,,,,,,,,,,,,Decking,,Decking,Width,1 in,,length,6 in,,Color,Yellow,,,,,,,,,,,,,,,,,,,,,,,,,,,,,,,,,,,,,,,,,,,,,,,,,,,,,,,,,,,,,,,,,,,,,,,,,,,,,,,,,,,,,,,,,,,,,,,,,,,,,,,,,,,,,,,,,,,,,,,,,,,,,,,,,,,,,,,,,,,,,,,,,,30161700,,,,,6 in,,,,1 in,,,,,,,,,,80%,No
,,,,,,,Decking,Decking,Deck Boards,,543076420,1nx6-20' Cinnamon Cove Grooved - Trex Enhance Naturals Decking,TREX,,,Boise Cascade Building Materials (BOICA),Boise Cascade Building Materials,Trex®,Trex®,543076420,,Building Materials & Hardscape>Decking>Deck Boards,"Boise Cascade Building Materials, Trex, Decking, 543076420, 1nx6",DECKING 1NX6,TREX 543076420 Decking,"TREX, Decking, 1 in Width, 6 in",Decking,"Discover the Trex® Decking, engineered for outstanding performance and lasting durability. With a focus on quality and efficiency, this Decking is the perfect addition to any modern home.",,,,,,,,,,,,,,,,,,,,,,,,Decking,,Decking,Width,1 in,,length,6 in,,Color,Yellow,,,,,,,,,,,,,,,,,,,,,,,,,,,,,,,,,,,,,,,,,,,,,,,,,,,,,,,,,,,,,,,,,,,,,,,,,,,,,,,,,,,,,,,,,,,,,,,,,,,,,,,,,,,,,,,,,,,,,,,,,,,,,,,,,,,,,,,,,,,,,,,,,,30161700,,,,,6 in,,,,1 in,,,,,,,,,,80%,No
,,,,,,,Decking,Decking,Deck Boards,,1516870,1nx6-16' Golden Hour Sq Edge - Trex Enhance Naturals Decking,TREX,,,Boise Cascade Building Materials (BOICA),Boise Cascade Building Materials,Trex®,Trex®,1516870,,Building Materials & Hardscape>Decking>Deck Boards,"Boise Cascade Building Materials, Trex, Deck Board, 1516870, 1nx6",DECK BOARD 1NX6,TREX 1516870 Deck Board,"TREX, Deck Board, 1 in Width, 6 in",Deck Board,"Discover the Trex® Deck Board, engineered for outstanding performance and lasting durability. With a focus on quality and efficiency, this Deck Board is the perfect addition to any modern home.",,,,,,,,,,,,,,,,,,,,,,,,Deck Board,,Deck Board,Width,1 in,,length,6 in,,Color,Yellow,,,,,,,,,,,,,,,,,,,,,,,,,,,,,,,,,,,,,,,,,,,,,,,,,,,,,,,,,,,,,,,,,,,,,,,,,,,,,,,,,,,,,,,,,,,,,,,,,,,,,,,,,,,,,,,,,,,,,,,,,,,,,,,,,,,,,,,,,,,,,,,,,,30161700,,,,,6 in,,,,1 in,,,,,,,,,,80%,No
,,,,,,,Decking,Decking,Deck Boards,,1516871,1nx6-20' Golden Hour Sq Edge - Trex Enhance Naturals Decking,TREX,,,Boise Cascade Building Materials (BOICA),Boise Cascade Building Materials,Trex®,Trex®,1516871,,Building Materials & Hardscape>Decking>Deck Boards,"Boise Cascade Building Materials, Trex, Deck Board, 1516871, 1nx6",DECK BOARD 1NX6,TREX 1516871 Deck Board,"TREX, Deck Board, 1 in Width, 6 in",Deck Board,"Discover the Trex® Deck Board, engineered for outstanding performance and lasting durability. With a focus on quality and efficiency, this Deck Board is the perfect addition to any modern home.",,,,,,,,,,,,,,,,,,,,,,,,Deck Board,,Deck Board,Width,1 in,,length,6 in,,Color,Yellow,,,,,,,,,,,,,,,,,,,,,,,,,,,,,,,,,,,,,,,,,,,,,,,,,,,,,,,,,,,,,,,,,,,,,,,,,,,,,,,,,,,,,,,,,,,,,,,,,,,,,,,,,,,,,,,,,,,,,,,,,,,,,,,,,,,,,,,,,,,,,,,,,,30161700,,,,,6 in,,,,1 in,,,,,,,,,,80%,No
,,,,,,,Decking,Decking,Deck Boards,,1516872,1nx6-12' Golden Hour Grooved - Trex Enhance Naturals Decking,TREX,,,Boise Cascade Building Materials (BOICA),Boise Cascade Building Materials,Trex®,Trex®,1516872,,Building Materials & Hardscape>Decking>Deck Boards,"Boise Cascade Building Materials, Trex, Decking, 1516872, 1nx6",DECKING 1NX6,TREX 1516872 Decking,"TREX, Decking, 1 in Width, 6 in",Decking,"Discover the Trex® Decking, engineered for outstanding performance and lasting durability. With a focus on quality and efficiency, this Decking is the perfect addition to any modern home.",,,,,,,,,,,,,,,,,,,,,,,,Decking,,Decking,Width,1 in,,length,6 in,,Color,Yellow,,,,,,,,,,,,,,,,,,,,,,,,,,,,,,,,,,,,,,,,,,,,,,,,,,,,,,,,,,,,,,,,,,,,,,,,,,,,,,,,,,,,,,,,,,,,,,,,,,,,,,,,,,,,,,,,,,,,,,,,,,,,,,,,,,,,,,,,,,,,,,,,,,30161700,,,,,6 in,,,,1 in,,,,,,,,,,80%,No
,,,,,,,Decking,Decking,Deck Boards,,1516873,1nx6-16' Golden Hour Grooved - Trex Enhance Naturals Decking,TREX,,,Boise Cascade Building Materials (BOICA),Boise Cascade Building Materials,Trex®,Trex®,1516873,,Building Materials & Hardscape>Decking>Deck Boards,"Boise Cascade Building Materials, Trex, Decking, 1516873, 1nx6",DECKING 1NX6,TREX 1516873 Decking,"TREX, Decking, 1 in Width, 6 in",Decking,"Discover the Trex® Decking, engineered for outstanding performance and lasting durability. With a focus on quality and efficiency, this Decking is the perfect addition to any modern home.",,,,,,,,,,,,,,,,,,,,,,,,Decking,,Decking,Width,1 in,,length,6 in,,Color,Yellow,,,,,,,,,,,,,,,,,,,,,,,,,,,,,,,,,,,,,,,,,,,,,,,,,,,,,,,,,,,,,,,,,,,,,,,,,,,,,,,,,,,,,,,,,,,,,,,,,,,,,,,,,,,,,,,,,,,,,,,,,,,,,,,,,,,,,,,,,,,,,,,,,,30161700,,,,,6 in,,,,1 in,,,,,,,,,,80%,No
,,,,,,,Decking,Decking,Deck Boards,,1516874,1nx6-20' Golden Hour Grooved - Trex Enhance Naturals Decking,TREX,,,Boise Cascade Building Materials (BOICA),Boise Cascade Building Materials,Trex®,Trex®,1516874,,Building Materials & Hardscape>Decking>Deck Boards,"Boise Cascade Building Materials, Trex, Decking, 1516874, 1nx6",DECKING 1NX6,TREX 1516874 Decking,"TREX, Decking, 1 in Width, 6 in",Decking,"Discover the Trex® Decking, engineered for outstanding performance and lasting durability. With a focus on quality and efficiency, this Decking is the perfect addition to any modern home.",,,,,,,,,,,,,,,,,,,,,,,,Decking,,Decking,Width,1 in,,length,6 in,,Color,Yellow,,,,,,,,,,,,,,,,,,,,,,,,,,,,,,,,,,,,,,,,,,,,,,,,,,,,,,,,,,,,,,,,,,,,,,,,,,,,,,,,,,,,,,,,,,,,,,,,,,,,,,,,,,,,,,,,,,,,,,,,,,,,,,,,,,,,,,,,,,,,,,,,,,30161700,,,,,6 in,,,,1 in,,,,,,,,,,80%,No
,,,,,,,Decking,Decking,Deck Boards,,1516879,1nx6-16' Pebble Beach Sq Edge - Trex Enhance Basics Decking,TREX,,,Boise Cascade Building Materials (BOICA),Boise Cascade Building Materials,Trex®,Trex®,1516879,,Building Materials & Hardscape>Decking>Deck Boards,"Boise Cascade Building Materials, Trex, Deck Board, 1516879, 1nx6",DECK BOARD 1NX6,TREX 1516879 Deck Board,"TREX, Deck Board, 1 in Width, 6 in",Deck Board,"Discover the Trex® Deck Board, engineered for outstanding performance and lasting durability. With a focus on quality and efficiency, this Deck Board is the perfect addition to any modern home.",,,,,,,,,,,,,,,,,,,,,,,,Deck Board,,Deck Board,Width,1 in,,length,6 in,,Color,Yellow,,,,,,,,,,,,,,,,,,,,,,,,,,,,,,,,,,,,,,,,,,,,,,,,,,,,,,,,,,,,,,,,,,,,,,,,,,,,,,,,,,,,,,,,,,,,,,,,,,,,,,,,,,,,,,,,,,,,,,,,,,,,,,,,,,,,,,,,,,,,,,,,,,30161700,,,,,6 in,,,,1 in,,,,,,,,,,80%,No
,,,,,,,Decking,Decking,Deck Boards,,1516880,1nx6-20' Pebble Beach Sq Edge - Trex Enhance Basics Decking,TREX,,,Boise Cascade Building Materials (BOICA),Boise Cascade Building Materials,Trex®,Trex®,1516880,,Building Materials & Hardscape>Decking>Deck Boards,"Boise Cascade Building Materials, Trex, Deck Board, 1516880, 1nx6",DECK BOARD 1NX6,TREX 1516880 Deck Board,"TREX, Deck Board, 1 in Width, 6 in",Deck Board,"Discover the Trex® Deck Board, engineered for outstanding performance and lasting durability. With a focus on quality and efficiency, this Deck Board is the perfect addition to any modern home.",,,,,,,,,,,,,,,,,,,,,,,,Deck Board,,Deck Board,Width,1 in,,length,6 in,,Color,Yellow,,,,,,,,,,,,,,,,,,,,,,,,,,,,,,,,,,,,,,,,,,,,,,,,,,,,,,,,,,,,,,,,,,,,,,,,,,,,,,,,,,,,,,,,,,,,,,,,,,,,,,,,,,,,,,,,,,,,,,,,,,,,,,,,,,,,,,,,,,,,,,,,,,30161700,,,,,6 in,,,,1 in,,,,,,,,,,80%,No
,,,,,,,Decking,Decking,Deck Boards,,1516881,1nx6-12' Pebble Beach Grooved - Trex Enhance Basics Decking,TREX,,,Boise Cascade Building Materials (BOICA),Boise Cascade Building Materials,Trex®,Trex®,1516881,,Building Materials & Hardscape>Decking>Deck Boards,"Boise Cascade Building Materials, Trex, Decking, 1516881, 1nx6",DECKING 1NX6,TREX 1516881 Decking,"TREX, Decking, 1 in Width, 6 in",Decking,"Discover the Trex® Decking, engineered for outstanding performance and lasting durability. With a focus on quality and efficiency, this Decking is the perfect addition to any modern home.",,,,,,,,,,,,,,,,,,,,,,,,Decking,,Decking,Width,1 in,,length,6 in,,Color,Yellow,,,,,,,,,,,,,,,,,,,,,,,,,,,,,,,,,,,,,,,,,,,,,,,,,,,,,,,,,,,,,,,,,,,,,,,,,,,,,,,,,,,,,,,,,,,,,,,,,,,,,,,,,,,,,,,,,,,,,,,,,,,,,,,,,,,,,,,,,,,,,,,,,,30161700,,,,,6 in,,,,1 in,,,,,,,,,,80%,No
,,,,,,,Decking,Decking,Deck Boards,,1516882,1nx6-16' Pebble Beach Grooved - Trex Enhance Basics Decking,TREX,,,Boise Cascade Building Materials (BOICA),Boise Cascade Building Materials,Trex®,Trex®,1516882,,Building Materials & Hardscape>Decking>Deck Boards,"Boise Cascade Building Materials, Trex, Decking, 1516882, 1nx6",DECKING 1NX6,TREX 1516882 Decking,"TREX, Decking, 1 in Width, 6 in",Decking,"Discover the Trex® Decking, engineered for outstanding performance and lasting durability. With a focus on quality and efficiency, this Decking is the perfect addition to any modern home.",,,,,,,,,,,,,,,,,,,,,,,,Decking,,Decking,Width,1 in,,length,6 in,,Color,Yellow,,,,,,,,,,,,,,,,,,,,,,,,,,,,,,,,,,,,,,,,,,,,,,,,,,,,,,,,,,,,,,,,,,,,,,,,,,,,,,,,,,,,,,,,,,,,,,,,,,,,,,,,,,,,,,,,,,,,,,,,,,,,,,,,,,,,,,,,,,,,,,,,,,30161700,,,,,6 in,,,,1 in,,,,,,,,,,80%,No
,,,,,,,Decking,Decking,Deck Boards,,1516883,1nx6-20' Pebble Beach Grooved - Trex Enhance Basics Decking,TREX,,,Boise Cascade Building Materials (BOICA),Boise Cascade Building Materials,Trex®,Trex®,1516883,,Building Materials & Hardscape>Decking>Deck Boards,"Boise Cascade Building Materials, Trex, Decking, 1516883, 1nx6",DECKING 1NX6,TREX 1516883 Decking,"TREX, Decking, 1 in Width, 6 in",Decking,"Discover the Trex® Decking, engineered for outstanding performance and lasting durability. With a focus on quality and efficiency, this Decking is the perfect addition to any modern home.",,,,,,,,,,,,,,,,,,,,,,,,Decking,,Decking,Width,1 in,,length,6 in,,Color,Yellow,,,,,,,,,,,,,,,,,,,,,,,,,,,,,,,,,,,,,,,,,,,,,,,,,,,,,,,,,,,,,,,,,,,,,,,,,,,,,,,,,,,,,,,,,,,,,,,,,,,,,,,,,,,,,,,,,,,,,,,,,,,,,,,,,,,,,,,,,,,,,,,,,,30161700,,,,,6 in,,,,1 in,,,,,,,,,,80%,No
,,,,,,,Decking,Decking,Deck Boards,,543005016,7/8nx6-16' Malted Barley Sq Edge - Trex Select 2.0 Decking,TREX,,,Boise Cascade Building Materials (BOICA),Boise Cascade Building Materials,Trex®,Trex®,543005016,,Building Materials & Hardscape>Decking>Deck Boards,"Boise Cascade Building Materials, Trex, Deck Board, 543005016, 8nx6",DECK BOARD 8NX6,TREX 543005016 Deck Board,"TREX, Deck Board, 8 in Width, 6 in",Deck Board,"Discover the Trex® Deck Board, engineered for outstanding performance and lasting durability. With a focus on quality and efficiency, this Deck Board is the perfect addition to any modern home.",,,,,,,,,,,,,,,,,,,,,,,,Deck Board,,Deck Board,Style,Select,,Series,Trex,,Width,8 in,,length,6 in,,Color,Yellow,,,,,,,,,,,,,,,,,,,,,,,,,,,,,,,,,,,,,,,,,,,,,,,,,,,,,,,,,,,,,,,,,,,,,,,,,,,,,,,,,,,,,,,,,,,,,,,,,,,,,,,,,,,,,,,,,,,,,,,,,,,,,,,,,,,,,,,,,,,,30161700,,,,,6 in,,,,8 in,,,,,,,,,,85%,No
,,,,,,,Decking,Decking,Deck Boards,,543005020,7/8nx6-20' Malted Barley Sq Edge - Trex Select 2.0 Decking,TREX,,,Boise Cascade Building Materials (BOICA),Boise Cascade Building Materials,Trex®,Trex®,543005020,,Building Materials & Hardscape>Decking>Deck Boards,"Boise Cascade Building Materials, Trex, Deck Board, 543005020, 8nx6",DECK BOARD 8NX6,TREX 543005020 Deck Board,"TREX, Deck Board, 8 in Width, 6 in",Deck Board,"Discover the Trex® Deck Board, engineered for outstanding performance and lasting durability. With a focus on quality and efficiency, this Deck Board is the perfect addition to any modern home.",,,,,,,,,,,,,,,,,,,,,,,,Deck Board,,Deck Board,Style,Select,,Series,Trex,,Width,8 in,,length,6 in,,Color,Yellow,,,,,,,,,,,,,,,,,,,,,,,,,,,,,,,,,,,,,,,,,,,,,,,,,,,,,,,,,,,,,,,,,,,,,,,,,,,,,,,,,,,,,,,,,,,,,,,,,,,,,,,,,,,,,,,,,,,,,,,,,,,,,,,,,,,,,,,,,,,,30161700,,,,,6 in,,,,8 in,,,,,,,,,,85%,No
,,,,,,,Decking,Decking,Deck Boards,,543005412,7/8nx6-12' Malted Barley Grooved - Trex Select 2.0 Decking,TREX,,,Boise Cascade Building Materials (BOICA),Boise Cascade Building Materials,Trex®,Trex®,543005412,,Building Materials & Hardscape>Decking>Deck Boards,"Boise Cascade Building Materials, Trex, Decking, 543005412, 8nx6",DECKING 8NX6,TREX 543005412 Decking,"TREX, Decking, 8 in Width, 6 in",Decking,"Discover the Trex® Decking, engineered for outstanding performance and lasting durability. With a focus on quality and efficiency, this Decking is the perfect addition to any modern home.",,,,,,,,,,,,,,,,,,,,,,,,Decking,,Decking,Style,Select,,Series,Trex,,Width,8 in,,length,6 in,,Color,Yellow,,,,,,,,,,,,,,,,,,,,,,,,,,,,,,,,,,,,,,,,,,,,,,,,,,,,,,,,,,,,,,,,,,,,,,,,,,,,,,,,,,,,,,,,,,,,,,,,,,,,,,,,,,,,,,,,,,,,,,,,,,,,,,,,,,,,,,,,,,,,30161700,,,,,6 in,,,,8 in,,,,,,,,,,85%,No
,,,,,,,Decking,Decking,Deck Boards,,543005416,7/8nx6-16' Malted Barley Grooved - Trex Select 2.0 Decking,TREX,,,Boise Cascade Building Materials (BOICA),Boise Cascade Building Materials,Trex®,Trex®,543005416,,Building Materials & Hardscape>Decking>Deck Boards,"Boise Cascade Building Materials, Trex, Decking, 543005416, 8nx6",DECKING 8NX6,TREX 543005416 Decking,"TREX, Decking, 8 in Width, 6 in",Decking,"Discover the Trex® Decking, engineered for outstanding performance and lasting durability. With a focus on quality and efficiency, this Decking is the perfect addition to any modern home.",,,,,,,,,,,,,,,,,,,,,,,,Decking,,Decking,Style,Select,,Series,Trex,,Width,8 in,,length,6 in,,Color,Yellow,,,,,,,,,,,,,,,,,,,,,,,,,,,,,,,,,,,,,,,,,,,,,,,,,,,,,,,,,,,,,,,,,,,,,,,,,,,,,,,,,,,,,,,,,,,,,,,,,,,,,,,,,,,,,,,,,,,,,,,,,,,,,,,,,,,,,,,,,,,,30161700,,,,,6 in,,,,8 in,,,,,,,,,,85%,No
,,,,,,,Decking,Decking,Deck Boards,,543005420,7/8nx6-20' Malted Barley Grooved - Trex Select 2.0 Decking,TREX,,,Boise Cascade Building Materials (BOICA),Boise Cascade Building Materials,Trex®,Trex®,543005420,,Building Materials & Hardscape>Decking>Deck Boards,"Boise Cascade Building Materials, Trex, Decking, 543005420, 8nx6",DECKING 8NX6,TREX 543005420 Decking,"TREX, Decking, 8 in Width, 6 in",Decking,"Discover the Trex® Decking, engineered for outstanding performance and lasting durability. With a focus on quality and efficiency, this Decking is the perfect addition to any modern home.",,,,,,,,,,,,,,,,,,,,,,,,Decking,,Decking,Style,Select,,Series,Trex,,Width,8 in,,length,6 in,,Color,Yellow,,,,,,,,,,,,,,,,,,,,,,,,,,,,,,,,,,,,,,,,,,,,,,,,,,,,,,,,,,,,,,,,,,,,,,,,,,,,,,,,,,,,,,,,,,,,,,,,,,,,,,,,,,,,,,,,,,,,,,,,,,,,,,,,,,,,,,,,,,,,30161700,,,,,6 in,,,,8 in,,,,,,,,,,85%,No
,,,,,,,Decking,Decking,Deck Boards,,1516891,7/8nx6-16' Millstone Sq Edge - Trex Select 2.0 Decking,TREX,,,Boise Cascade Building Materials (BOICA),Boise Cascade Building Materials,Trex®,Trex®,1516891,,Building Materials & Hardscape>Decking>Deck Boards,"Boise Cascade Building Materials, Trex, Deck Board, 1516891, 8nx6",DECK BOARD 8NX6,TREX 1516891 Deck Board,"TREX, Deck Board, 8 in Width, 6 in",Deck Board,"Discover the Trex® Deck Board, engineered for outstanding performance and lasting durability. With a focus on quality and efficiency, this Deck Board is the perfect addition to any modern home.",,,,,,,,,,,,,,,,,,,,,,,,Deck Board,,Deck Board,Style,Select,,Series,Trex,,Width,8 in,,length,6 in,,Color,Yellow,,,,,,,,,,,,,,,,,,,,,,,,,,,,,,,,,,,,,,,,,,,,,,,,,,,,,,,,,,,,,,,,,,,,,,,,,,,,,,,,,,,,,,,,,,,,,,,,,,,,,,,,,,,,,,,,,,,,,,,,,,,,,,,,,,,,,,,,,,,,30161700,,,,,6 in,,,,8 in,,,,,,,,,,85%,No
,,,,,,,Decking,Decking,Deck Boards,,1516892,7/8nx6-20' Millstone Sq Edge -Trex Select 2.0 Decking,TREX,,,Boise Cascade Building Materials (BOICA),Boise Cascade Building Materials,Trex®,Trex®,1516892,,Building Materials & Hardscape>Decking>Deck Boards,"Boise Cascade Building Materials, Trex, Deck Board, 1516892, 8nx6",DECK BOARD 8NX6,TREX 1516892 Deck Board,"TREX, Deck Board, 8 in Width, 6 in",Deck Board,"Discover the Trex® Deck Board, engineered for outstanding performance and lasting durability. With a focus on quality and efficiency, this Deck Board is the perfect addition to any modern home.",,,,,,,,,,,,,,,,,,,,,,,,Deck Board,,Deck Board,Style,Select,,Series,Trex,,Width,8 in,,length,6 in,,Color,Yellow,,,,,,,,,,,,,,,,,,,,,,,,,,,,,,,,,,,,,,,,,,,,,,,,,,,,,,,,,,,,,,,,,,,,,,,,,,,,,,,,,,,,,,,,,,,,,,,,,,,,,,,,,,,,,,,,,,,,,,,,,,,,,,,,,,,,,,,,,,,,30161700,,,,,6 in,,,,8 in,,,,,,,,,,85%,No
,,,,,,,Decking,Decking,Deck Boards,,1516893,7/8nx6-12' Millstone Grooved - Trex Select 2.0 Decking,TREX,,,Boise Cascade Building Materials (BOICA),Boise Cascade Building Materials,Trex®,Trex®,1516893,,Building Materials & Hardscape>Decking>Deck Boards,"Boise Cascade Building Materials, Trex, Decking, 1516893, 8nx6",DECKING 8NX6,TREX 1516893 Decking,"TREX, Decking, 8 in Width, 6 in",Decking,"Discover the Trex® Decking, engineered for outstanding performance and lasting durability. With a focus on quality and efficiency, this Decking is the perfect addition to any modern home.",,,,,,,,,,,,,,,,,,,,,,,,Decking,,Decking,Style,Select,,Series,Trex,,Width,8 in,,length,6 in,,Color,Yellow,,,,,,,,,,,,,,,,,,,,,,,,,,,,,,,,,,,,,,,,,,,,,,,,,,,,,,,,,,,,,,,,,,,,,,,,,,,,,,,,,,,,,,,,,,,,,,,,,,,,,,,,,,,,,,,,,,,,,,,,,,,,,,,,,,,,,,,,,,,,30161700,,,,,6 in,,,,8 in,,,,,,,,,,85%,No
,,,,,,,Decking,Decking,Deck Boards,,1516894,7/8nx6-16' Millstone Grooved - Trex Select 2.0 Decking,TREX,,,Boise Cascade Building Materials (BOICA),Boise Cascade Building Materials,Trex®,Trex®,1516894,,Building Materials & Hardscape>Decking>Deck Boards,"Boise Cascade Building Materials, Trex, Decking, 1516894, 8nx6",DECKING 8NX6,TREX 1516894 Decking,"TREX, Decking, 8 in Width, 6 in",Decking,"Discover the Trex® Decking, engineered for outstanding performance and lasting durability. With a focus on quality and efficiency, this Decking is the perfect addition to any modern home.",,,,,,,,,,,,,,,,,,,,,,,,Decking,,Decking,Style,Select,,Series,Trex,,Width,8 in,,length,6 in,,Color,Yellow,,,,,,,,,,,,,,,,,,,,,,,,,,,,,,,,,,,,,,,,,,,,,,,,,,,,,,,,,,,,,,,,,,,,,,,,,,,,,,,,,,,,,,,,,,,,,,,,,,,,,,,,,,,,,,,,,,,,,,,,,,,,,,,,,,,,,,,,,,,,30161700,,,,,6 in,,,,8 in,,,,,,,,,,85%,No
,,,,,,,Decking,Decking,Deck Boards,,1516895,7/8nx6-20' Millstone Grooved - Trex Select 2.0 Decking,TREX,,,Boise Cascade Building Materials (BOICA),Boise Cascade Building Materials,Trex®,Trex®,1516895,,Building Materials & Hardscape>Decking>Deck Boards,"Boise Cascade Building Materials, Trex, Decking, 1516895, 8nx6",DECKING 8NX6,TREX 1516895 Decking,"TREX, Decking, 8 in Width, 6 in",Decking,"Discover the Trex® Decking, engineered for outstanding performance and lasting durability. With a focus on quality and efficiency, this Decking is the perfect addition to any modern home.",,,,,,,,,,,,,,,,,,,,,,,,Decking,,Decking,Style,Select,,Series,Trex,,Width,8 in,,length,6 in,,Color,Yellow,,,,,,,,,,,,,,,,,,,,,,,,,,,,,,,,,,,,,,,,,,,,,,,,,,,,,,,,,,,,,,,,,,,,,,,,,,,,,,,,,,,,,,,,,,,,,,,,,,,,,,,,,,,,,,,,,,,,,,,,,,,,,,,,,,,,,,,,,,,,30161700,,,,,6 in,,,,8 in,,,,,,,,,,85%,No
,,,,,,,Decking,Decking,Deck Boards,,543007016,7/8nx6-16' Whiskey Barrel Sq Edge - Trex Select 2.0 Decking,TREX,,,Boise Cascade Building Materials (BOICA),Boise Cascade Building Materials,Trex®,Trex®,543007016,,Building Materials & Hardscape>Decking>Deck Boards,"Boise Cascade Building Materials, Trex, Deck Board, 543007016, 8nx6",DECK BOARD 8NX6,TREX 543007016 Deck Board,"TREX, Deck Board, 8 in Width, 6 in",Deck Board,"Discover the Trex® Deck Board, engineered for outstanding performance and lasting durability. With a focus on quality and efficiency, this Deck Board is the perfect addition to any modern home.",,,,,,,,,,,,,,,,,,,,,,,,Deck Board,,Deck Board,Style,Select,,Series,Trex,,Width,8 in,,length,6 in,,Color,Yellow,,,,,,,,,,,,,,,,,,,,,,,,,,,,,,,,,,,,,,,,,,,,,,,,,,,,,,,,,,,,,,,,,,,,,,,,,,,,,,,,,,,,,,,,,,,,,,,,,,,,,,,,,,,,,,,,,,,,,,,,,,,,,,,,,,,,,,,,,,,,30161700,,,,,6 in,,,,8 in,,,,,,,,,,85%,No
,,,,,,,Decking,Decking,Deck Boards,,543007020,7/8nx6-20' Whiskey Barrel Sq Edge - Trex Select 2.0 Decking,TREX,,,Boise Cascade Building Materials (BOICA),Boise Cascade Building Materials,Trex®,Trex®,543007020,,Building Materials & Hardscape>Decking>Deck Boards,"Boise Cascade Building Materials, Trex, Deck Board, 543007020, 8nx6",DECK BOARD 8NX6,TREX 543007020 Deck Board,"TREX, Deck Board, 8 in Width, 6 in",Deck Board,"Discover the Trex® Deck Board, engineered for outstanding performance and lasting durability. With a focus on quality and efficiency, this Deck Board is the perfect addition to any modern home.",,,,,,,,,,,,,,,,,,,,,,,,Deck Board,,Deck Board,Style,Select,,Series,Trex,,Width,8 in,,length,6 in,,Color,Yellow,,,,,,,,,,,,,,,,,,,,,,,,,,,,,,,,,,,,,,,,,,,,,,,,,,,,,,,,,,,,,,,,,,,,,,,,,,,,,,,,,,,,,,,,,,,,,,,,,,,,,,,,,,,,,,,,,,,,,,,,,,,,,,,,,,,,,,,,,,,,30161700,,,,,6 in,,,,8 in,,,,,,,,,,85%,No
,,,,,,,Decking,Decking,Deck Boards,,543007412,7/8nx6-12' Whiskey Barrel Grooved - Trex Select 2.0 Decking,TREX,,,Boise Cascade Building Materials (BOICA),Boise Cascade Building Materials,Trex®,Trex®,543007412,,Building Materials & Hardscape>Decking>Deck Boards,"Boise Cascade Building Materials, Trex, Decking, 543007412, 8nx6",DECKING 8NX6,TREX 543007412 Decking,"TREX, Decking, 8 in Width, 6 in",Decking,"Discover the Trex® Decking, engineered for outstanding performance and lasting durability. With a focus on quality and efficiency, this Decking is the perfect addition to any modern home.",,,,,,,,,,,,,,,,,,,,,,,,Decking,,Decking,Style,Select,,Series,Trex,,Width,8 in,,length,6 in,,Color,Yellow,,,,,,,,,,,,,,,,,,,,,,,,,,,,,,,,,,,,,,,,,,,,,,,,,,,,,,,,,,,,,,,,,,,,,,,,,,,,,,,,,,,,,,,,,,,,,,,,,,,,,,,,,,,,,,,,,,,,,,,,,,,,,,,,,,,,,,,,,,,,30161700,,,,,6 in,,,,8 in,,,,,,,,,,85%,No
,,,,,,,Decking,Decking,Deck Boards,,543007416,7/8nx6-16' Whiskey Barrel Grooved - Trex Select 2.0 Decking,TREX,,,Boise Cascade Building Materials (BOICA),Boise Cascade Building Materials,Trex®,Trex®,543007416,,Building Materials & Hardscape>Decking>Deck Boards,"Boise Cascade Building Materials, Trex, Decking, 543007416, 8nx6",DECKING 8NX6,TREX 543007416 Decking,"TREX, Decking, 8 in Width, 6 in",Decking,"Discover the Trex® Decking, engineered for outstanding performance and lasting durability. With a focus on quality and efficiency, this Decking is the perfect addition to any modern home.",,,,,,,,,,,,,,,,,,,,,,,,Decking,,Decking,Style,Select,,Series,Trex,,Width,8 in,,length,6 in,,Color,Yellow,,,,,,,,,,,,,,,,,,,,,,,,,,,,,,,,,,,,,,,,,,,,,,,,,,,,,,,,,,,,,,,,,,,,,,,,,,,,,,,,,,,,,,,,,,,,,,,,,,,,,,,,,,,,,,,,,,,,,,,,,,,,,,,,,,,,,,,,,,,,30161700,,,,,6 in,,,,8 in,,,,,,,,,,85%,No
,,,,,,,Decking,Decking,Deck Boards,,543007420,7/8nx6-20' Whiskey Barrel Grooved - Trex Select 2.0 Decking,TREX,,,Boise Cascade Building Materials (BOICA),Boise Cascade Building Materials,Trex®,Trex®,543007420,,Building Materials & Hardscape>Decking>Deck Boards,"Boise Cascade Building Materials, Trex, Decking, 543007420, 8nx6",DECKING 8NX6,TREX 543007420 Decking,"TREX, Decking, 8 in Width, 6 in",Decking,"Discover the Trex® Decking, engineered for outstanding performance and lasting durability. With a focus on quality and efficiency, this Decking is the perfect addition to any modern home.",,,,,,,,,,,,,,,,,,,,,,,,Decking,,Decking,Style,Select,,Series,Trex,,Width,8 in,,length,6 in,,Color,Yellow,,,,,,,,,,,,,,,,,,,,,,,,,,,,,,,,,,,,,,,,,,,,,,,,,,,,,,,,,,,,,,,,,,,,,,,,,,,,,,,,,,,,,,,,,,,,,,,,,,,,,,,,,,,,,,,,,,,,,,,,,,,,,,,,,,,,,,,,,,,,30161700,,,,,6 in,,,,8 in,,,,,,,,,,85%,No
,,,,,,,Decking,Decking,Fascia,,ADR5117512CS,1x12-12' Coastline - Vintage Azek PVC Fascia,TIMBERTECH,,,Parksite (6151),Parksite,TimberTech®,TimberTech®,ADR5117512CS,,Building Materials & Hardscape>Decking>Fascia,"Parksite, TimberTech, Fascia, ADR5117512CS, 1x12, Material=PVC, Nominal Size=1",FASCIA 1X12 PVC,TIMBERTECH ADR5117512CS Fascia,"TIMBERTECH, Fascia, 1 in Width, 12 in",Fascia,"Discover the TimberTech® Fascia, engineered for outstanding performance and lasting durability. With a focus on quality and efficiency, this Fascia is the perfect addition to any modern home.",,,,,,,,,,,,,,,,,,,,,,,,Fascia,,Fascia,Material,PVC,,Nominal Size,1,,Width,1 in,,length,12 in,,Color,Yellow,,,,,,,,,,,,,,,,,,,,,,,,,,,,,,,,,,,,,,,,,,,,,,,,,,,,,,,,,,,,,,,,,,,,,,,,,,,,,,,,,,,,,,,,,,,,,,,,,,,,,,,,,,,,,,,,,,,,,,,,,,,,,,,,,,,,,,,,,,,,30161700,,,,,12 in,,,,1 in,,,,,,,,,,85%,No
,,,,,,,Decking,Decking,Fascia,,ADR5117512MH,1x12-12' Mahogany - Vintage Azek PVC Fascia,TIMBERTECH,,,Parksite (6151),Parksite,TimberTech®,TimberTech®,ADR5117512MH,,Building Materials & Hardscape>Decking>Fascia,"Parksite, TimberTech, Fascia, ADR5117512MH, 1x12, Color=Mahogany, Material=PVC",FASCIA 1X12 MAHOGA PVC,TIMBERTECH ADR5117512MH Fascia,"TIMBERTECH, Fascia, 1 in Width, 12 in",Fascia,"Discover the TimberTech® Fascia, engineered for outstanding performance and lasting durability. With a focus on quality and efficiency, this Fascia is the perfect addition to any modern home.",,,,,,,,,,,,,,,,,,,,,,,,Fascia,,Fascia,Color,Mahogany,,Material,PVC,,Nominal Size,1,,Width,1 in,,length,12 in,,,,,,,,,,,,,,,,,,,,,,,,,,,,,,,,,,,,,,,,,,,,,,,,,,,,,,,,,,,,,,,,,,,,,,,,,,,,,,,,,,,,,,,,,,,,,,,,,,,,,,,,,,,,,,,,,,,,,,,,,,,,,,,,,,,,,,,,,,,,30161700,,,,,12 in,,,,1 in,,,,,,,,,,85%,No
,,,,,,,Decking,Decking,Fascia,,ADR5117512WT,1x12-12' Weathered Teak - Vintage Azek PVC Fascia,TIMBERTECH,,,Parksite (6151),Parksite,TimberTech®,TimberTech®,ADR5117512WT,,Building Materials & Hardscape>Decking>Fascia,"Parksite, TimberTech, Fascia, ADR5117512WT, 1x12, Color=Teak, Material=PVC",FASCIA 1X12 TEAK PVC,TIMBERTECH ADR5117512WT Fascia,"TIMBERTECH, Fascia, 1 in Width, 12 in",Fascia,"Discover the TimberTech® Fascia, engineered for outstanding performance and lasting durability. With a focus on quality and efficiency, this Fascia is the perfect addition to any modern home.",,,,,,,,,,,,,,,,,,,,,,,,Fascia,,Fascia,Color,Teak,,Material,PVC,,Nominal Size,1,,Width,1 in,,length,12 in,,,,,,,,,,,,,,,,,,,,,,,,,,,,,,,,,,,,,,,,,,,,,,,,,,,,,,,,,,,,,,,,,,,,,,,,,,,,,,,,,,,,,,,,,,,,,,,,,,,,,,,,,,,,,,,,,,,,,,,,,,,,,,,,,,,,,,,,,,,,30161700,,,,,12 in,,,,1 in,,,,,,,,,,85%,No
,,,,,,,Decking,Decking,Fascia,,ADR5117512AW,1x12-12' American Walnut - Landmark Azek PVC Fascia,TIMBERTECH,,,Parksite (6151),Parksite,TimberTech®,TimberTech®,ADR5117512AW,,Building Materials & Hardscape>Decking>Fascia,"Parksite, TimberTech, Fascia, ADR5117512AW, 1x12, Color=Walnut, Material=PVC",FASCIA 1X12 WALNUT PVC,TIMBERTECH ADR5117512AW Fascia,"TIMBERTECH, Fascia, 1 in Width, 12 in",Fascia,"Discover the TimberTech® Fascia, engineered for outstanding performance and lasting durability. With a focus on quality and efficiency, this Fascia is the perfect addition to any modern home.",,,,,,,,,,,,,,,,,,,,,,,,Fascia,,Fascia,Color,Walnut,,Material,PVC,,Nominal Size,1,,Width,1 in,,length,12 in,,,,,,,,,,,,,,,,,,,,,,,,,,,,,,,,,,,,,,,,,,,,,,,,,,,,,,,,,,,,,,,,,,,,,,,,,,,,,,,,,,,,,,,,,,,,,,,,,,,,,,,,,,,,,,,,,,,,,,,,,,,,,,,,,,,,,,,,,,,,30161700,,,,,12 in,,,,1 in,,,,,,,,,,85%,No
,,,,,,,Decking,Decking,Fascia,,ADR5117512CG,1x12-12' Castle Gate - Landmark Azek PVC Fascia,TIMBERTECH,,,Parksite (6151),Parksite,TimberTech®,TimberTech®,ADR5117512CG,,Building Materials & Hardscape>Decking>Fascia,"Parksite, TimberTech, Fascia, ADR5117512CG, 1x12, Material=PVC, Nominal Size=1",FASCIA 1X12 PVC,TIMBERTECH ADR5117512CG Fascia,"TIMBERTECH, Fascia, 1 in Width, 12 in",Fascia,"Discover the TimberTech® Fascia, engineered for outstanding performance and lasting durability. With a focus on quality and efficiency, this Fascia is the perfect addition to any modern home.",,,,,,,,,,,,,,,,,,,,,,,,Fascia,,Fascia,Material,PVC,,Nominal Size,1,,Width,1 in,,length,12 in,,Color,Yellow,,,,,,,,,,,,,,,,,,,,,,,,,,,,,,,,,,,,,,,,,,,,,,,,,,,,,,,,,,,,,,,,,,,,,,,,,,,,,,,,,,,,,,,,,,,,,,,,,,,,,,,,,,,,,,,,,,,,,,,,,,,,,,,,,,,,,,,,,,,,30161700,,,,,12 in,,,,1 in,,,,,,,,,,85%,No
,,,,,,,Decking,Decking,Fascia,,ADR5117512FW,1x12-12' French White Oak - Landmark Azek PVC Fascia,TIMBERTECH,,,Parksite (6151),Parksite,TimberTech®,TimberTech®,ADR5117512FW,,Building Materials & Hardscape>Decking>Fascia,"Parksite, TimberTech, Fascia, ADR5117512FW, 1x12, Color=White, Material=PVC",FASCIA 1X12 WHITE PVC,TIMBERTECH ADR5117512FW Fascia,"TIMBERTECH, Fascia, 1 in Width, 12 in",Fascia,"Discover the TimberTech® Fascia, engineered for outstanding performance and lasting durability. With a focus on quality and efficiency, this Fascia is the perfect addition to any modern home.",,,,,,,,,,,,,,,,,,,,,,,,Fascia,,Fascia,Color,White,,Material,PVC,,Nominal Size,1,,Width,1 in,,length,12 in,,,,,,,,,,,,,,,,,,,,,,,,,,,,,,,,,,,,,,,,,,,,,,,,,,,,,,,,,,,,,,,,,,,,,,,,,,,,,,,,,,,,,,,,,,,,,,,,,,,,,,,,,,,,,,,,,,,,,,,,,,,,,,,,,,,,,,,,,,,,30161700,,,,,12 in,,,,1 in,,,,,,,,,,85%,No
,,,,,,,Decking,Decking,Fascia,,1508395,1x8-12' Brownstone - Harvest Azek PVC Fascia,TIMBERTECH,,,Parksite (6151),Parksite,TimberTech®,TimberTech®,1508395,,Building Materials & Hardscape>Decking>Fascia,"Parksite, TimberTech, Fascia, 1508395, 1x8, Material=PVC, Nominal Size=1",FASCIA 1X8 PVC,TIMBERTECH 1508395 Fascia,"TIMBERTECH, Fascia, 1 in Width, 8 in",Fascia,"Discover the TimberTech® Fascia, engineered for outstanding performance and lasting durability. With a focus on quality and efficiency, this Fascia is the perfect addition to any modern home.",,,,,,,,,,,,,,,,,,,,,,,,Fascia,,Fascia,Material,PVC,,Nominal Size,1,,Width,1 in,,length,8 in,,Color,Yellow,,,,,,,,,,,,,,,,,,,,,,,,,,,,,,,,,,,,,,,,,,,,,,,,,,,,,,,,,,,,,,,,,,,,,,,,,,,,,,,,,,,,,,,,,,,,,,,,,,,,,,,,,,,,,,,,,,,,,,,,,,,,,,,,,,,,,,,,,,,,30161700,,,,,8 in,,,,1 in,,,,,,,,,,85%,No
,,,,,,,Decking,Decking,Fascia,,1508396,1x8-12' Slate Gray - Harvest Azek PVC Fascia,TIMBERTECH,,,Parksite (6151),Parksite,TimberTech®,TimberTech®,1508396,,Building Materials & Hardscape>Decking>Fascia,"Parksite, TimberTech, Fascia, 1508396, 1x8, Color=Gray, Material=PVC",FASCIA 1X8 GRAY PVC,TIMBERTECH 1508396 Fascia,"TIMBERTECH, Fascia, 1 in Width, 8 in",Fascia,"Discover the TimberTech® Fascia, engineered for outstanding performance and lasting durability. With a focus on quality and efficiency, this Fascia is the perfect addition to any modern home.",,,,,,,,,,,,,,,,,,,,,,,,Fascia,,Fascia,Color,Gray,,Material,PVC,,Nominal Size,1,,Width,1 in,,length,8 in,,,,,,,,,,,,,,,,,,,,,,,,,,,,,,,,,,,,,,,,,,,,,,,,,,,,,,,,,,,,,,,,,,,,,,,,,,,,,,,,,,,,,,,,,,,,,,,,,,,,,,,,,,,,,,,,,,,,,,,,,,,,,,,,,,,,,,,,,,,,30161700,,,,,8 in,,,,1 in,,,,,,,,,,85%,No
,,,,,,,Decking,Decking,Fascia,,ADCR5117512BS,1x12-12' Brownstone - Harvest Azek PVC Fascia,TIMBERTECH,,,Parksite (6151),Parksite,TimberTech®,TimberTech®,ADCR5117512BS,,Building Materials & Hardscape>Decking>Fascia,"Parksite, TimberTech, Fascia, ADCR5117512BS, 1x12, Material=PVC, Nominal Size=1",FASCIA 1X12 PVC,TIMBERTECH ADCR5117512BS Fascia,"TIMBERTECH, Fascia, 1 in Width, 12 in",Fascia,"Discover the TimberTech® Fascia, engineered for outstanding performance and lasting durability. With a focus on quality and efficiency, this Fascia is the perfect addition to any modern home.",,,,,,,,,,,,,,,,,,,,,,,,Fascia,,Fascia,Material,PVC,,Nominal Size,1,,Width,1 in,,length,12 in,,Color,Yellow,,,,,,,,,,,,,,,,,,,,,,,,,,,,,,,,,,,,,,,,,,,,,,,,,,,,,,,,,,,,,,,,,,,,,,,,,,,,,,,,,,,,,,,,,,,,,,,,,,,,,,,,,,,,,,,,,,,,,,,,,,,,,,,,,,,,,,,,,,,,30161700,,,,,12 in,,,,1 in,,,,,,,,,,85%,No
,,,,,,,Decking,Decking,Fascia,,ADCR5117512SG,1x12-12' Slate Gray - Harvest Azek PVC Fascia,TIMBERTECH,,,Parksite (6151),Parksite,TimberTech®,TimberTech®,ADCR5117512SG,,Building Materials & Hardscape>Decking>Fascia,"Parksite, TimberTech, Fascia, ADCR5117512SG, 1x12, Color=Gray, Material=PVC",FASCIA 1X12 GRAY PVC,TIMBERTECH ADCR5117512SG Fascia,"TIMBERTECH, Fascia, 1 in Width, 12 in",Fascia,"Discover the TimberTech® Fascia, engineered for outstanding performance and lasting durability. With a focus on quality and efficiency, this Fascia is the perfect addition to any modern home.",,,,,,,,,,,,,,,,,,,,,,,,Fascia,,Fascia,Color,Gray,,Material,PVC,,Nominal Size,1,,Width,1 in,,length,12 in,,,,,,,,,,,,,,,,,,,,,,,,,,,,,,,,,,,,,,,,,,,,,,,,,,,,,,,,,,,,,,,,,,,,,,,,,,,,,,,,,,,,,,,,,,,,,,,,,,,,,,,,,,,,,,,,,,,,,,,,,,,,,,,,,,,,,,,,,,,,30161700,,,,,12 in,,,,1 in,,,,,,,,,,85%,No
,,,,,,,Decking,Decking,Deck Boards,,543140908,1x8-12' Biscayne - Trex Lineage,TREX,,,U S Lumber (3073),U S Lumber,Trex®,Trex®,543140908,,Building Materials & Hardscape>Decking>Deck Boards,"U S Lumber, Trex, Deck Board, 543140908, 1x8, Nominal Size=1",DECK BOARD 1X8,TREX 543140908 Deck Board,"TREX, Deck Board, 1 in Width, 8 in",Deck Board,"Discover the Trex® Deck Board, engineered for outstanding performance and lasting durability. With a focus on quality and efficiency, this Deck Board is the perfect addition to any modern home.",,,,,,,,,,,,,,,,,,,,,,,,Deck Board,,Deck Board,Nominal Size,1,,Width,1 in,,length,8 in,,Color,Yellow,,,,,,,,,,,,,,,,,,,,,,,,,,,,,,,,,,,,,,,,,,,,,,,,,,,,,,,,,,,,,,,,,,,,,,,,,,,,,,,,,,,,,,,,,,,,,,,,,,,,,,,,,,,,,,,,,,,,,,,,,,,,,,,,,,,,,,,,,,,,,,,30161700,,,,,8 in,,,,1 in,,,,,,,,,,80%,No
,,,,,,,Decking,Decking,Deck Boards,,543142908,1x8-12' Carmel - Trex Lineage,TREX,,,U S Lumber (3073),U S Lumber,Trex®,Trex®,543142908,,Building Materials & Hardscape>Decking>Deck Boards,"U S Lumber, Trex, Deck Board, 543142908, 1x8, Nominal Size=1",DECK BOARD 1X8,TREX 543142908 Deck Board,"TREX, Deck Board, 1 in Width, 8 in",Deck Board,"Discover the Trex® Deck Board, engineered for outstanding performance and lasting durability. With a focus on quality and efficiency, this Deck Board is the perfect addition to any modern home.",,,,,,,,,,,,,,,,,,,,,,,,Deck Board,,Deck Board,Nominal Size,1,,Width,1 in,,length,8 in,,Color,Yellow,,,,,,,,,,,,,,,,,,,,,,,,,,,,,,,,,,,,,,,,,,,,,,,,,,,,,,,,,,,,,,,,,,,,,,,,,,,,,,,,,,,,,,,,,,,,,,,,,,,,,,,,,,,,,,,,,,,,,,,,,,,,,,,,,,,,,,,,,,,,,,,30161700,,,,,8 in,,,,1 in,,,,,,,,,,80%,No
,,,,,,,Decking,Decking,Deck Boards,,543143908,1x8-12' Jasper - Trex Lineage,TREX,,,U S Lumber (3073),U S Lumber,Trex®,Trex®,543143908,,Building Materials & Hardscape>Decking>Deck Boards,"U S Lumber, Trex, Deck Board, 543143908, 1x8, Nominal Size=1",DECK BOARD 1X8,TREX 543143908 Deck Board,"TREX, Deck Board, 1 in Width, 8 in",Deck Board,"Discover the Trex® Deck Board, engineered for outstanding performance and lasting durability. With a focus on quality and efficiency, this Deck Board is the perfect addition to any modern home.",,,,,,,,,,,,,,,,,,,,,,,,Deck Board,,Deck Board,Nominal Size,1,,Width,1 in,,length,8 in,,Color,Yellow,,,,,,,,,,,,,,,,,,,,,,,,,,,,,,,,,,,,,,,,,,,,,,,,,,,,,,,,,,,,,,,,,,,,,,,,,,,,,,,,,,,,,,,,,,,,,,,,,,,,,,,,,,,,,,,,,,,,,,,,,,,,,,,,,,,,,,,,,,,,,,,30161700,,,,,8 in,,,,1 in,,,,,,,,,,80%,No
,,,,,,,Decking,Decking,Deck Boards,,543140912,1x12-12' Biscayne - Trex Lineage,TREX,,,U S Lumber (3073),U S Lumber,Trex®,Trex®,543140912,,Building Materials & Hardscape>Decking>Deck Boards,"U S Lumber, Trex, Deck Board, 543140912, 1x12, Nominal Size=1",DECK BOARD 1X12,TREX 543140912 Deck Board,"TREX, Deck Board, 1 in Width, 12 in",Deck Board,"Discover the Trex® Deck Board, engineered for outstanding performance and lasting durability. With a focus on quality and efficiency, this Deck Board is the perfect addition to any modern home.",,,,,,,,,,,,,,,,,,,,,,,,Deck Board,,Deck Board,Nominal Size,1,,Width,1 in,,length,12 in,,Color,Yellow,,,,,,,,,,,,,,,,,,,,,,,,,,,,,,,,,,,,,,,,,,,,,,,,,,,,,,,,,,,,,,,,,,,,,,,,,,,,,,,,,,,,,,,,,,,,,,,,,,,,,,,,,,,,,,,,,,,,,,,,,,,,,,,,,,,,,,,,,,,,,,,30161700,,,,,12 in,,,,1 in,,,,,,,,,,80%,No
,,,,,,,Decking,Decking,Deck Boards,,543142912,1x12-12' Carmel - Trex Lineage,TREX,,,U S Lumber (3073),U S Lumber,Trex®,Trex®,543142912,,Building Materials & Hardscape>Decking>Deck Boards,"U S Lumber, Trex, Deck Board, 543142912, 1x12, Nominal Size=1",DECK BOARD 1X12,TREX 543142912 Deck Board,"TREX, Deck Board, 1 in Width, 12 in",Deck Board,"Discover the Trex® Deck Board, engineered for outstanding performance and lasting durability. With a focus on quality and efficiency, this Deck Board is the perfect addition to any modern home.",,,,,,,,,,,,,,,,,,,,,,,,Deck Board,,Deck Board,Nominal Size,1,,Width,1 in,,length,12 in,,Color,Yellow,,,,,,,,,,,,,,,,,,,,,,,,,,,,,,,,,,,,,,,,,,,,,,,,,,,,,,,,,,,,,,,,,,,,,,,,,,,,,,,,,,,,,,,,,,,,,,,,,,,,,,,,,,,,,,,,,,,,,,,,,,,,,,,,,,,,,,,,,,,,,,,30161700,,,,,12 in,,,,1 in,,,,,,,,,,80%,No
,,,,,,,Decking,Decking,Deck Boards,,543143912,1x12-12' Jasper - Trex Lineage,TREX,,,U S Lumber (3073),U S Lumber,Trex®,Trex®,543143912,,Building Materials & Hardscape>Decking>Deck Boards,"U S Lumber, Trex, Deck Board, 543143912, 1x12, Nominal Size=1",DECK BOARD 1X12,TREX 543143912 Deck Board,"TREX, Deck Board, 1 in Width, 12 in",Deck Board,"Discover the Trex® Deck Board, engineered for outstanding performance and lasting durability. With a focus on quality and efficiency, this Deck Board is the perfect addition to any modern home.",,,,,,,,,,,,,,,,,,,,,,,,Deck Board,,Deck Board,Nominal Size,1,,Width,1 in,,length,12 in,,Color,Yellow,,,,,,,,,,,,,,,,,,,,,,,,,,,,,,,,,,,,,,,,,,,,,,,,,,,,,,,,,,,,,,,,,,,,,,,,,,,,,,,,,,,,,,,,,,,,,,,,,,,,,,,,,,,,,,,,,,,,,,,,,,,,,,,,,,,,,,,,,,,,,,,30161700,,,,,12 in,,,,1 in,,,,,,,,,,80%,No
,,,,,,,Decking,Decking,Deck Boards,,1513715,1x12-12' Hatteras - Trex Lineage,TREX,,,Boise Cascade Building Materials (BOICA),Boise Cascade Building Materials,Trex®,Trex®,1513715,,Building Materials & Hardscape>Decking>Deck Boards,"Boise Cascade Building Materials, Trex, Deck Board, 1513715, 1x12",DECK BOARD 1X12,TREX 1513715 Deck Board,"TREX, Deck Board, 1 in Width, 12 in",Deck Board,"Discover the Trex® Deck Board, engineered for outstanding performance and lasting durability. With a focus on quality and efficiency, this Deck Board is the perfect addition to any modern home.",,,,,,,,,,,,,,,,,,,,,,,,Deck Board,,Deck Board,Nominal Size,1,,Width,1 in,,length,12 in,,Color,Yellow,,,,,,,,,,,,,,,,,,,,,,,,,,,,,,,,,,,,,,,,,,,,,,,,,,,,,,,,,,,,,,,,,,,,,,,,,,,,,,,,,,,,,,,,,,,,,,,,,,,,,,,,,,,,,,,,,,,,,,,,,,,,,,,,,,,,,,,,,,,,,,,30161700,,,,,12 in,,,,1 in,,,,,,,,,,80%,No
,,,,,,,Decking,Decking,Deck Boards,,1513716,1x12-12' Salt Flat - Trex Lineage,TREX,,,Boise Cascade Building Materials (BOICA),Boise Cascade Building Materials,Trex®,Trex®,1513716,,Building Materials & Hardscape>Decking>Deck Boards,"Boise Cascade Building Materials, Trex, Deck Board, 1513716, 1x12",DECK BOARD 1X12,TREX 1513716 Deck Board,"TREX, Deck Board, 1 in Width, 12 in",Deck Board,"Discover the Trex® Deck Board, engineered for outstanding performance and lasting durability. With a focus on quality and efficiency, this Deck Board is the perfect addition to any modern home.",,,,,,,,,,,,,,,,,,,,,,,,Deck Board,,Deck Board,Style,Flat,,Nominal Size,1,,Head Type,Flat,,Width,1 in,,length,12 in,,Color,Yellow,,,,,,,,,,,,,,,,,,,,,,,,,,,,,,,,,,,,,,,,,,,,,,,,,,,,,,,,,,,,,,,,,,,,,,,,,,,,,,,,,,,,,,,,,,,,,,,,,,,,,,,,,,,,,,,,,,,,,,,,,,,,,,,,,,,,,,,,,30161700,,,,,12 in,,,,1 in,,,,,,,,,,85%,No
,,,,,,,Decking,Decking,Fascia,,1513722,1x8-12' Honey Grove - Trex Enhance Naturals Fascia,TREX,,,Boise Cascade Building Materials (BOICA),Boise Cascade Building Materials,Trex®,Trex®,1513722,,Building Materials & Hardscape>Decking>Fascia,"Boise Cascade Building Materials, Trex, Fascia, 1513722, 1x8",FASCIA 1IN 8 IN YELLOW,TREX 1513722 Fascia,"TREX, Fascia, 1 in Width, 8 in",Fascia,"Discover the Trex® Fascia, engineered for outstanding performance and lasting durability. With a focus on quality and efficiency, this Fascia is the perfect addition to any modern home.",,,,,,,,,,,,,,,,,,,,,,,,Fascia,,Fascia,Nominal Size,1,,Width,1 in,,length,8 in,,Color,Yellow,,,,,,,,,,,,,,,,,,,,,,,,,,,,,,,,,,,,,,,,,,,,,,,,,,,,,,,,,,,,,,,,,,,,,,,,,,,,,,,,,,,,,,,,,,,,,,,,,,,,,,,,,,,,,,,,,,,,,,,,,,,,,,,,,,,,,,,,,,,,,,,30161700,,,,,8 in,,,,1 in,,,,,,,,,,80%,No
,,,,,,,Decking,Decking,Fascia,,1513723,1x12-12' Honey Grove - Trex Enhance Naturals Fascia,TREX,,,Boise Cascade Building Materials (BOICA),Boise Cascade Building Materials,Trex®,Trex®,1513723,,Building Materials & Hardscape>Decking>Fascia,"Boise Cascade Building Materials, Trex, Fascia, 1513723, 1x12",FASCIA 1IN 12 IN YELLOW,TREX 1513723 Fascia,"TREX, Fascia, 1 in Width, 12 in",Fascia,"Discover the Trex® Fascia, engineered for outstanding performance and lasting durability. With a focus on quality and efficiency, this Fascia is the perfect addition to any modern home.",,,,,,,,,,,,,,,,,,,,,,,,Fascia,,Fascia,Nominal Size,1,,Width,1 in,,length,12 in,,Color,Yellow,,,,,,,,,,,,,,,,,,,,,,,,,,,,,,,,,,,,,,,,,,,,,,,,,,,,,,,,,,,,,,,,,,,,,,,,,,,,,,,,,,,,,,,,,,,,,,,,,,,,,,,,,,,,,,,,,,,,,,,,,,,,,,,,,,,,,,,,,,,,,,,30161700,,,,,12 in,,,,1 in,,,,,,,,,,80%,No
,,,,,,,Decking,Decking,Fascia,,1513729,1x8-12' Tide Pool - Trex Enhance Basics Fascia,TREX,,,Boise Cascade Building Materials (BOICA),Boise Cascade Building Materials,Trex®,Trex®,1513729,,Building Materials & Hardscape>Decking>Fascia,"Boise Cascade Building Materials, Trex, Fascia, 1513729, 1x8",FASCIA 1IN 8 IN YELLOW,TREX 1513729 Fascia,"TREX, Fascia, 1 in Width, 8 in",Fascia,"Discover the Trex® Fascia, engineered for outstanding performance and lasting durability. With a focus on quality and efficiency, this Fascia is the perfect addition to any modern home.",,,,,,,,,,,,,,,,,,,,,,,,Fascia,,Fascia,Nominal Size,1,,Width,1 in,,length,8 in,,Color,Yellow,,,,,,,,,,,,,,,,,,,,,,,,,,,,,,,,,,,,,,,,,,,,,,,,,,,,,,,,,,,,,,,,,,,,,,,,,,,,,,,,,,,,,,,,,,,,,,,,,,,,,,,,,,,,,,,,,,,,,,,,,,,,,,,,,,,,,,,,,,,,,,,30161700,,,,,8 in,,,,1 in,,,,,,,,,,80%,No
,,,,,,,Decking,Decking,Fascia,,1513730,1x12-12' Tide Pool - Trex Enhance Basics Fascia,TREX,,,Boise Cascade Building Materials (BOICA),Boise Cascade Building Materials,Trex®,Trex®,1513730,,Building Materials & Hardscape>Decking>Fascia,"Boise Cascade Building Materials, Trex, Fascia, 1513730, 1x12",FASCIA 1IN 12 IN YELLOW,TREX 1513730 Fascia,"TREX, Fascia, 1 in Width, 12 in",Fascia,"Discover the Trex® Fascia, engineered for outstanding performance and lasting durability. With a focus on quality and efficiency, this Fascia is the perfect addition to any modern home.",,,,,,,,,,,,,,,,,,,,,,,,Fascia,,Fascia,Nominal Size,1,,Width,1 in,,length,12 in,,Color,Yellow,,,,,,,,,,,,,,,,,,,,,,,,,,,,,,,,,,,,,,,,,,,,,,,,,,,,,,,,,,,,,,,,,,,,,,,,,,,,,,,,,,,,,,,,,,,,,,,,,,,,,,,,,,,,,,,,,,,,,,,,,,,,,,,,,,,,,,,,,,,,,,,30161700,,,,,12 in,,,,1 in,,,,,,,,,,80%,No
,,,,,,,Decking,Decking,Fascia,,543076916,1x8-12' Cinnamon Cove - Trex Enhance Naturals Fascia,TREX,,,Boise Cascade Building Materials (BOICA),Boise Cascade Building Materials,Trex®,Trex®,543076916,,Building Materials & Hardscape>Decking>Fascia,"Boise Cascade Building Materials, Trex, Fascia, 543076916, 1x8",FASCIA 1IN 8 IN YELLOW,TREX 543076916 Fascia,"TREX, Fascia, 1 in Width, 8 in",Fascia,"Discover the Trex® Fascia, engineered for outstanding performance and lasting durability. With a focus on quality and efficiency, this Fascia is the perfect addition to any modern home.",,,,,,,,,,,,,,,,,,,,,,,,Fascia,,Fascia,Nominal Size,1,,Width,1 in,,length,8 in,,Color,Yellow,,,,,,,,,,,,,,,,,,,,,,,,,,,,,,,,,,,,,,,,,,,,,,,,,,,,,,,,,,,,,,,,,,,,,,,,,,,,,,,,,,,,,,,,,,,,,,,,,,,,,,,,,,,,,,,,,,,,,,,,,,,,,,,,,,,,,,,,,,,,,,,30161700,,,,,8 in,,,,1 in,,,,,,,,,,80%,No
,,,,,,,Decking,Decking,Fascia,,1516876,1x8-12' Golden Hour - Trex Enhance Naturals Fascia,TREX,,,Boise Cascade Building Materials (BOICA),Boise Cascade Building Materials,Trex®,Trex®,1516876,,Building Materials & Hardscape>Decking>Fascia,"Boise Cascade Building Materials, Trex, Fascia, 1516876, 1x8",FASCIA 1IN 8 IN YELLOW,TREX 1516876 Fascia,"TREX, Fascia, 1 in Width, 8 in",Fascia,"Discover the Trex® Fascia, engineered for outstanding performance and lasting durability. With a focus on quality and efficiency, this Fascia is the perfect addition to any modern home.",,,,,,,,,,,,,,,,,,,,,,,,Fascia,,Fascia,Nominal Size,1,,Width,1 in,,length,8 in,,Color,Yellow,,,,,,,,,,,,,,,,,,,,,,,,,,,,,,,,,,,,,,,,,,,,,,,,,,,,,,,,,,,,,,,,,,,,,,,,,,,,,,,,,,,,,,,,,,,,,,,,,,,,,,,,,,,,,,,,,,,,,,,,,,,,,,,,,,,,,,,,,,,,,,,30161700,,,,,8 in,,,,1 in,,,,,,,,,,80%,No
,,,,,,,Decking,Decking,Fascia,,543076936,1x12-12' Cinnamon Cove - Trex Enhance Naturals Fascia,TREX,,,Boise Cascade Building Materials (BOICA),Boise Cascade Building Materials,Trex®,Trex®,543076936,,Building Materials & Hardscape>Decking>Fascia,"Boise Cascade Building Materials, Trex, Fascia, 543076936, 1x12",FASCIA 1IN 12 IN YELLOW,TREX 543076936 Fascia,"TREX, Fascia, 1 in Width, 12 in",Fascia,"Discover the Trex® Fascia, engineered for outstanding performance and lasting durability. With a focus on quality and efficiency, this Fascia is the perfect addition to any modern home.",,,,,,,,,,,,,,,,,,,,,,,,Fascia,,Fascia,Nominal Size,1,,Width,1 in,,length,12 in,,Color,Yellow,,,,,,,,,,,,,,,,,,,,,,,,,,,,,,,,,,,,,,,,,,,,,,,,,,,,,,,,,,,,,,,,,,,,,,,,,,,,,,,,,,,,,,,,,,,,,,,,,,,,,,,,,,,,,,,,,,,,,,,,,,,,,,,,,,,,,,,,,,,,,,,30161700,,,,,12 in,,,,1 in,,,,,,,,,,80%,No
,,,,,,,Decking,Decking,Fascia,,1516878,1x12-12' Golden Hour - Trex Enhance Naturals Fascia,TREX,,,Boise Cascade Building Materials (BOICA),Boise Cascade Building Materials,Trex®,Trex®,1516878,,Building Materials & Hardscape>Decking>Fascia,"Boise Cascade Building Materials, Trex, Fascia, 1516878, 1x12",FASCIA 1IN 12 IN YELLOW,TREX 1516878 Fascia,"TREX, Fascia, 1 in Width, 12 in",Fascia,"Discover the Trex® Fascia, engineered for outstanding performance and lasting durability. With a focus on quality and efficiency, this Fascia is the perfect addition to any modern home.",,,,,,,,,,,,,,,,,,,,,,,,Fascia,,Fascia,Nominal Size,1,,Width,1 in,,length,12 in,,Color,Yellow,,,,,,,,,,,,,,,,,,,,,,,,,,,,,,,,,,,,,,,,,,,,,,,,,,,,,,,,,,,,,,,,,,,,,,,,,,,,,,,,,,,,,,,,,,,,,,,,,,,,,,,,,,,,,,,,,,,,,,,,,,,,,,,,,,,,,,,,,,,,,,,30161700,,,,,12 in,,,,1 in,,,,,,,,,,80%,No
,,,,,,,Decking,Decking,Fascia,,1516884,1x8-12' Pebble Beach - Trex Enhance Basics Fascia,TREX,,,Boise Cascade Building Materials (BOICA),Boise Cascade Building Materials,Trex®,Trex®,1516884,,Building Materials & Hardscape>Decking>Fascia,"Boise Cascade Building Materials, Trex, Fascia, 1516884, 1x8",FASCIA 1IN 8 IN YELLOW,TREX 1516884 Fascia,"TREX, Fascia, 1 in Width, 8 in",Fascia,"Discover the Trex® Fascia, engineered for outstanding performance and lasting durability. With a focus on quality and efficiency, this Fascia is the perfect addition to any modern home.",,,,,,,,,,,,,,,,,,,,,,,,Fascia,,Fascia,Nominal Size,1,,Width,1 in,,length,8 in,,Color,Yellow,,,,,,,,,,,,,,,,,,,,,,,,,,,,,,,,,,,,,,,,,,,,,,,,,,,,,,,,,,,,,,,,,,,,,,,,,,,,,,,,,,,,,,,,,,,,,,,,,,,,,,,,,,,,,,,,,,,,,,,,,,,,,,,,,,,,,,,,,,,,,,,30161700,,,,,8 in,,,,1 in,,,,,,,,,,80%,No
,,,,,,,Decking,Decking,Fascia,,1516885,1x12-12' Pebble Beach - Trex Enhance Basics Fascia,TREX,,,Boise Cascade Building Materials (BOICA),Boise Cascade Building Materials,Trex®,Trex®,1516885,,Building Materials & Hardscape>Decking>Fascia,"Boise Cascade Building Materials, Trex, Fascia, 1516885, 1x12",FASCIA 1IN 12 IN YELLOW,TREX 1516885 Fascia,"TREX, Fascia, 1 in Width, 12 in",Fascia,"Discover the Trex® Fascia, engineered for outstanding performance and lasting durability. With a focus on quality and efficiency, this Fascia is the perfect addition to any modern home.",,,,,,,,,,,,,,,,,,,,,,,,Fascia,,Fascia,Nominal Size,1,,Width,1 in,,length,12 in,,Color,Yellow,,,,,,,,,,,,,,,,,,,,,,,,,,,,,,,,,,,,,,,,,,,,,,,,,,,,,,,,,,,,,,,,,,,,,,,,,,,,,,,,,,,,,,,,,,,,,,,,,,,,,,,,,,,,,,,,,,,,,,,,,,,,,,,,,,,,,,,,,,,,,,,30161700,,,,,12 in,,,,1 in,,,,,,,,,,80%,No
,,,,,,,Decking,Decking,Fascia,,543005916,1x8-12' Malted Barley - Trex Select 2.0 Fascia,TREX,,,Boise Cascade Building Materials (BOICA),Boise Cascade Building Materials,Trex®,Trex®,543005916,,Building Materials & Hardscape>Decking>Fascia,"Boise Cascade Building Materials, Trex, Fascia, 543005916, 1x8",FASCIA 1IN 8 IN YELLOW,TREX 543005916 Fascia,"TREX, Fascia, 1 in Width, 8 in",Fascia,"Discover the Trex® Fascia, engineered for outstanding performance and lasting durability. With a focus on quality and efficiency, this Fascia is the perfect addition to any modern home.",,,,,,,,,,,,,,,,,,,,,,,,Fascia,,Fascia,Style,Select,,Series,Trex,,Nominal Size,1,,Width,1 in,,length,8 in,,Color,Yellow,,,,,,,,,,,,,,,,,,,,,,,,,,,,,,,,,,,,,,,,,,,,,,,,,,,,,,,,,,,,,,,,,,,,,,,,,,,,,,,,,,,,,,,,,,,,,,,,,,,,,,,,,,,,,,,,,,,,,,,,,,,,,,,,,,,,,,,,,30161700,,,,,8 in,,,,1 in,,,,,,,,,,85%,No
,,,,,,,Decking,Decking,Fascia,,1516902,1x8-12' Millstone - Trex Select 2.0 Fascia,TREX,,,Boise Cascade Building Materials (BOICA),Boise Cascade Building Materials,Trex®,Trex®,1516902,,Building Materials & Hardscape>Decking>Fascia,"Boise Cascade Building Materials, Trex, Fascia, 1516902, 1x8",FASCIA 1IN 8 IN YELLOW,TREX 1516902 Fascia,"TREX, Fascia, 1 in Width, 8 in",Fascia,"Discover the Trex® Fascia, engineered for outstanding performance and lasting durability. With a focus on quality and efficiency, this Fascia is the perfect addition to any modern home.",,,,,,,,,,,,,,,,,,,,,,,,Fascia,,Fascia,Style,Select,,Series,Trex,,Nominal Size,1,,Width,1 in,,length,8 in,,Color,Yellow,,,,,,,,,,,,,,,,,,,,,,,,,,,,,,,,,,,,,,,,,,,,,,,,,,,,,,,,,,,,,,,,,,,,,,,,,,,,,,,,,,,,,,,,,,,,,,,,,,,,,,,,,,,,,,,,,,,,,,,,,,,,,,,,,,,,,,,,,30161700,,,,,8 in,,,,1 in,,,,,,,,,,85%,No
,,,,,,,Decking,Decking,Fascia,,543007916,1x8-12' Whiskey Barrel - Trex Select 2.0 Fascia,TREX,,,Boise Cascade Building Materials (BOICA),Boise Cascade Building Materials,Trex®,Trex®,543007916,,Building Materials & Hardscape>Decking>Fascia,"Boise Cascade Building Materials, Trex, Fascia, 543007916, 1x8",FASCIA 1IN 8 IN YELLOW,TREX 543007916 Fascia,"TREX, Fascia, 1 in Width, 8 in",Fascia,"Discover the Trex® Fascia, engineered for outstanding performance and lasting durability. With a focus on quality and efficiency, this Fascia is the perfect addition to any modern home.",,,,,,,,,,,,,,,,,,,,,,,,Fascia,,Fascia,Style,Select,,Series,Trex,,Nominal Size,1,,Width,1 in,,length,8 in,,Color,Yellow,,,,,,,,,,,,,,,,,,,,,,,,,,,,,,,,,,,,,,,,,,,,,,,,,,,,,,,,,,,,,,,,,,,,,,,,,,,,,,,,,,,,,,,,,,,,,,,,,,,,,,,,,,,,,,,,,,,,,,,,,,,,,,,,,,,,,,,,,30161700,,,,,8 in,,,,1 in,,,,,,,,,,85%,No
,,,,,,,Decking,Decking,Fascia,,543005936,1x12-12' Malted Barley - Trex Select 2.0 Fascia,TREX,,,Boise Cascade Building Materials (BOICA),Boise Cascade Building Materials,Trex®,Trex®,543005936,,Building Materials & Hardscape>Decking>Fascia,"Boise Cascade Building Materials, Trex, Fascia, 543005936, 1x12",FASCIA 1IN 12 IN YELLOW,TREX 543005936 Fascia,"TREX, Fascia, 1 in Width, 12 in",Fascia,"Discover the Trex® Fascia, engineered for outstanding performance and lasting durability. With a focus on quality and efficiency, this Fascia is the perfect addition to any modern home.",,,,,,,,,,,,,,,,,,,,,,,,Fascia,,Fascia,Style,Select,,Series,Trex,,Nominal Size,1,,Width,1 in,,length,12 in,,Color,Yellow,,,,,,,,,,,,,,,,,,,,,,,,,,,,,,,,,,,,,,,,,,,,,,,,,,,,,,,,,,,,,,,,,,,,,,,,,,,,,,,,,,,,,,,,,,,,,,,,,,,,,,,,,,,,,,,,,,,,,,,,,,,,,,,,,,,,,,,,,30161700,,,,,12 in,,,,1 in,,,,,,,,,,85%,No
,,,,,,,Decking,Decking,Fascia,,1516905,1x12-12' Millstone - Trex Select 2.0 Fascia,TREX,,,Boise Cascade Building Materials (BOICA),Boise Cascade Building Materials,Trex®,Trex®,1516905,,Building Materials & Hardscape>Decking>Fascia,"Boise Cascade Building Materials, Trex, Fascia, 1516905, 1x12",FASCIA 1IN 12 IN YELLOW,TREX 1516905 Fascia,"TREX, Fascia, 1 in Width, 12 in",Fascia,"Discover the Trex® Fascia, engineered for outstanding performance and lasting durability. With a focus on quality and efficiency, this Fascia is the perfect addition to any modern home.",,,,,,,,,,,,,,,,,,,,,,,,Fascia,,Fascia,Style,Select,,Series,Trex,,Nominal Size,1,,Width,1 in,,length,12 in,,Color,Yellow,,,,,,,,,,,,,,,,,,,,,,,,,,,,,,,,,,,,,,,,,,,,,,,,,,,,,,,,,,,,,,,,,,,,,,,,,,,,,,,,,,,,,,,,,,,,,,,,,,,,,,,,,,,,,,,,,,,,,,,,,,,,,,,,,,,,,,,,,30161700,,,,,12 in,,,,1 in,,,,,,,,,,85%,No
,,,,,,,Decking,Decking,Fascia,,543007936,1x12-12' Whiskey Barrel - Trex Select 2.0 Fascia,TREX,,,Boise Cascade Building Materials (BOICA),Boise Cascade Building Materials,Trex®,Trex®,543007936,,Building Materials & Hardscape>Decking>Fascia,"Boise Cascade Building Materials, Trex, Fascia, 543007936, 1x12",FASCIA 1IN 12 IN YELLOW,TREX 543007936 Fascia,"TREX, Fascia, 1 in Width, 12 in",Fascia,"Discover the Trex® Fascia, engineered for outstanding performance and lasting durability. With a focus on quality and efficiency, this Fascia is the perfect addition to any modern home.",,,,,,,,,,,,,,,,,,,,,,,,Fascia,,Fascia,Style,Select,,Series,Trex,,Nominal Size,1,,Width,1 in,,length,12 in,,Color,Yellow,,,,,,,,,,,,,,,,,,,,,,,,,,,,,,,,,,,,,,,,,,,,,,,,,,,,,,,,,,,,,,,,,,,,,,,,,,,,,,,,,,,,,,,,,,,,,,,,,,,,,,,,,,,,,,,,,,,,,,,,,,,,,,,,,,,,,,,,,30161700,,,,,12 in,,,,1 in,,,,,,,,,,85%,No
,,,,,,,Decking,Decking,Deck Boards,,543144908,1x8-12' Island Mist - Trex Lineage,TREX,,,U S Lumber (3073),U S Lumber,Trex®,Trex®,543144908,,Building Materials & Hardscape>Decking>Deck Boards,"U S Lumber, Trex, Deck Board, 543144908, 1x8, Nominal Size=1",DECK BOARD 1X8,TREX 543144908 Deck Board,"TREX, Deck Board, 1 in Width, 8 in",Deck Board,"Discover the Trex® Deck Board, engineered for outstanding performance and lasting durability. With a focus on quality and efficiency, this Deck Board is the perfect addition to any modern home.",,,,,,,,,,,,,,,,,,,,,,,,Deck Board,,Deck Board,Nominal Size,1,,Width,1 in,,length,8 in,,Color,Yellow,,,,,,,,,,,,,,,,,,,,,,,,,,,,,,,,,,,,,,,,,,,,,,,,,,,,,,,,,,,,,,,,,,,,,,,,,,,,,,,,,,,,,,,,,,,,,,,,,,,,,,,,,,,,,,,,,,,,,,,,,,,,,,,,,,,,,,,,,,,,,,,30161700,,,,,8 in,,,,1 in,,,,,,,,,,80%,No
,,,,,,,Decking,Decking,Deck Boards,,543141908,1x8-12' Rainier - Trex Lineage,TREX,,,U S Lumber (3073),U S Lumber,Trex®,Trex®,543141908,,Building Materials & Hardscape>Decking>Deck Boards,"U S Lumber, Trex, Deck Board, 543141908, 1x8, Nominal Size=1",DECK BOARD 1X8,TREX 543141908 Deck Board,"TREX, Deck Board, 1 in Width, 8 in",Deck Board,"Discover the Trex® Deck Board, engineered for outstanding performance and lasting durability. With a focus on quality and efficiency, this Deck Board is the perfect addition to any modern home.",,,,,,,,,,,,,,,,,,,,,,,,Deck Board,,Deck Board,Nominal Size,1,,Width,1 in,,length,8 in,,Color,Yellow,,,,,,,,,,,,,,,,,,,,,,,,,,,,,,,,,,,,,,,,,,,,,,,,,,,,,,,,,,,,,,,,,,,,,,,,,,,,,,,,,,,,,,,,,,,,,,,,,,,,,,,,,,,,,,,,,,,,,,,,,,,,,,,,,,,,,,,,,,,,,,,30161700,,,,,8 in,,,,1 in,,,,,,,,,,80%,No
,,,,,,,Decking,Decking,Deck Boards,,543144912,1x12-12' Island Mist - Trex Lineage,TREX,,,U S Lumber (3073),U S Lumber,Trex®,Trex®,543144912,,Building Materials & Hardscape>Decking>Deck Boards,"U S Lumber, Trex, Deck Board, 543144912, 1x12, Nominal Size=1",DECK BOARD 1X12,TREX 543144912 Deck Board,"TREX, Deck Board, 1 in Width, 12 in",Deck Board,"Discover the Trex® Deck Board, engineered for outstanding performance and lasting durability. With a focus on quality and efficiency, this Deck Board is the perfect addition to any modern home.",,,,,,,,,,,,,,,,,,,,,,,,Deck Board,,Deck Board,Nominal Size,1,,Width,1 in,,length,12 in,,Color,Yellow,,,,,,,,,,,,,,,,,,,,,,,,,,,,,,,,,,,,,,,,,,,,,,,,,,,,,,,,,,,,,,,,,,,,,,,,,,,,,,,,,,,,,,,,,,,,,,,,,,,,,,,,,,,,,,,,,,,,,,,,,,,,,,,,,,,,,,,,,,,,,,,30161700,,,,,12 in,,,,1 in,,,,,,,,,,80%,No
,,,,,,,Decking,Decking,Deck Boards,,543141912,1x12-12' Rainier - Trex Lineage,TREX,,,U S Lumber (3073),U S Lumber,Trex®,Trex®,543141912,,Building Materials & Hardscape>Decking>Deck Boards,"U S Lumber, Trex, Deck Board, 543141912, 1x12, Nominal Size=1",DECK BOARD 1X12,TREX 543141912 Deck Board,"TREX, Deck Board, 1 in Width, 12 in",Deck Board,"Discover the Trex® Deck Board, engineered for outstanding performance and lasting durability. With a focus on quality and efficiency, this Deck Board is the perfect addition to any modern home.",,,,,,,,,,,,,,,,,,,,,,,,Deck Board,,Deck Board,Nominal Size,1,,Width,1 in,,length,12 in,,Color,Yellow,,,,,,,,,,,,,,,,,,,,,,,,,,,,,,,,,,,,,,,,,,,,,,,,,,,,,,,,,,,,,,,,,,,,,,,,,,,,,,,,,,,,,,,,,,,,,,,,,,,,,,,,,,,,,,,,,,,,,,,,,,,,,,,,,,,,,,,,,,,,,,,30161700,,,,,12 in,,,,1 in,,,,,,,,,,80%,No
,,,,,,,Decking,Decking,Deck Boards,,1513713,1x8-12' Hatteras - Trex Lineage,TREX,,,Boise Cascade Building Materials (BOICA),Boise Cascade Building Materials,Trex®,Trex®,1513713,,Building Materials & Hardscape>Decking>Deck Boards,"Boise Cascade Building Materials, Trex, Deck Board, 1513713, 1x8",DECK BOARD 1X8,TREX 1513713 Deck Board,"TREX, Deck Board, 1 in Width, 8 in",Deck Board,"Discover the Trex® Deck Board, engineered for outstanding performance and lasting durability. With a focus on quality and efficiency, this Deck Board is the perfect addition to any modern home.",,,,,,,,,,,,,,,,,,,,,,,,Deck Board,,Deck Board,Nominal Size,1,,Width,1 in,,length,8 in,,Color,Yellow,,,,,,,,,,,,,,,,,,,,,,,,,,,,,,,,,,,,,,,,,,,,,,,,,,,,,,,,,,,,,,,,,,,,,,,,,,,,,,,,,,,,,,,,,,,,,,,,,,,,,,,,,,,,,,,,,,,,,,,,,,,,,,,,,,,,,,,,,,,,,,,30161700,,,,,8 in,,,,1 in,,,,,,,,,,80%,No
,,,,,,,Decking,Decking,Deck Boards,,1513714,1x8-12' Salt Flat - Trex Lineage,TREX,,,Boise Cascade Building Materials (BOICA),Boise Cascade Building Materials,Trex®,Trex®,1513714,,Building Materials & Hardscape>Decking>Deck Boards,"Boise Cascade Building Materials, Trex, Deck Board, 1513714, 1x8",DECK BOARD 1X8,TREX 1513714 Deck Board,"TREX, Deck Board, 1 in Width, 8 in",Deck Board,"Discover the Trex® Deck Board, engineered for outstanding performance and lasting durability. With a focus on quality and efficiency, this Deck Board is the perfect addition to any modern home.",,,,,,,,,,,,,,,,,,,,,,,,Deck Board,,Deck Board,Style,Flat,,Nominal Size,1,,Head Type,Flat,,Width,1 in,,length,8 in,,Color,Yellow,,,,,,,,,,,,,,,,,,,,,,,,,,,,,,,,,,,,,,,,,,,,,,,,,,,,,,,,,,,,,,,,,,,,,,,,,,,,,,,,,,,,,,,,,,,,,,,,,,,,,,,,,,,,,,,,,,,,,,,,,,,,,,,,,,,,,,,,,30161700,,,,,8 in,,,,1 in,,,,,,,,,,85%,No
,,,,,,,Building Materials,Trim & Moulding,Trim,,73012503,4x4 Wh Heritage Post Trim RDI,,,,,,,,73012503,,Building Materials & Hardscape>Trim & Moulding>Trim,"Trim, 73012503, 4x4, Nominal Size=4, 4x4 Wh Heritage Post Trim RDI, Yellow",TRIM 4IN 4 IN YELLOW,73012503 Trim,"Trim, 4 in Width, 4 in",Trim,"Discover the  Trim, engineered for outstanding performance and lasting durability. With a focus on quality and efficiency, this Trim is the perfect addition to any modern home.",,,,,,,,,,,,,,,,,,,,,,,,Trim,,Trim,Nominal Size,4,,Width,4 in,,length,4 in,,Color,Yellow,,,,,,,,,,,,,,,,,,,,,,,,,,,,,,,,,,,,,,,,,,,,,,,,,,,,,,,,,,,,,,,,,,,,,,,,,,,,,,,,,,,,,,,,,,,,,,,,,,,,,,,,,,,,,,,,,,,,,,,,,,,,,,,,,,,,,,,,,,,,,,,30121501,,,,,4 in,,,,4 in,,,,,,,,,No Brand Found,60%,No
,,,,,,,Building Materials,Trim & Moulding,Trim,,73018131,6x6 Wh Elite Post Trim 4pc RDI,,,,,,,,73018131,,Building Materials & Hardscape>Trim & Moulding>Trim,"Trim, 73018131, 6x6, Nominal Size=6, Quantity=4, 6x6 Wh Elite Post Trim 4pc RDI",TRIM 6IN 6 IN YELLOW,73018131 Trim,"Trim, 6 in Width, 6 in",Trim,"Discover the  Trim, engineered for outstanding performance and lasting durability. With a focus on quality and efficiency, this Trim is the perfect addition to any modern home.",,,,,,,,,,,,,,,,,,,,,,,,Trim,,Trim,Nominal Size,6,,Quantity,4,EA,Width,6 in,,length,6 in,,Color,Yellow,,,,,,,,,,,,,,,,,,,,,,,,,,,,,,,,,,,,,,,,,,,,,,,,,,,,,,,,,,,,,,,,,,,,,,,,,,,,,,,,,,,,,,,,,,,,,,,,,,,,,,,,,,,,,,,,,,,,,,,,,,,,,,,,,,,,,,,,,,,,30121501,,,,,6 in,,,,6 in,,,,,,,,,No Brand Found,65%,No
,,,,,,,Building Materials,Trim & Moulding,Trim,,73018091,4x4 Wh Elite Post Trim RDI,,,,,,,,73018091,,Building Materials & Hardscape>Trim & Moulding>Trim,"Trim, 73018091, 4x4, Nominal Size=4, 4x4 Wh Elite Post Trim RDI, Yellow",TRIM 4IN 4 IN YELLOW,73018091 Trim,"Trim, 4 in Width, 4 in",Trim,"Discover the  Trim, engineered for outstanding performance and lasting durability. With a focus on quality and efficiency, this Trim is the perfect addition to any modern home.",,,,,,,,,,,,,,,,,,,,,,,,Trim,,Trim,Nominal Size,4,,Width,4 in,,length,4 in,,Color,Yellow,,,,,,,,,,,,,,,,,,,,,,,,,,,,,,,,,,,,,,,,,,,,,,,,,,,,,,,,,,,,,,,,,,,,,,,,,,,,,,,,,,,,,,,,,,,,,,,,,,,,,,,,,,,,,,,,,,,,,,,,,,,,,,,,,,,,,,,,,,,,,,,30121501,,,,,4 in,,,,4 in,,,,,,,,,No Brand Found,60%,No
,,,,,,,Building Materials,Trim & Moulding,Trim,,73018066,Clay 6x6 Elite Post Trim RDI - 4pc,,,,,,,,73018066,,Building Materials & Hardscape>Trim & Moulding>Trim,"Trim, 6x6, Yellow, Clay Elite Post RDI - 4pc, 73018066",TRIM 6IN 6 IN YELLOW,73018066 Trim,"Trim, 6 in Width, 6 in",Trim,"Discover the  Trim, engineered for outstanding performance and lasting durability. With a focus on quality and efficiency, this Trim is the perfect addition to any modern home.",,,,,,,,,,,,,,,,,,,,,,,,Trim,,Trim,Nominal Size,6,,Quantity,4,EA,Width,6 in,,length,6 in,,Color,Yellow,,,,,,,,,,,,,,,,,,,,,,,,,,,,,,,,,,,,,,,,,,,,,,,,,,,,,,,,,,,,,,,,,,,,,,,,,,,,,,,,,,,,,,,,,,,,,,,,,,,,,,,,,,,,,,,,,,,,,,,,,,,,,,,,,,,,,,,,,,,,30121501,,,,,6 in,,,,6 in,,,,,,,,,No Brand Found + Low Confidence,58%,No
,,,,,,,Decking,Decking,Railing,,73018076,4x4 Wh Flat Post Cap RDI,,,,,,,,73018076,,Building Materials & Hardscape>Decking>Railing>Post Caps,"Post Cap, 73018076, 4x4, Style=Flat, Nominal Size=4, Head Type=Flat",POST CAP 4IN 4 IN YELLOW,73018076 Post Cap,"Post Cap, 4 in Width, 4 in",Post Cap,"Discover the  Post Cap, engineered for outstanding performance and lasting durability. With a focus on quality and efficiency, this Post Cap is the perfect addition to any modern home.",,,,,,,,,,,,,,,,,,,,,,,,Post Cap,,Post Cap,Style,Flat,,Nominal Size,4,,Head Type,Flat,,Width,4 in,,length,4 in,,Color,Yellow,,,,,,,,,,,,,,,,,,,,,,,,,,,,,,,,,,,,,,,,,,,,,,,,,,,,,,,,,,,,,,,,,,,,,,,,,,,,,,,,,,,,,,,,,,,,,,,,,,,,,,,,,,,,,,,,,,,,,,,,,,,,,,,,,,,,,,,,,30161803,,,,,4 in,,,,4 in,,,,,,,,,No Brand Found,65%,No
,,,,,,,Building Materials,Lumber & Sheathing,Posts,,61109087,Wh 4x4-39 Blank Post RDI,,,,,,,,61109087,,Building Materials & Hardscape>Lumber & Sheathing>Posts,"Post, 61109087, 4x4, Nominal Size=4, Wh 4x4-39 Blank Post RDI, Yellow",POST 4IN 4 IN YELLOW,61109087 Post,"Post, 4 in Width, 4 in",Post,"Discover the  Post, engineered for outstanding performance and lasting durability. With a focus on quality and efficiency, this Post is the perfect addition to any modern home.",,,,,,,,,,,,,,,,,,,,,,,,Post,,Post,Nominal Size,4,,Width,4 in,,length,4 in,,Color,Yellow,,,,,,,,,,,,,,,,,,,,,,,,,,,,,,,,,,,,,,,,,,,,,,,,,,,,,,,,,,,,,,,,,,,,,,,,,,,,,,,,,,,,,,,,,,,,,,,,,,,,,,,,,,,,,,,,,,,,,,,,,,,,,,,,,,,,,,,,,,,,,,,30112300,,,,,4 in,,,,4 in,,,,,,,,,No Brand Found,60%,No
,,,,,,,Decking,Decking,Railing,,73018731,Wh 6x6-108 Post Sleeve RDI,,,,,,,,73018731,,Building Materials & Hardscape>Decking>Railing>Post Sleeves,"Post Sleeve, 73018731, 6x6, Nominal Size=6, Wh 6x6-108 Post Sleeve RDI, Yellow",POST SLEEVE 6X6,73018731 Post Sleeve,"Post Sleeve, 6 in Width, 6 in",Post Sleeve,"Discover the  Post Sleeve, engineered for outstanding performance and lasting durability. With a focus on quality and efficiency, this Post Sleeve is the perfect addition to any modern home.",,,,,,,,,,,,,,,,,,,,,,,,Post Sleeve,,Post Sleeve,Nominal Size,6,,Width,6 in,,length,6 in,,Color,Yellow,,,,,,,,,,,,,,,,,,,,,,,,,,,,,,,,,,,,,,,,,,,,,,,,,,,,,,,,,,,,,,,,,,,,,,,,,,,,,,,,,,,,,,,,,,,,,,,,,,,,,,,,,,,,,,,,,,,,,,,,,,,,,,,,,,,,,,,,,,,,,,,30161802,,,,,6 in,,,,6 in,,,,,,,,,No Brand Found,60%,No
,,,,,,,Decking,Decking,Railing,,61109090,Wh 4x4-108 Post Sleeve RDI,,,,,,,,61109090,,Building Materials & Hardscape>Decking>Railing>Post Sleeves,"Post Sleeve, 61109090, 4x4, Nominal Size=4, Wh 4x4-108 Post Sleeve RDI, Yellow",POST SLEEVE 4X4,61109090 Post Sleeve,"Post Sleeve, 4 in Width, 4 in",Post Sleeve,"Discover the  Post Sleeve, engineered for outstanding performance and lasting durability. With a focus on quality and efficiency, this Post Sleeve is the perfect addition to any modern home.",,,,,,,,,,,,,,,,,,,,,,,,Post Sleeve,,Post Sleeve,Nominal Size,4,,Width,4 in,,length,4 in,,Color,Yellow,,,,,,,,,,,,,,,,,,,,,,,,,,,,,,,,,,,,,,,,,,,,,,,,,,,,,,,,,,,,,,,,,,,,,,,,,,,,,,,,,,,,,,,,,,,,,,,,,,,,,,,,,,,,,,,,,,,,,,,,,,,,,,,,,,,,,,,,,,,,,,,30161802,,,,,4 in,,,,4 in,,,,,,,,,No Brand Found,60%,No
,,,,,,,Decking,Decking,Railing,,73053603,Clay 4x4-108 Post Sleeve RDI,,,,,,,,73053603,,Building Materials & Hardscape>Decking>Railing>Post Sleeves,"Post Sleeve, 73053603, 4x4, Nominal Size=4, Clay 4x4-108 Post Sleeve RDI, Yellow",POST SLEEVE 4X4,73053603 Post Sleeve,"Post Sleeve, 4 in Width, 4 in",Post Sleeve,"Discover the  Post Sleeve, engineered for outstanding performance and lasting durability. With a focus on quality and efficiency, this Post Sleeve is the perfect addition to any modern home.",,,,,,,,,,,,,,,,,,,,,,,,Post Sleeve,,Post Sleeve,Nominal Size,4,,Width,4 in,,length,4 in,,Color,Yellow,,,,,,,,,,,,,,,,,,,,,,,,,,,,,,,,,,,,,,,,,,,,,,,,,,,,,,,,,,,,,,,,,,,,,,,,,,,,,,,,,,,,,,,,,,,,,,,,,,,,,,,,,,,,,,,,,,,,,,,,,,,,,,,,,,,,,,,,,,,,,,,30161802,,,,,4 in,,,,4 in,,,,,,,,,No Brand Found,60%,No
,,,,,,,Decking,Decking,Railing,,73053608,Clay 6x6-108 Post Sleeve RDI,,,,,,,,73053608,,Building Materials & Hardscape>Decking>Railing>Post Sleeves,"Post Sleeve, 73053608, 6x6, Nominal Size=6, Clay 6x6-108 Post Sleeve RDI, Yellow",POST SLEEVE 6X6,73053608 Post Sleeve,"Post Sleeve, 6 in Width, 6 in",Post Sleeve,"Discover the  Post Sleeve, engineered for outstanding performance and lasting durability. With a focus on quality and efficiency, this Post Sleeve is the perfect addition to any modern home.",,,,,,,,,,,,,,,,,,,,,,,,Post Sleeve,,Post Sleeve,Nominal Size,6,,Width,6 in,,length,6 in,,Color,Yellow,,,,,,,,,,,,,,,,,,,,,,,,,,,,,,,,,,,,,,,,,,,,,,,,,,,,,,,,,,,,,,,,,,,,,,,,,,,,,,,,,,,,,,,,,,,,,,,,,,,,,,,,,,,,,,,,,,,,,,,,,,,,,,,,,,,,,,,,,,,,,,,30161802,,,,,6 in,,,,6 in,,,,,,,,,No Brand Found,60%,No
,,,,,,,Decking,Decking,Railing,,543340896,"4x4-37"" Black Alum Post Sleeve Select Alum Railing - w/Cap & Skirt",TREX,,,Boise Cascade Building Materials (BOICA),Boise Cascade Building Materials,Trex®,Trex®,543340896,,Building Materials & Hardscape>Decking>Railing>Post Sleeves,"Boise Cascade Building Materials, Trex, Post Sleeve, 543340896, 4x4",POST SLEEVE 4X4 BLACK,TREX 543340896 Post Sleeve,"TREX, Post Sleeve, 4 in Width, 4 in",Post Sleeve,"Discover the Trex® Post Sleeve, engineered for outstanding performance and lasting durability. With a focus on quality and efficiency, this Post Sleeve is the perfect addition to any modern home.",,,,,,,,,,,,,,,,,,,,,,,,Post Sleeve,,Post Sleeve,Color,Black,,Style,Select,,Series,Sleeve,,Nominal Size,4,,Width,4 in,,length,4 in,,Material,Aluminum,,,,,,,,,,,,,,,,,,,,,,,,,,,,,,,,,,,,,,,,,,,,,,,,,,,,,,,,,,,,,,,,,,,,,,,,,,,,,,,,,,,,,,,,,,,,,,,,,,,,,,,,,,,,,,,,,,,,,,,,,,,,,,,,,,,,,,30161802,,,,,4 in,,,,4 in,,,,,,,,,,85%,No
,,,,,,,Decking,Decking,Railing,,543340898,"4x4-43"" Black Alum Post Sleeve Select Alum Railing w/Cap & Skirt",TREX,,,Boise Cascade Building Materials (BOICA),Boise Cascade Building Materials,Trex®,Trex®,543340898,,Building Materials & Hardscape>Decking>Railing>Post Sleeves,"Boise Cascade Building Materials, Trex, Post Sleeve, 543340898, 4x4",POST SLEEVE 4X4 BLACK,TREX 543340898 Post Sleeve,"TREX, Post Sleeve, 4 in Width, 4 in",Post Sleeve,"Discover the Trex® Post Sleeve, engineered for outstanding performance and lasting durability. With a focus on quality and efficiency, this Post Sleeve is the perfect addition to any modern home.",,,,,,,,,,,,,,,,,,,,,,,,Post Sleeve,,Post Sleeve,Color,Black,,Style,Select,,Series,Sleeve,,Nominal Size,4,,Width,4 in,,length,4 in,,Material,Aluminum,,,,,,,,,,,,,,,,,,,,,,,,,,,,,,,,,,,,,,,,,,,,,,,,,,,,,,,,,,,,,,,,,,,,,,,,,,,,,,,,,,,,,,,,,,,,,,,,,,,,,,,,,,,,,,,,,,,,,,,,,,,,,,,,,,,,,,30161802,,,,,4 in,,,,4 in,,,,,,,,,,85%,No
,,,,,,,Building Materials,Lumber & Sheathing,Posts,,73272TBK,6x6-10' Black Alum Deco - Support Post,DSI Westbury,,,Palmer Donavin Mfg Company (PALDO),Palmer Donavin Mfg Company,DSI Westbury®,DSI Westbury®,73272TBK,,Building Materials & Hardscape>Lumber & Sheathing>Posts,"Palmer Donavin Mfg Company, DSI Westbury, Post, 73272TBK, 6x6",POST 6IN 6 IN ALUMINUM BLACK,DSI WESTBURY 73272TBK Post,"DSI WESTBURY, Post, 6 in Width, 6 in",Post,"Discover the DSI Westbury® Post, engineered for outstanding performance and lasting durability. With a focus on quality and efficiency, this Post is the perfect addition to any modern home.",,,,,,,,,,,,,,,,,,,,,,,,Post,,Post,Color,Black,,Nominal Size,6,,Width,6 in,,length,6 in,,Material,Aluminum,,,,,,,,,,,,,,,,,,,,,,,,,,,,,,,,,,,,,,,,,,,,,,,,,,,,,,,,,,,,,,,,,,,,,,,,,,,,,,,,,,,,,,,,,,,,,,,,,,,,,,,,,,,,,,,,,,,,,,,,,,,,,,,,,,,,,,,,,,,,30112300,,,,,6 in,,,,6 in,,,,,,,,,,75%,No
,,,,,,,Decking,Decking,Railing,,543302127,6' Wh Select T-Rail Kit Stair - w/Sq Composite Balusters,TREX,,,U S Lumber (3073),U S Lumber,Trex®,Trex®,543302127,,Building Materials & Hardscape>Decking>Railing>Railing Kits,"U S Lumber, Trex, Railing Kit, 543302127, Material=Composite, Style=Select",RAILING KIT COMPOS,TREX 543302127 Railing Kit,"TREX, Railing Kit",Railing Kit,"Discover the Trex® Railing Kit, engineered for outstanding performance and lasting durability. With a focus on quality and efficiency, this Railing Kit is the perfect addition to any modern home.",,,,,,,,,,,,,,,,,,,,,,,,Railing Kit,,Railing Kit,Material,Composite,,Style,Select,,Series,Wh,,Pack Type,Kit,,Color,Yellow,,,,,,,,,,,,,,,,,,,,,,,,,,,,,,,,,,,,,,,,,,,,,,,,,,,,,,,,,,,,,,,,,,,,,,,,,,,,,,,,,,,,,,,,,,,,,,,,,,,,,,,,,,,,,,,,,,,,,,,,,,,,,,,,,,,,,,,,,,,,30161801,,,,,,,,,,,,,,,,,,,85%,No
,,,,,,,Decking,Decking,Railing,,543302147,8' Wh Select T-Rail Kit Stair - w/Sq Composite Balusters,TREX,,,U S Lumber (3073),U S Lumber,Trex®,Trex®,543302147,,Building Materials & Hardscape>Decking>Railing>Railing Kits,"U S Lumber, Trex, Railing Kit, 543302147, Material=Composite, Style=Select",RAILING KIT COMPOS,TREX 543302147 Railing Kit,"TREX, Railing Kit",Railing Kit,"Discover the Trex® Railing Kit, engineered for outstanding performance and lasting durability. With a focus on quality and efficiency, this Railing Kit is the perfect addition to any modern home.",,,,,,,,,,,,,,,,,,,,,,,,Railing Kit,,Railing Kit,Material,Composite,,Style,Select,,Series,Wh,,Pack Type,Kit,,Color,Yellow,,,,,,,,,,,,,,,,,,,,,,,,,,,,,,,,,,,,,,,,,,,,,,,,,,,,,,,,,,,,,,,,,,,,,,,,,,,,,,,,,,,,,,,,,,,,,,,,,,,,,,,,,,,,,,,,,,,,,,,,,,,,,,,,,,,,,,,,,,,,30161801,,,,,,,,,,,,,,,,,,,85%,No
,,,,,,,Decking,Decking,Railing,,73019599,Finyline Wh 6' Str Rail Kit Sq,,,,,,,,73019599,,Building Materials & Hardscape>Decking>Railing>Railing Kits,"Railing Kit, 73019599, Pack Type=Kit, Finyline Wh 6' Str Rail Kit Sq, Yellow",RAILING KIT,73019599 Railing Kit,Railing Kit,Railing Kit,"Discover the  Railing Kit, engineered for outstanding performance and lasting durability. With a focus on quality and efficiency, this Railing Kit is the perfect addition to any modern home.",,,,,,,,,,,,,,,,,,,,,,,,Railing Kit,,Railing Kit,Pack Type,Kit,,Color,Yellow,,,,,,,,,,,,,,,,,,,,,,,,,,,,,,,,,,,,,,,,,,,,,,,,,,,,,,,,,,,,,,,,,,,,,,,,,,,,,,,,,,,,,,,,,,,,,,,,,,,,,,,,,,,,,,,,,,,,,,,,,,,,,,,,,,,,,,,,,,,,,,,,,,,,,30161801,,,,,,,,,,,,,,,,,,No Brand Found + Low Confidence,55%,No
,,,,,,,Decking,Decking,Railing,,73019648,Finyline Wh 8' Str Rail Kit Sq,,,,,,,,73019648,,Building Materials & Hardscape>Decking>Railing>Railing Kits,"Railing Kit, 73019648, Pack Type=Kit, Finyline Wh 8' Str Rail Kit Sq, Yellow",RAILING KIT,73019648 Railing Kit,Railing Kit,Railing Kit,"Discover the  Railing Kit, engineered for outstanding performance and lasting durability. With a focus on quality and efficiency, this Railing Kit is the perfect addition to any modern home.",,,,,,,,,,,,,,,,,,,,,,,,Railing Kit,,Railing Kit,Pack Type,Kit,,Color,Yellow,,,,,,,,,,,,,,,,,,,,,,,,,,,,,,,,,,,,,,,,,,,,,,,,,,,,,,,,,,,,,,,,,,,,,,,,,,,,,,,,,,,,,,,,,,,,,,,,,,,,,,,,,,,,,,,,,,,,,,,,,,,,,,,,,,,,,,,,,,,,,,,,,,,,,30161801,,,,,,,,,,,,,,,,,,No Brand Found + Low Confidence,55%,No
,,,,,,,Decking,Decking,Railing,,73019598,Finyline Wh 6' Str Rail Kit Rd - w/Black Alum Balusters,,,,,,,,73019598,,Building Materials & Hardscape>Decking>Railing>Railing Kits,"Railing Kit, Aluminum, White, Finyline 6' Str Rd - w/Black Balusters",RAILING KIT BLACK,73019598 Railing Kit,Railing Kit,Railing Kit,"Discover the  Railing Kit, engineered for outstanding performance and lasting durability. With a focus on quality and efficiency, this Railing Kit is the perfect addition to any modern home.",,,,,,,,,,,,,,,,,,,,,,,,Railing Kit,,Railing Kit,Color,Black,,Pack Type,Kit,,Material,Aluminum,,,,,,,,,,,,,,,,,,,,,,,,,,,,,,,,,,,,,,,,,,,,,,,,,,,,,,,,,,,,,,,,,,,,,,,,,,,,,,,,,,,,,,,,,,,,,,,,,,,,,,,,,,,,,,,,,,,,,,,,,,,,,,,,,,,,,,,,,,,,,,,,,,30161801,,,,,,,,,,,,,,,,,,No Brand Found,60%,No
,,,,,,,Decking,Decking,Railing,,73019647,Finyline Wh 8' Str Rail Kit Rd - w/Black Alum Balusters,,,,,,,,73019647,,Building Materials & Hardscape>Decking>Railing>Railing Kits,"Railing Kit, Aluminum, White, Finyline 8' Str Rd - w/Black Balusters",RAILING KIT BLACK,73019647 Railing Kit,Railing Kit,Railing Kit,"Discover the  Railing Kit, engineered for outstanding performance and lasting durability. With a focus on quality and efficiency, this Railing Kit is the perfect addition to any modern home.",,,,,,,,,,,,,,,,,,,,,,,,Railing Kit,,Railing Kit,Color,Black,,Pack Type,Kit,,Material,Aluminum,,,,,,,,,,,,,,,,,,,,,,,,,,,,,,,,,,,,,,,,,,,,,,,,,,,,,,,,,,,,,,,,,,,,,,,,,,,,,,,,,,,,,,,,,,,,,,,,,,,,,,,,,,,,,,,,,,,,,,,,,,,,,,,,,,,,,,,,,,,,,,,,,,30161801,,,,,,,,,,,,,,,,,,No Brand Found,60%,No
,,,,,,,Decking,Decking,Railing,,543300257,6' Black Select Classic Stair - Rail w/Rnd Black Alum Baluster,TREX,,,Boise Cascade Building Materials (BOICA),Boise Cascade Building Materials,Trex®,Trex®,543300257,,Building Materials & Hardscape>Decking>Railing>Balusters,"Boise Cascade Building Materials, Trex, Baluster, 543300257, Color=Black",BALUSTER BLACK,TREX 543300257 Baluster,"TREX, Baluster",Baluster,"Discover the Trex® Baluster, engineered for outstanding performance and lasting durability. With a focus on quality and efficiency, this Baluster is the perfect addition to any modern home.",,,,,,,,,,,,,,,,,,,,,,,,Baluster,,Baluster,Color,Black,,Style,Select,,Series,Black,,Material,Aluminum,,,,,,,,,,,,,,,,,,,,,,,,,,,,,,,,,,,,,,,,,,,,,,,,,,,,,,,,,,,,,,,,,,,,,,,,,,,,,,,,,,,,,,,,,,,,,,,,,,,,,,,,,,,,,,,,,,,,,,,,,,,,,,,,,,,,,,,,,,,,,,,30161804,,,,,,,,,,,,,,,,,,,80%,No
,,,,,,,Decking,Decking,Railing,,543300277,8' Black Select Classic Stair - Rail w/Rnd Black Alum Baluster,TREX,,,Boise Cascade Building Materials (BOICA),Boise Cascade Building Materials,Trex®,Trex®,543300277,,Building Materials & Hardscape>Decking>Railing>Balusters,"Boise Cascade Building Materials, Trex, Baluster, 543300277, Color=Black",BALUSTER BLACK,TREX 543300277 Baluster,"TREX, Baluster",Baluster,"Discover the Trex® Baluster, engineered for outstanding performance and lasting durability. With a focus on quality and efficiency, this Baluster is the perfect addition to any modern home.",,,,,,,,,,,,,,,,,,,,,,,,Baluster,,Baluster,Color,Black,,Style,Select,,Series,Black,,Material,Aluminum,,,,,,,,,,,,,,,,,,,,,,,,,,,,,,,,,,,,,,,,,,,,,,,,,,,,,,,,,,,,,,,,,,,,,,,,,,,,,,,,,,,,,,,,,,,,,,,,,,,,,,,,,,,,,,,,,,,,,,,,,,,,,,,,,,,,,,,,,,,,,,,30161804,,,,,,,,,,,,,,,,,,,80%,No
,,,,,,,Building Materials,Lumber & Sheathing,Posts,,SPB-44BPL,"Patriot 4""x4""x37""/43"" Adjustable Self Leveling Support Post",,,,,,,,SPB-44BPL,,Building Materials & Hardscape>Lumber & Sheathing>Posts,"Post, SPB-44BPL, 4""x4""x37, Patriot 4""x4""x37""/43"" Adjustable Self Le, Yellow",POST 4INX4INX37,SPB-44BPL Post With Adjustable,"Post, With Adjustable, 4 in Width, 37 in Height, 4 in","Post, Adjustable","Upgrade your home with the  Post, designed to deliver exceptional performance and reliability. Featuring Adjustable, this Post combines innovative technology with sleek design to meet your everyday needs.",Adjustable,,,,,,,,,,,,,,,,,,,,With Adjustable,,,Post,,Post,Width,4 in,,length,4 in,,Height,37 in,,Color,Yellow,,Feature,Adjustable,,,,,,,,,,,,,,,,,,,,,,,,,,,,,,,,,,,,,,,,,,,,,,,,,,,,,,,,,,,,,,,,,,,,,,,,,,,,,,,,,,,,,,,,,,,,,,,,,,,,,,,,,,,,,,,,,,,,,,,,,,,,,,,,,,,,,,,,,,,,30112300,,,,,4 in,,37 in,,4 in,,,,,,,,,No Brand Found,65%,No
,,,,,,,Decking,Decking,Structural,,925219,"2""x50' Deck Joist Tape - Protecto Wrap",,,,Palmer Donavin Mfg Company (PALDO),Signify North America,Philips®,Philips®,925219,,Building Materials & Hardscape>Decking>Structural>Joist Tape,"Philips®, Joist Tape, 2""x50, Yellow, 2""x50' Deck - Protecto Wrap",JOIST TAPE 2INX50,PHILIPS 925219 Joist Tape,"PHILIPS, Joist Tape, 2 in Width, 50 in",Joist Tape,"Discover the Philips® Joist Tape, engineered for outstanding performance and lasting durability. With a focus on quality and efficiency, this Joist Tape is the perfect addition to any modern home.",,,,,,,,,,,,,,,,,,,,,,,,Joist Tape,,Joist Tape,Width,2 in,,length,50 in,,Color,Yellow,,,,,,,,,,,,,,,,,,,,,,,,,,,,,,,,,,,,,,,,,,,,,,,,,,,,,,,,,,,,,,,,,,,,,,,,,,,,,,,,,,,,,,,,,,,,,,,,,,,,,,,,,,,,,,,,,,,,,,,,,,,,,,,,,,,,,,,,,,,,,,,,,,30162001,,,,,50 in,,,,2 in,,,,,,,,,,80%,No
,,,,,,,Windows & Doors,Windows & Doors,Doors,,27233,24x48 WH Attic Access Door,AJM,,,A J Manufacturing Inc (AJMAN),A J Manufacturing Inc,AJM®,AJM®,27233,,Building Materials & Hardscape>Windows & Doors>Doors,"A J Manufacturing Inc, AJM, Door, 27233, 24x48, Nominal Size=24",DOOR 24IN 48 IN YELLOW,AJM 27233 Door,"AJM, Door, 24 in Width, 48 in",Door,"Discover the AJM® Door, engineered for outstanding performance and lasting durability. With a focus on quality and efficiency, this Door is the perfect addition to any modern home.",,,,,,,,,,,,,,,,,,,,,,,,Door,,Door,Nominal Size,24,,Width,24 in,,length,48 in,,Color,Yellow,,,,,,,,,,,,,,,,,,,,,,,,,,,,,,,,,,,,,,,,,,,,,,,,,,,,,,,,,,,,,,,,,,,,,,,,,,,,,,,,,,,,,,,,,,,,,,,,,,,,,,,,,,,,,,,,,,,,,,,,,,,,,,,,,,,,,,,,,,,,,,,30151600,,,,,48 in,,,,24 in,,,,,,,,,,70%,No
,,,,,,,Windows & Doors,Windows & Doors,Doors,,1517602,6068R Gliding Patio Dr 4500 United Blk Ext/WH Int LowE Arg w/J,United Window & Door,,,United Window & Door Manufacturing (UNIWI),United Window & Door Manufacturing,United Window & Door®,United Window & Door®,1517602,,Building Materials & Hardscape>Windows & Doors>Doors>Patio,"United Window & Door Manufacturing, United Window & Door, Patio Door, 1517602",PATIO DOOR,UNITED WINDOW & DOOR 1517602 Patio Door,"UNITED WINDOW & DOOR, Patio Door",Patio Door,"Discover the United Window & Door® Patio Door, engineered for outstanding performance and lasting durability. With a focus on quality and efficiency, this Patio Door is the perfect addition to any modern home.",,,,,,,,,,,,,,,,,,,,,,,,Patio Door,,Patio Door,R-Value,4500,,Insulation R-Value,4500,,Color,Yellow,,,,,,,,,,,,,,,,,,,,,,,,,,,,,,,,,,,,,,,,,,,,,,,,,,,,,,,,,,,,,,,,,,,,,,,,,,,,,,,,,,,,,,,,,,,,,,,,,,,,,,,,,,,,,,,,,,,,,,,,,,,,,,,,,,,,,,,,,,,,,,,,,,30151612,,,,,,,,,,,,,,,,,,,70%,No
,,,,,,,Windows & Doors,Windows & Doors,Doors,,1517603,6068L Gliding Patio Dr 4500 United Blk Ext/WH Int LowE Arg w/J,United Window & Door,,,United Window & Door Manufacturing (UNIWI),United Window & Door Manufacturing,United Window & Door®,United Window & Door®,1517603,,Building Materials & Hardscape>Windows & Doors>Doors>Patio,"United Window & Door Manufacturing, United Window & Door, Patio Door, 1517603",PATIO DOOR,UNITED WINDOW & DOOR 1517603 Patio Door,"UNITED WINDOW & DOOR, Patio Door",Patio Door,"Discover the United Window & Door® Patio Door, engineered for outstanding performance and lasting durability. With a focus on quality and efficiency, this Patio Door is the perfect addition to any modern home.",,,,,,,,,,,,,,,,,,,,,,,,Patio Door,,Patio Door,R-Value,4500,,Insulation R-Value,4500,,Color,Yellow,,,,,,,,,,,,,,,,,,,,,,,,,,,,,,,,,,,,,,,,,,,,,,,,,,,,,,,,,,,,,,,,,,,,,,,,,,,,,,,,,,,,,,,,,,,,,,,,,,,,,,,,,,,,,,,,,,,,,,,,,,,,,,,,,,,,,,,,,,,,,,,,,,30151612,,,,,,,,,,,,,,,,,,,70%,No
,,,,,,,Windows & Doors,Windows & Doors,Doors,,1517604,6068L Gliding Patio Dr 4500 United White LowE Arg w/J,United Window & Door,,,United Window & Door Manufacturing (UNIWI),United Window & Door Manufacturing,United Window & Door®,United Window & Door®,1517604,,Building Materials & Hardscape>Windows & Doors>Doors>Patio,"United Window & Door Manufacturing, United Window & Door, Patio Door, 1517604",PATIO DOOR WHITE,UNITED WINDOW & DOOR 1517604 Patio Door,"UNITED WINDOW & DOOR, Patio Door",Patio Door,"Discover the United Window & Door® Patio Door, engineered for outstanding performance and lasting durability. With a focus on quality and efficiency, this Patio Door is the perfect addition to any modern home.",,,,,,,,,,,,,,,,,,,,,,,,Patio Door,,Patio Door,Color,White,,R-Value,4500,,Insulation R-Value,4500,,,,,,,,,,,,,,,,,,,,,,,,,,,,,,,,,,,,,,,,,,,,,,,,,,,,,,,,,,,,,,,,,,,,,,,,,,,,,,,,,,,,,,,,,,,,,,,,,,,,,,,,,,,,,,,,,,,,,,,,,,,,,,,,,,,,,,,,,,,,,,,,,,30151612,,,,,,,,,,,,,,,,,,,70%,No
,,,,,,,Windows & Doors,Windows & Doors,Doors,,1517605,6068R Gliding Patio Dr 4500 United White LowE Arg w/J,United Window & Door,,,United Window & Door Manufacturing (UNIWI),United Window & Door Manufacturing,United Window & Door®,United Window & Door®,1517605,,Building Materials & Hardscape>Windows & Doors>Doors>Patio,"United Window & Door Manufacturing, United Window & Door, Patio Door, 1517605",PATIO DOOR WHITE,UNITED WINDOW & DOOR 1517605 Patio Door,"UNITED WINDOW & DOOR, Patio Door",Patio Door,"Discover the United Window & Door® Patio Door, engineered for outstanding performance and lasting durability. With a focus on quality and efficiency, this Patio Door is the perfect addition to any modern home.",,,,,,,,,,,,,,,,,,,,,,,,Patio Door,,Patio Door,Color,White,,R-Value,4500,,Insulation R-Value,4500,,,,,,,,,,,,,,,,,,,,,,,,,,,,,,,,,,,,,,,,,,,,,,,,,,,,,,,,,,,,,,,,,,,,,,,,,,,,,,,,,,,,,,,,,,,,,,,,,,,,,,,,,,,,,,,,,,,,,,,,,,,,,,,,,,,,,,,,,,,,,,,,,,30151612,,,,,,,,,,,,,,,,,,,70%,No
,,,,,,,Windows & Doors,Windows & Doors,Skylights,,FS C01 2004S,"FS C01 Velux Fxd Skylt Gry/Wh - w/Solar Shade RO 21""x26-7/8""",,,,Velux America Inc (VELAM),VELUX Group,VELUX®,VELUX®,FS C01 2004S,,Building Materials & Hardscape>Windows & Doors>Skylights,"VELUX®, Skylight, 21""x26, Yellow, FS C01 Fxd Skylt Gry/Wh - w/Solar Shade RO",SKYLIGHT 21INX26,VELUX FS C01 2004S Skylight,"VELUX, Skylight, 21 in Width, 26 in",Skylight,"Discover the VELUX® Skylight, engineered for outstanding performance and lasting durability. With a focus on quality and efficiency, this Skylight is the perfect addition to any modern home.",,,,,,,,,,,,,,,,,,,,,,,,Skylight,,Skylight,Width,21 in,,length,26 in,,Color,Yellow,,,,,,,,,,,,,,,,,,,,,,,,,,,,,,,,,,,,,,,,,,,,,,,,,,,,,,,,,,,,,,,,,,,,,,,,,,,,,,,,,,,,,,,,,,,,,,,,,,,,,,,,,,,,,,,,,,,,,,,,,,,,,,,,,,,,,,,,,,,,,,,,,,30151700,,,,,26 in,,,,21 in,,,,,,,,,,70%,No
,,,,,,,Windows & Doors,Windows & Doors,Skylights,,FS C04 2004S,"FS C04 Velux Fxd Skylt Gry/Wh - w/Solar Shade RO 21""x37-7/8""",,,,Velux America Inc (VELAM),VELUX Group,VELUX®,VELUX®,FS C04 2004S,,Building Materials & Hardscape>Windows & Doors>Skylights,"VELUX®, Skylight, 21""x37, Yellow, FS C04 Fxd Skylt Gry/Wh - w/Solar Shade RO",SKYLIGHT 21INX37,VELUX FS C04 2004S Skylight,"VELUX, Skylight, 21 in Width, 37 in",Skylight,"Discover the VELUX® Skylight, engineered for outstanding performance and lasting durability. With a focus on quality and efficiency, this Skylight is the perfect addition to any modern home.",,,,,,,,,,,,,,,,,,,,,,,,Skylight,,Skylight,Width,21 in,,length,37 in,,Color,Yellow,,,,,,,,,,,,,,,,,,,,,,,,,,,,,,,,,,,,,,,,,,,,,,,,,,,,,,,,,,,,,,,,,,,,,,,,,,,,,,,,,,,,,,,,,,,,,,,,,,,,,,,,,,,,,,,,,,,,,,,,,,,,,,,,,,,,,,,,,,,,,,,,,,30151700,,,,,37 in,,,,21 in,,,,,,,,,,70%,No
,,,,,,,Windows & Doors,Windows & Doors,Skylights,,FS C06 2004S,"FS C06 Velux Fxd Skylt Gry/Wh - w/Solar Shade RO 21""x45-7/8""",,,,Velux America Inc (VELAM),VELUX Group,VELUX®,VELUX®,FS C06 2004S,,Building Materials & Hardscape>Windows & Doors>Skylights,"VELUX®, Skylight, 21""x45, Yellow, FS C06 Fxd Skylt Gry/Wh - w/Solar Shade RO",SKYLIGHT 21INX45,VELUX FS C06 2004S Skylight,"VELUX, Skylight, 21 in Width, 45 in",Skylight,"Discover the VELUX® Skylight, engineered for outstanding performance and lasting durability. With a focus on quality and efficiency, this Skylight is the perfect addition to any modern home.",,,,,,,,,,,,,,,,,,,,,,,,Skylight,,Skylight,Width,21 in,,length,45 in,,Color,Yellow,,,,,,,,,,,,,,,,,,,,,,,,,,,,,,,,,,,,,,,,,,,,,,,,,,,,,,,,,,,,,,,,,,,,,,,,,,,,,,,,,,,,,,,,,,,,,,,,,,,,,,,,,,,,,,,,,,,,,,,,,,,,,,,,,,,,,,,,,,,,,,,,,,30151700,,,,,45 in,,,,21 in,,,,,,,,,,70%,No
,,,,,,,Windows & Doors,Windows & Doors,Windows,,1501831,31.5x14.75 Bsmt ecoLitePlus WH - Hopper DLA w/Screen,PROVIA,,,ProVia (PRODO),ProVia,ProVia®,ProVia®,1501831,,Building Materials & Hardscape>Windows & Doors>Windows>Basement,"ProVia, Basement Window, 1501831, 31.5x14.75, Nominal Size=5",BASEMENT WIN 31.5X14.75,PROVIA 1501831 Basement Window,"PROVIA, Basement Window, 63/2 in Width, 59/4 in",Basement Window,"Discover the ProVia® Basement Window, engineered for outstanding performance and lasting durability. With a focus on quality and efficiency, this Basement Window is the perfect addition to any modern home.",,,,,,,,,,,,,,,,,,,,,,,,Basement Window,,Basement Window,Nominal Size,5,,Width,63/2 in,,length,59/4 in,,Color,Yellow,,,,,,,,,,,,,,,,,,,,,,,,,,,,,,,,,,,,,,,,,,,,,,,,,,,,,,,,,,,,,,,,,,,,,,,,,,,,,,,,,,,,,,,,,,,,,,,,,,,,,,,,,,,,,,,,,,,,,,,,,,,,,,,,,,,,,,,,,,,,,,,30151501,,,,,59/4 in,,,,63/2 in,,,,,,,,,,70%,No
,,,,,,,Windows & Doors,Windows & Doors,Windows,,1501832,31.5x22.75 Bsmt ecoLitePlus WH - Hopper DLA w/Screen,PROVIA,,,ProVia (PRODO),ProVia,ProVia®,ProVia®,1501832,,Building Materials & Hardscape>Windows & Doors>Windows>Basement,"ProVia, Basement Window, 1501832, 31.5x22.75, Nominal Size=5",BASEMENT WIN 31.5X22.75,PROVIA 1501832 Basement Window,"PROVIA, Basement Window, 63/2 in Width, 91/4 in",Basement Window,"Discover the ProVia® Basement Window, engineered for outstanding performance and lasting durability. With a focus on quality and efficiency, this Basement Window is the perfect addition to any modern home.",,,,,,,,,,,,,,,,,,,,,,,,Basement Window,,Basement Window,Nominal Size,5,,Width,63/2 in,,length,91/4 in,,Color,Yellow,,,,,,,,,,,,,,,,,,,,,,,,,,,,,,,,,,,,,,,,,,,,,,,,,,,,,,,,,,,,,,,,,,,,,,,,,,,,,,,,,,,,,,,,,,,,,,,,,,,,,,,,,,,,,,,,,,,,,,,,,,,,,,,,,,,,,,,,,,,,,,,30151501,,,,,91/4 in,,,,63/2 in,,,,,,,,,,70%,No
,,,,,,,Windows & Doors,Windows & Doors,Windows,,1515974,3030 Slider 3900 United Black WH Int LowE-2 w/Half Scrn w/J,United Window & Door,,,,,,,1515974,,Building Materials & Hardscape>Windows & Doors>Windows>Sliding,"Sliding Window, 1515974, Color=Black, R-Value=3900, Insulation R-Value=3900",SLIDING WIND BLACK,1515974 Sliding Window,"Sliding Window, 2",Sliding Window,"Discover the  Sliding Window, engineered for outstanding performance and lasting durability. With a focus on quality and efficiency, this Sliding Window is the perfect addition to any modern home.",,,,,,,,,,,,,,,,,,,,,,,,Sliding Window,,Sliding Window,Color,Black,,R-Value,3900,,Insulation R-Value,3900,,Wattage,2,W,Wattage Rating,2,,,,,,,,,,,,,,,,,,,,,,,,,,,,,,,,,,,,,,,,,,,,,,,,,,,,,,,,,,,,,,,,,,,,,,,,,,,,,,,,,,,,,,,,,,,,,,,,,,,,,,,,,,,,,,,,,,,,,,,,,,,,,,,,,,,,,,,,,,,,30151503,,,,,,,,,,,,,,,,,,No Brand Found,65%,No
,,,,,,,Building Materials,Drywall & Insulation,Drywall,,640383,"1/2"" 54""x10 Drywall Easi-Lite",,,,Certainteed Gypsum (2765),Masco Corporation,Delta®,Delta®,640383,,Building Materials & Hardscape>Drywall & Insulation>Drywall,"Masco Corporation, Delta, Drywall, 640383, 54""x10, 1/2"" 54""x10 Drywall Easi-Lite",DRYWALL 54INX10,DELTA 640383 Drywall,"DELTA, Drywall, 54 in Width, 10 in",Drywall,"Discover the Delta® Drywall, engineered for outstanding performance and lasting durability. With a focus on quality and efficiency, this Drywall is the perfect addition to any modern home.",,,,,,,,,,,,,,,,,,,,,,,,Drywall,,Drywall,Width,54 in,,length,10 in,,Color,Yellow,,,,,,,,,,,,,,,,,,,,,,,,,,,,,,,,,,,,,,,,,,,,,,,,,,,,,,,,,,,,,,,,,,,,,,,,,,,,,,,,,,,,,,,,,,,,,,,,,,,,,,,,,,,,,,,,,,,,,,,,,,,,,,,,,,,,,,,,,,,,,,,,,,30131901,,,,,10 in,,,,54 in,,,,,,,,,,70%,No
,,,,,,,Building Materials,Drywall & Insulation,Drywall,,653258,"5/8"" 4x9 Drywall Firelite",,,,Certainteed Gypsum (2765),Certainteed Gypsum,Certainteed®,Certainteed®,653258,,Building Materials & Hardscape>Drywall & Insulation>Drywall,"Certainteed Gypsum, Certainteed, Drywall, 653258, 4x9, Nominal Size=4",DRYWALL 4IN 9 IN YELLOW,CERTAINTEED 653258 Drywall,"CERTAINTEED, Drywall, 4 in Width, 9 in",Drywall,"Discover the Certainteed® Drywall, engineered for outstanding performance and lasting durability. With a focus on quality and efficiency, this Drywall is the perfect addition to any modern home.",,,,,,,,,,,,,,,,,,,,,,,,Drywall,,Drywall,Nominal Size,4,,Width,4 in,,length,9 in,,Color,Yellow,,,,,,,,,,,,,,,,,,,,,,,,,,,,,,,,,,,,,,,,,,,,,,,,,,,,,,,,,,,,,,,,,,,,,,,,,,,,,,,,,,,,,,,,,,,,,,,,,,,,,,,,,,,,,,,,,,,,,,,,,,,,,,,,,,,,,,,,,,,,,,,30131901,,,,,9 in,,,,4 in,,,,,,,,,,70%,No
,,,,,,,Windows & Doors,Windows & Doors,Accessories,,413S-DBA-36,"413S 36"" Alum Threshold DBZ",HAGER,,,Hager Hinge Co (4189),Hager Hinge Co,HAGER,HAGER,413S-DBA-36,,Building Materials & Hardscape>Windows & Doors>Accessories>Thresholds,"Hager Hinge Co, HAGER, Threshold, 413S-DBA-36, 413S 36"" Alum Threshold DBZ",THRESHOLD ALUMINUM YELLOW,HAGER 413S-DBA-36 Threshold,"HAGER, Threshold",Threshold,"Discover the HAGER Threshold, engineered for outstanding performance and lasting durability. With a focus on quality and efficiency, this Threshold is the perfect addition to any modern home.",,,,,,,,,,,,,,,,,,,,,,,,Threshold,,Threshold,Material,Aluminum,,Color,Yellow,,,,,,,,,,,,,,,,,,,,,,,,,,,,,,,,,,,,,,,,,,,,,,,,,,,,,,,,,,,,,,,,,,,,,,,,,,,,,,,,,,,,,,,,,,,,,,,,,,,,,,,,,,,,,,,,,,,,,,,,,,,,,,,,,,,,,,,,,,,,,,,,,,,,,30151607,,,,,,,,,,,,,,,,,,,65%,No
,,,,,,,Windows & Doors,Windows & Doors,Accessories,,413S-DBA-72,"413S 72"" Alum Threshold DBZ",HAGER,,,Hager Hinge Co (4189),Hager Hinge Co,HAGER,HAGER,413S-DBA-72,,Building Materials & Hardscape>Windows & Doors>Accessories>Thresholds,"Hager Hinge Co, HAGER, Threshold, 413S-DBA-72, 413S 72"" Alum Threshold DBZ",THRESHOLD ALUMINUM YELLOW,HAGER 413S-DBA-72 Threshold,"HAGER, Threshold",Threshold,"Discover the HAGER Threshold, engineered for outstanding performance and lasting durability. With a focus on quality and efficiency, this Threshold is the perfect addition to any modern home.",,,,,,,,,,,,,,,,,,,,,,,,Threshold,,Threshold,Material,Aluminum,,Color,Yellow,,,,,,,,,,,,,,,,,,,,,,,,,,,,,,,,,,,,,,,,,,,,,,,,,,,,,,,,,,,,,,,,,,,,,,,,,,,,,,,,,,,,,,,,,,,,,,,,,,,,,,,,,,,,,,,,,,,,,,,,,,,,,,,,,,,,,,,,,,,,,,,,,,,,,30151607,,,,,,,,,,,,,,,,,,,65%,No
,,,,,,,Building Materials,Building Envelope,Rainscreen,,1511506,4'x65' Zip Rainscreen,,,,Huber Eng Wood LLC (3158),Cree Lighting,Cree®,Cree®,1511506,,Building Materials & Hardscape>Building Envelope>Rainscreen,"Cree Lighting, Cree, Rainscreen, 1511506, 4'x65, Length=4, 4'x65' Zip Rainscreen",RAINSCREEN 4FTX65,CREE 1511506 Rainscreen,"CREE, Rainscreen, 4 ft Width, 65 ft",Rainscreen,"Discover the Cree® Rainscreen, engineered for outstanding performance and lasting durability. With a focus on quality and efficiency, this Rainscreen is the perfect addition to any modern home.",,,,,,,,,,,,,,,,,,,,,,,,Rainscreen,,Rainscreen,Length,4,ft,Width,4 ft,,Color,Yellow,,,,,,,,,,,,,,,,,,,,,,,,,,,,,,,,,,,,,,,,,,,,,,,,,,,,,,,,,,,,,,,,,,,,,,,,,,,,,,,,,,,,,,,,,,,,,,,,,,,,,,,,,,,,,,,,,,,,,,,,,,,,,,,,,,,,,,,,,,,,,,,,,,30152000,,,,,65 ft,,,,4 ft,,,,,,,,,,80%,No
,,,,,,,Building Materials,Lumber & Sheathing,Lumber,,1513577,1x8-12' Doug Fir STK Smooth 1S2E,COMMODITY - UNBRANDED,,,Westwood Lumber Sales (WESLU),Westwood Lumber Sales,COMMODITY - UNBRANDED,COMMODITY - UNBRANDED,1513577,,Building Materials & Hardscape>Lumber & Sheathing>Lumber,"Westwood Lumber Sales, COMMODITY - UNBRANDED, Lumber, 1513577, 1x8",LUMBER 1IN 8 IN YELLOW,COMMODITY - UNBRANDED 1513577 Lumber,"COMMODITY - UNBRANDED, Lumber, 1 in Width, 8 in",Lumber,"Discover the COMMODITY - UNBRANDED Lumber, engineered for outstanding performance and lasting durability. With a focus on quality and efficiency, this Lumber is the perfect addition to any modern home.",,,,,,,,,,,,,,,,,,,,,,,,Lumber,,Lumber,Profile,Smooth,,Nominal Size,1,,Width,1 in,,length,8 in,,Color,Yellow,,,,,,,,,,,,,,,,,,,,,,,,,,,,,,,,,,,,,,,,,,,,,,,,,,,,,,,,,,,,,,,,,,,,,,,,,,,,,,,,,,,,,,,,,,,,,,,,,,,,,,,,,,,,,,,,,,,,,,,,,,,,,,,,,,,,,,,,,,,,30111500,,,,,8 in,,,,1 in,,,,,,,,,,75%,No
,,,,,,,Building Materials,Lumber & Sheathing,Lumber,,1513578,1x8-16' Doug Fir STK Smooth 1S2E,COMMODITY - UNBRANDED,,,Westwood Lumber Sales (WESLU),Westwood Lumber Sales,COMMODITY - UNBRANDED,COMMODITY - UNBRANDED,1513578,,Building Materials & Hardscape>Lumber & Sheathing>Lumber,"Westwood Lumber Sales, COMMODITY - UNBRANDED, Lumber, 1513578, 1x8",LUMBER 1IN 8 IN YELLOW,COMMODITY - UNBRANDED 1513578 Lumber,"COMMODITY - UNBRANDED, Lumber, 1 in Width, 8 in",Lumber,"Discover the COMMODITY - UNBRANDED Lumber, engineered for outstanding performance and lasting durability. With a focus on quality and efficiency, this Lumber is the perfect addition to any modern home.",,,,,,,,,,,,,,,,,,,,,,,,Lumber,,Lumber,Profile,Smooth,,Nominal Size,1,,Width,1 in,,length,8 in,,Color,Yellow,,,,,,,,,,,,,,,,,,,,,,,,,,,,,,,,,,,,,,,,,,,,,,,,,,,,,,,,,,,,,,,,,,,,,,,,,,,,,,,,,,,,,,,,,,,,,,,,,,,,,,,,,,,,,,,,,,,,,,,,,,,,,,,,,,,,,,,,,,,,30111500,,,,,8 in,,,,1 in,,,,,,,,,,75%,No
,,,,,,,Building Materials,Lumber & Sheathing,Lumber,,1513579,1x12-12 'Doug Fir STK Smooth 1S2E,COMMODITY - UNBRANDED,,,Westwood Lumber Sales (WESLU),Westwood Lumber Sales,COMMODITY - UNBRANDED,COMMODITY - UNBRANDED,1513579,,Building Materials & Hardscape>Lumber & Sheathing>Lumber,"Westwood Lumber Sales, COMMODITY - UNBRANDED, Lumber, 1513579, 1x12",LUMBER 1IN 12 IN YELLOW,COMMODITY - UNBRANDED 1513579 Lumber,"COMMODITY - UNBRANDED, Lumber, 1 in Width, 12 in",Lumber,"Discover the COMMODITY - UNBRANDED Lumber, engineered for outstanding performance and lasting durability. With a focus on quality and efficiency, this Lumber is the perfect addition to any modern home.",,,,,,,,,,,,,,,,,,,,,,,,Lumber,,Lumber,Length,12,ft,Profile,Smooth,,Nominal Size,1,,Width,1 in,,Color,Yellow,,,,,,,,,,,,,,,,,,,,,,,,,,,,,,,,,,,,,,,,,,,,,,,,,,,,,,,,,,,,,,,,,,,,,,,,,,,,,,,,,,,,,,,,,,,,,,,,,,,,,,,,,,,,,,,,,,,,,,,,,,,,,,,,,,,,,,,,,,,,30111500,,,,,12 in,,,,1 in,,,,,,,,,,75%,No
,,,,,,,Building Materials,Lumber & Sheathing,Lumber,,1513580,1x12-16' Doug Fir STK Smooth 1S2E,COMMODITY - UNBRANDED,,,Westwood Lumber Sales (WESLU),Westwood Lumber Sales,COMMODITY - UNBRANDED,COMMODITY - UNBRANDED,1513580,,Building Materials & Hardscape>Lumber & Sheathing>Lumber,"Westwood Lumber Sales, COMMODITY - UNBRANDED, Lumber, 1513580, 1x12",LUMBER 1IN 12 IN YELLOW,COMMODITY - UNBRANDED 1513580 Lumber,"COMMODITY - UNBRANDED, Lumber, 1 in Width, 12 in",Lumber,"Discover the COMMODITY - UNBRANDED Lumber, engineered for outstanding performance and lasting durability. With a focus on quality and efficiency, this Lumber is the perfect addition to any modern home.",,,,,,,,,,,,,,,,,,,,,,,,Lumber,,Lumber,Profile,Smooth,,Nominal Size,1,,Width,1 in,,length,12 in,,Color,Yellow,,,,,,,,,,,,,,,,,,,,,,,,,,,,,,,,,,,,,,,,,,,,,,,,,,,,,,,,,,,,,,,,,,,,,,,,,,,,,,,,,,,,,,,,,,,,,,,,,,,,,,,,,,,,,,,,,,,,,,,,,,,,,,,,,,,,,,,,,,,,30111500,,,,,12 in,,,,1 in,,,,,,,,,,75%,No
,,,,,,,Building Materials,Lumber & Sheathing,Subfloor,,1501767,"3/4"" 4x8T&G Huber Blue PlusOSB - Sub Floor",,,,,,,,1501767,,Building Materials & Hardscape>Lumber & Sheathing>Subfloor,"Subfloor, 4x8, Blue, 3/4"" 4x8T&G Huber PlusOSB -, 1501767",SUBFLOOR 4X8 BLUE,1501767 Subfloor,"Subfloor, 4 in Width, 8 in",Subfloor,"Discover the  Subfloor, engineered for outstanding performance and lasting durability. With a focus on quality and efficiency, this Subfloor is the perfect addition to any modern home.",,,,,,,,,,,,,,,,,,,,,,,,Subfloor,,Subfloor,Profile,T&G,,Color,Blue,,Width,4 in,,length,8 in,,,,,,,,,,,,,,,,,,,,,,,,,,,,,,,,,,,,,,,,,,,,,,,,,,,,,,,,,,,,,,,,,,,,,,,,,,,,,,,,,,,,,,,,,,,,,,,,,,,,,,,,,,,,,,,,,,,,,,,,,,,,,,,,,,,,,,,,,,,,,,,30111900,,,,,8 in,,,,4 in,,,,,,,,,No Brand Found + Low Confidence,53%,No
,,,,,,,Building Materials,Roofing,Metal Panels,,PP-8BL,8' Premier Rib XL Black,,,,Premier Metals (PREME),Rheem Manufacturing,Rheem®,Rheem®,PP-8BL,,Building Materials & Hardscape>Roofing>Metal Panels,"Rheem Manufacturing, Rheem, Metal Roof Panel, PP-8BL, Color=Black",METAL ROOF P BLACK,RHEEM PP-8BL Metal Roof Panel,"RHEEM, Metal Roof Panel",Metal Roof Panel,"Discover the Rheem® Metal Roof Panel, engineered for outstanding performance and lasting durability. With a focus on quality and efficiency, this Metal Roof Panel is the perfect addition to any modern home.",,,,,,,,,,,,,,,,,,,,,,,,Metal Roof Panel,,Metal Roof Panel,Color,Black,,,,,,,,,,,,,,,,,,,,,,,,,,,,,,,,,,,,,,,,,,,,,,,,,,,,,,,,,,,,,,,,,,,,,,,,,,,,,,,,,,,,,,,,,,,,,,,,,,,,,,,,,,,,,,,,,,,,,,,,,,,,,,,,,,,,,,,,,,,,,,,,,,,,,,,,30151800,,,,,,,,,,,,,,,,,,,75%,No
,,,,,,,Building Materials,Roofing,Metal Panels,,PP-10BL,10' Premier Rib XL Black,,,,Premier Metals (PREME),Rheem Manufacturing,Rheem®,Rheem®,PP-10BL,,Building Materials & Hardscape>Roofing>Metal Panels,"Rheem Manufacturing, Rheem, Metal Roof Panel, PP-10BL, Color=Black",METAL ROOF P BLACK,RHEEM PP-10BL Metal Roof Panel,"RHEEM, Metal Roof Panel",Metal Roof Panel,"Discover the Rheem® Metal Roof Panel, engineered for outstanding performance and lasting durability. With a focus on quality and efficiency, this Metal Roof Panel is the perfect addition to any modern home.",,,,,,,,,,,,,,,,,,,,,,,,Metal Roof Panel,,Metal Roof Panel,Color,Black,,,,,,,,,,,,,,,,,,,,,,,,,,,,,,,,,,,,,,,,,,,,,,,,,,,,,,,,,,,,,,,,,,,,,,,,,,,,,,,,,,,,,,,,,,,,,,,,,,,,,,,,,,,,,,,,,,,,,,,,,,,,,,,,,,,,,,,,,,,,,,,,,,,,,,,,30151800,,,,,,,,,,,,,,,,,,,75%,No
,,,,,,,Building Materials,Roofing,Metal Panels,,PP-12BL,12' Premier Rib XL Black,,,,Premier Metals (PREME),Rheem Manufacturing,Rheem®,Rheem®,PP-12BL,,Building Materials & Hardscape>Roofing>Metal Panels,"Rheem Manufacturing, Rheem, Metal Roof Panel, PP-12BL, Color=Black",METAL ROOF P BLACK,RHEEM PP-12BL Metal Roof Panel,"RHEEM, Metal Roof Panel",Metal Roof Panel,"Discover the Rheem® Metal Roof Panel, engineered for outstanding performance and lasting durability. With a focus on quality and efficiency, this Metal Roof Panel is the perfect addition to any modern home.",,,,,,,,,,,,,,,,,,,,,,,,Metal Roof Panel,,Metal Roof Panel,Color,Black,,,,,,,,,,,,,,,,,,,,,,,,,,,,,,,,,,,,,,,,,,,,,,,,,,,,,,,,,,,,,,,,,,,,,,,,,,,,,,,,,,,,,,,,,,,,,,,,,,,,,,,,,,,,,,,,,,,,,,,,,,,,,,,,,,,,,,,,,,,,,,,,,,,,,,,,30151800,,,,,,,,,,,,,,,,,,,75%,No
,,,,,,,Building Materials,Roofing,Metal Panels,,PP-8CH,8' Premier Rib XL Charcoal,,,,Premier Metals (PREME),Rheem Manufacturing,Rheem®,Rheem®,PP-8CH,,Building Materials & Hardscape>Roofing>Metal Panels,"Rheem Manufacturing, Rheem, Metal Roof Panel, PP-8CH, 8' Premier Rib XL Charcoal",METAL ROOF P,RHEEM PP-8CH Metal Roof Panel,"RHEEM, Metal Roof Panel",Metal Roof Panel,"Discover the Rheem® Metal Roof Panel, engineered for outstanding performance and lasting durability. With a focus on quality and efficiency, this Metal Roof Panel is the perfect addition to any modern home.",,,,,,,,,,,,,,,,,,,,,,,,Metal Roof Panel,,Metal Roof Panel,Color,Yellow,,,,,,,,,,,,,,,,,,,,,,,,,,,,,,,,,,,,,,,,,,,,,,,,,,,,,,,,,,,,,,,,,,,,,,,,,,,,,,,,,,,,,,,,,,,,,,,,,,,,,,,,,,,,,,,,,,,,,,,,,,,,,,,,,,,,,,,,,,,,,,,,,,,,,,,,30151800,,,,,,,,,,,,,,,,,,,75%,No
,,,,,,,Building Materials,Roofing,Metal Panels,,PP-10CH,10' Premier Rib XL Charcoal,,,,Premier Metals (PREME),Rheem Manufacturing,Rheem®,Rheem®,PP-10CH,,Building Materials & Hardscape>Roofing>Metal Panels,"Rheem®, Metal Roof Panel, Yellow, 10' Premier Rib XL Charcoal",METAL ROOF P,RHEEM PP-10CH Metal Roof Panel,"RHEEM, Metal Roof Panel",Metal Roof Panel,"Discover the Rheem® Metal Roof Panel, engineered for outstanding performance and lasting durability. With a focus on quality and efficiency, this Metal Roof Panel is the perfect addition to any modern home.",,,,,,,,,,,,,,,,,,,,,,,,Metal Roof Panel,,Metal Roof Panel,Color,Yellow,,,,,,,,,,,,,,,,,,,,,,,,,,,,,,,,,,,,,,,,,,,,,,,,,,,,,,,,,,,,,,,,,,,,,,,,,,,,,,,,,,,,,,,,,,,,,,,,,,,,,,,,,,,,,,,,,,,,,,,,,,,,,,,,,,,,,,,,,,,,,,,,,,,,,,,,30151800,,,,,,,,,,,,,,,,,,,75%,No
,,,,,,,Building Materials,Roofing,Metal Panels,,PP-12CH,12' Premier Rib XL Charcoal,,,,Premier Metals (PREME),Rheem Manufacturing,Rheem®,Rheem®,PP-12CH,,Building Materials & Hardscape>Roofing>Metal Panels,"Rheem®, Metal Roof Panel, Yellow, 12' Premier Rib XL Charcoal",METAL ROOF P,RHEEM PP-12CH Metal Roof Panel,"RHEEM, Metal Roof Panel",Metal Roof Panel,"Discover the Rheem® Metal Roof Panel, engineered for outstanding performance and lasting durability. With a focus on quality and efficiency, this Metal Roof Panel is the perfect addition to any modern home.",,,,,,,,,,,,,,,,,,,,,,,,Metal Roof Panel,,Metal Roof Panel,Color,Yellow,,,,,,,,,,,,,,,,,,,,,,,,,,,,,,,,,,,,,,,,,,,,,,,,,,,,,,,,,,,,,,,,,,,,,,,,,,,,,,,,,,,,,,,,,,,,,,,,,,,,,,,,,,,,,,,,,,,,,,,,,,,,,,,,,,,,,,,,,,,,,,,,,,,,,,,,30151800,,,,,,,,,,,,,,,,,,,75%,No
,,,,,,,Building Materials,Roofing,Metal Panels,,PP-8WH,8' Premier Rib XL White,,,,Premier Metals (PREME),Rheem Manufacturing,Rheem®,Rheem®,PP-8WH,,Building Materials & Hardscape>Roofing>Metal Panels,"Rheem Manufacturing, Rheem, Metal Roof Panel, PP-8WH, Color=White",METAL ROOF P WHITE,RHEEM PP-8WH Metal Roof Panel,"RHEEM, Metal Roof Panel",Metal Roof Panel,"Discover the Rheem® Metal Roof Panel, engineered for outstanding performance and lasting durability. With a focus on quality and efficiency, this Metal Roof Panel is the perfect addition to any modern home.",,,,,,,,,,,,,,,,,,,,,,,,Metal Roof Panel,,Metal Roof Panel,Color,White,,,,,,,,,,,,,,,,,,,,,,,,,,,,,,,,,,,,,,,,,,,,,,,,,,,,,,,,,,,,,,,,,,,,,,,,,,,,,,,,,,,,,,,,,,,,,,,,,,,,,,,,,,,,,,,,,,,,,,,,,,,,,,,,,,,,,,,,,,,,,,,,,,,,,,,,30151800,,,,,,,,,,,,,,,,,,,75%,No
,,,,,,,Building Materials,Roofing,Metal Panels,,PP-10WH,10' Premier Rib XL White,,,,Premier Metals (PREME),Rheem Manufacturing,Rheem®,Rheem®,PP-10WH,,Building Materials & Hardscape>Roofing>Metal Panels,"Rheem Manufacturing, Rheem, Metal Roof Panel, PP-10WH, Color=White",METAL ROOF P WHITE,RHEEM PP-10WH Metal Roof Panel,"RHEEM, Metal Roof Panel",Metal Roof Panel,"Discover the Rheem® Metal Roof Panel, engineered for outstanding performance and lasting durability. With a focus on quality and efficiency, this Metal Roof Panel is the perfect addition to any modern home.",,,,,,,,,,,,,,,,,,,,,,,,Metal Roof Panel,,Metal Roof Panel,Color,White,,,,,,,,,,,,,,,,,,,,,,,,,,,,,,,,,,,,,,,,,,,,,,,,,,,,,,,,,,,,,,,,,,,,,,,,,,,,,,,,,,,,,,,,,,,,,,,,,,,,,,,,,,,,,,,,,,,,,,,,,,,,,,,,,,,,,,,,,,,,,,,,,,,,,,,,30151800,,,,,,,,,,,,,,,,,,,75%,No
,,,,,,,Building Materials & Hardscape,Drywall & Insulation,Drywall,,1504345,OC Duration TruDef Wburg Gray (BDL),,,,Palmer Donavin Mfg Company (PALDO),Masco Corporation,Delta®,Delta®,1504345,,Building Materials & Hardscape>Drywall & Insulation>Drywall,"Delta®, Gray, OC Duration TruDef Wburg (BDL), 1504345",OC DURATION TRUDEF WBURG GRAY  BDL,DELTA 1504345,DELTA,,"Discover the Delta® product, engineered for outstanding performance and lasting durability. With a focus on quality and efficiency, this product is the perfect addition to any modern home.",,,,,,,,,,,,,,,,,,,,,,,,,,,Color,Gray,,,,,,,,,,,,,,,,,,,,,,,,,,,,,,,,,,,,,,,,,,,,,,,,,,,,,,,,,,,,,,,,,,,,,,,,,,,,,,,,,,,,,,,,,,,,,,,,,,,,,,,,,,,,,,,,,,,,,,,,,,,,,,,,,,,,,,,,,,,,,,,,,,,,,,,,30131901,,,,,,,,,,,,,,,,,,Low Confidence,58%,No
,,,,,,,Building Materials,Roofing,Ice & Water,,2733,3'x65' Henry Eaveguard - Ice Guard,,,,Palmer Donavin Mfg Company (PALDO),Palmer Donavin Mfg Company,Palmer Donavin®,Palmer Donavin®,2733,,Building Materials & Hardscape>Roofing>Ice & Water,"Palmer Donavin Mfg Company, Palmer Donavin, Ice Guard, 2733, 3'x65",ICE GUARD 3FTX65,PALMER DONAVIN 2733 Ice Guard,"PALMER DONAVIN, Ice Guard, 3 ft Width, 65 ft",Ice Guard,"Discover the Palmer Donavin® Ice Guard, engineered for outstanding performance and lasting durability. With a focus on quality and efficiency, this Ice Guard is the perfect addition to any modern home.",,,,,,,,,,,,,,,,,,,,,,,,Ice Guard,,Ice Guard,Length,3,ft,Width,3 ft,,Color,Yellow,,,,,,,,,,,,,,,,,,,,,,,,,,,,,,,,,,,,,,,,,,,,,,,,,,,,,,,,,,,,,,,,,,,,,,,,,,,,,,,,,,,,,,,,,,,,,,,,,,,,,,,,,,,,,,,,,,,,,,,,,,,,,,,,,,,,,,,,,,,,,,,,,,30152100,,,,,65 ft,,,,3 ft,,,,,,,,,,70%,No
,,,,,,,Building Materials,Roofing,Ice & Water,,7547,Ice Guard OC Weathr Lk Mat 2sq,,,,,,,,7547,,Building Materials & Hardscape>Roofing>Ice & Water,"Ice Guard, 7547, Ice Guard OC Weathr Lk Mat 2sq, Yellow",ICE GUARD,7547 Ice Guard,Ice Guard,Ice Guard,"Discover the  Ice Guard, engineered for outstanding performance and lasting durability. With a focus on quality and efficiency, this Ice Guard is the perfect addition to any modern home.",,,,,,,,,,,,,,,,,,,,,,,,Ice Guard,,Ice Guard,Color,Yellow,,,,,,,,,,,,,,,,,,,,,,,,,,,,,,,,,,,,,,,,,,,,,,,,,,,,,,,,,,,,,,,,,,,,,,,,,,,,,,,,,,,,,,,,,,,,,,,,,,,,,,,,,,,,,,,,,,,,,,,,,,,,,,,,,,,,,,,,,,,,,,,,,,,,,,,,30152100,,,,,,,,,,,,,,,,,,No Brand Found + Low Confidence,48%,Yes
,,,,,,,Building Materials & Hardscape,,,,8912220,"7-1/4""x12' Hardie Sdg Smooth - Primed HardiePlank",JAMESHARDIE,,,Boise Cascade Building Materials (BOICA),Boise Cascade Building Materials,James Hardie®,James Hardie®,8912220,,Building Materials & Hardscape,"Boise Cascade Building Materials, JAMESHARDIE, 8912220, 1/4""x12",1/4IN 12 IN YELLOW,JAMESHARDIE 8912220,"JAMESHARDIE, 1/4 in Width, 12 in",,"Discover the James Hardie® product, engineered for outstanding performance and lasting durability. With a focus on quality and efficiency, this product is the perfect addition to any modern home.",,,,,,,,,,,,,,,,,,,,,,,,,,,Profile,Smooth,,Width,1/4 in,,length,12 in,,Color,Yellow,,,,,,,,,,,,,,,,,,,,,,,,,,,,,,,,,,,,,,,,,,,,,,,,,,,,,,,,,,,,,,,,,,,,,,,,,,,,,,,,,,,,,,,,,,,,,,,,,,,,,,,,,,,,,,,,,,,,,,,,,,,,,,,,,,,,,,,,,,,,,,,30000000,,,,,12 in,,,,1/4 in,,,,,,,,,Low Confidence,50%,No
,,,,,,,Building Materials & Hardscape,,,,8904015,4'x10' HardiePanel Smooth - Primed,JAMESHARDIE,,,Boise Cascade Building Materials (BOICA),Boise Cascade Building Materials,James Hardie®,James Hardie®,8904015,,Building Materials & Hardscape,"Boise Cascade Building Materials, JAMESHARDIE, 8904015, 4'x10",4FTIN 10 FT YELLOW,JAMESHARDIE 8904015,"JAMESHARDIE, 4 ft Width, 10 ft",,"Discover the James Hardie® product, engineered for outstanding performance and lasting durability. With a focus on quality and efficiency, this product is the perfect addition to any modern home.",,,,,,,,,,,,,,,,,,,,,,,,,,,Length,4,ft,Profile,Smooth,,Width,4 ft,,Color,Yellow,,,,,,,,,,,,,,,,,,,,,,,,,,,,,,,,,,,,,,,,,,,,,,,,,,,,,,,,,,,,,,,,,,,,,,,,,,,,,,,,,,,,,,,,,,,,,,,,,,,,,,,,,,,,,,,,,,,,,,,,,,,,,,,,,,,,,,,,,,,,,,,30000000,,,,,10 ft,,,,4 ft,,,,,,,,,Low Confidence,50%,No
,,,,,,,Building Materials & Hardscape,,,,25796,"6""x16' Smart Lap Sdg Cedar",LP SMARTSIDE,,,U S Lumber (3073),U S Lumber,LP SmartSide®,LP SmartSide®,25796,,Building Materials & Hardscape,"U S Lumber, LP SMARTSIDE, 25796, 6""x16, Color=Cedar, Material=Cedar",6INX16 CEDAR CEDAR,LP SMARTSIDE 25796 With Smart,"LP SMARTSIDE, With Smart, 6 in Width, 16 in",Smart,"Upgrade your home with the LP SmartSide® product, designed to deliver exceptional performance and reliability. Featuring Smart, this product combines innovative technology with sleek design to meet your everyday needs.",Smart,,,,,,,,,,,,,,,,,,,,With Smart,,,,,,Color,Cedar,,Material,Cedar,,Width,6 in,,length,16 in,,Feature,Smart,,,,,,,,,,,,,,,,,,,,,,,,,,,,,,,,,,,,,,,,,,,,,,,,,,,,,,,,,,,,,,,,,,,,,,,,,,,,,,,,,,,,,,,,,,,,,,,,,,,,,,,,,,,,,,,,,,,,,,,,,,,,,,,,,,,,,,,,,,,,30000000,,,,,16 in,,,,6 in,,,,,,,,,Low Confidence,55%,No
,,,,,,,Decking,Decking,Deck Boards,,40503,"3/8"" 16""x16' Smart Pan Cedar - No-Groove Sq Edge B&B",LP SMARTSIDE,,,U S Lumber (3073),U S Lumber,LP SmartSide®,LP SmartSide®,40503,,Building Materials & Hardscape>Decking>Deck Boards,"U S Lumber, LP SMARTSIDE, Deck Board, 40503, 16""x16, Color=Cedar, Material=Cedar",DECK BOARD 16INX16 CEDAR CEDAR,LP SMARTSIDE 40503 Deck Board With Smart,"LP SMARTSIDE, Deck Board, With Smart, 16 in Width, 16 in","Deck Board, Smart","Upgrade your home with the LP SmartSide® Deck Board, designed to deliver exceptional performance and reliability. Featuring Smart, this Deck Board combines innovative technology with sleek design to meet your everyday needs.",Smart,,,,,,,,,,,,,,,,,,,,With Smart,,,Deck Board,,Deck Board,Color,Cedar,,Material,Cedar,,Head Type,Pan,,Width,16 in,,length,16 in,,Feature,Smart,,,,,,,,,,,,,,,,,,,,,,,,,,,,,,,,,,,,,,,,,,,,,,,,,,,,,,,,,,,,,,,,,,,,,,,,,,,,,,,,,,,,,,,,,,,,,,,,,,,,,,,,,,,,,,,,,,,,,,,,,,,,,,,,,,,,,,,,,30161700,,,,,16 in,,,,16 in,,,,,,,,,,75%,No
,,,,,,,Building Materials & Hardscape,,,,25825,"3/8"" 4x10 Smart Pan Cedar - No-Groove w/Shiplap Edges",LP SMARTSIDE,,,U S Lumber (3073),U S Lumber,LP SmartSide®,LP SmartSide®,25825,,Building Materials & Hardscape,"U S Lumber, LP SMARTSIDE, 25825, 4x10, Color=Cedar, Material=Cedar",4X10 CEDAR CEDAR,LP SMARTSIDE 25825 With Smart,"LP SMARTSIDE, With Smart, 4 in Width, 10 in",Smart,"Upgrade your home with the LP SmartSide® product, designed to deliver exceptional performance and reliability. Featuring Smart, this product combines innovative technology with sleek design to meet your everyday needs.",Smart,,,,,,,,,,,,,,,,,,,,With Smart,,,,,,Color,Cedar,,Material,Cedar,,Profile,Shiplap,,Nominal Size,4,,Head Type,Pan,,Width,4 in,,length,10 in,,Feature,Smart,,,,,,,,,,,,,,,,,,,,,,,,,,,,,,,,,,,,,,,,,,,,,,,,,,,,,,,,,,,,,,,,,,,,,,,,,,,,,,,,,,,,,,,,,,,,,,,,,,,,,,,,,,,,,,,,,,,,,,,,,,,,,,,,,,,30000000,,,,,10 in,,,,4 in,,,,,,,,,Low Confidence,55%,No
,,,,,,,Building Materials & Hardscape,,,,25822,"3/8"" 12""x16' Smart Vented Soff - Cedar Soffit",LP SMARTSIDE,,,U S Lumber (3073),U S Lumber,LP SmartSide®,LP SmartSide®,25822,,Building Materials & Hardscape,"U S Lumber, LP SMARTSIDE, 25822, 12""x16, Color=Cedar, Material=Cedar",12INX16 CEDAR CEDAR,LP SMARTSIDE 25822 With Smart,"LP SMARTSIDE, With Smart, 12 in Width, 16 in",Smart,"Upgrade your home with the LP SmartSide® product, designed to deliver exceptional performance and reliability. Featuring Smart, this product combines innovative technology with sleek design to meet your everyday needs.",Smart,,,,,,,,,,,,,,,,,,,,With Smart,,,,,,Color,Cedar,,Material,Cedar,,Width,12 in,,length,16 in,,Feature,Smart,,,,,,,,,,,,,,,,,,,,,,,,,,,,,,,,,,,,,,,,,,,,,,,,,,,,,,,,,,,,,,,,,,,,,,,,,,,,,,,,,,,,,,,,,,,,,,,,,,,,,,,,,,,,,,,,,,,,,,,,,,,,,,,,,,,,,,,,,,,,30000000,,,,,16 in,,,,12 in,,,,,,,,,Low Confidence,55%,No
,,,,,,,Decking,Decking,Deck Boards,,543650101,Black Alum ADA Wall Mount Trex,TREX,,,Boise Cascade Building Materials (BOICA),Boise Cascade Building Materials,Trex®,Trex®,543650101,,Building Materials & Hardscape>Decking>Deck Boards,"Boise Cascade Building Materials, Trex, Deck Board, 543650101",DECK BOARD BLACK,TREX 543650101 Deck Board,"TREX, Deck Board",Deck Board,"Discover the Trex® Deck Board, engineered for outstanding performance and lasting durability. With a focus on quality and efficiency, this Deck Board is the perfect addition to any modern home.",,,,,,,,,,,,,,,,,,,,,,,,Deck Board,,Deck Board,Color,Black,,Material,Aluminum,,,,,,,,,,,,,,,,,,,,,,,,,,,,,,,,,,,,,,,,,,,,,,,,,,,,,,,,,,,,,,,,,,,,,,,,,,,,,,,,,,,,,,,,,,,,,,,,,,,,,,,,,,,,,,,,,,,,,,,,,,,,,,,,,,,,,,,,,,,,,,,,,,,,,30161700,,,,,,,,,,,,,,,,,,,75%,No
,,,,,,,Decking,Decking,Deck Boards,,543650010,Black Alum ADA Int End Cap - Trex,TREX,,,Boise Cascade Building Materials (BOICA),Boise Cascade Building Materials,Trex®,Trex®,543650010,,Building Materials & Hardscape>Decking>Deck Boards,"Boise Cascade Building Materials, Trex, Deck Board, 543650010",DECK BOARD BLACK,TREX 543650010 Deck Board,"TREX, Deck Board",Deck Board,"Discover the Trex® Deck Board, engineered for outstanding performance and lasting durability. With a focus on quality and efficiency, this Deck Board is the perfect addition to any modern home.",,,,,,,,,,,,,,,,,,,,,,,,Deck Board,,Deck Board,Color,Black,,Material,Aluminum,,,,,,,,,,,,,,,,,,,,,,,,,,,,,,,,,,,,,,,,,,,,,,,,,,,,,,,,,,,,,,,,,,,,,,,,,,,,,,,,,,,,,,,,,,,,,,,,,,,,,,,,,,,,,,,,,,,,,,,,,,,,,,,,,,,,,,,,,,,,,,,,,,,,,30161700,,,,,,,,,,,,,,,,,,,75%,No
,,,,,,,Decking,Decking,Deck Boards,,543650048,8' Black Alum ADA Rail Trex,TREX,,,Boise Cascade Building Materials (BOICA),Boise Cascade Building Materials,Trex®,Trex®,543650048,,Building Materials & Hardscape>Decking>Deck Boards,"Boise Cascade Building Materials, Trex, Deck Board, 543650048",DECK BOARD BLACK,TREX 543650048 Deck Board,"TREX, Deck Board",Deck Board,"Discover the Trex® Deck Board, engineered for outstanding performance and lasting durability. With a focus on quality and efficiency, this Deck Board is the perfect addition to any modern home.",,,,,,,,,,,,,,,,,,,,,,,,Deck Board,,Deck Board,Color,Black,,Material,Aluminum,,,,,,,,,,,,,,,,,,,,,,,,,,,,,,,,,,,,,,,,,,,,,,,,,,,,,,,,,,,,,,,,,,,,,,,,,,,,,,,,,,,,,,,,,,,,,,,,,,,,,,,,,,,,,,,,,,,,,,,,,,,,,,,,,,,,,,,,,,,,,,,,,,,,,30161700,,,,,,,,,,,,,,,,,,,75%,No
,,,,,,,Building Materials,Lumber & Sheathing,Sheathing,,1506969,"1-1/2"" 4x8 Huber Zip R6.6 - Insulated R-Sheathing",,,,,,,,1506969,,Building Materials & Hardscape>Lumber & Sheathing>Sheathing,"Insulated Sheathing, 1506969, 4x8, Nominal Size=4, R-Value=6.6",INSULATED SHEATHING 4IN 8 IN YELLOW,1506969 Insulated Sheathing,"Insulated Sheathing, 4 in Width, 8 in",Insulated Sheathing,"Discover the  Insulated Sheathing, engineered for outstanding performance and lasting durability. With a focus on quality and efficiency, this Insulated Sheathing is the perfect addition to any modern home.",,,,,,,,,,,,,,,,,,,,,,,,Insulated Sheathing,,Insulated Sheathing,Nominal Size,4,,R-Value,6.6,,Insulation R-Value,6.6,,Width,4 in,,length,8 in,,Color,Yellow,,,,,,,,,,,,,,,,,,,,,,,,,,,,,,,,,,,,,,,,,,,,,,,,,,,,,,,,,,,,,,,,,,,,,,,,,,,,,,,,,,,,,,,,,,,,,,,,,,,,,,,,,,,,,,,,,,,,,,,,,,,,,,,,,,,,,,,,,30111800,,,,,8 in,,,,4 in,,,,,,,,,No Brand Found,65%,No
,,,,,,,Building Materials,Lumber & Sheathing,Sheathing,,1514681,"1"" 4x8 Huber Zip R3.6 - Insulated R-Sheathing",,,,,,,,1514681,,Building Materials & Hardscape>Lumber & Sheathing>Sheathing,"Insulated Sheathing, 1514681, 4x8, Nominal Size=4, R-Value=3.6",INSULATED SHEATHING 4IN 8 IN YELLOW,1514681 Insulated Sheathing,"Insulated Sheathing, 4 in Width, 8 in",Insulated Sheathing,"Discover the  Insulated Sheathing, engineered for outstanding performance and lasting durability. With a focus on quality and efficiency, this Insulated Sheathing is the perfect addition to any modern home.",,,,,,,,,,,,,,,,,,,,,,,,Insulated Sheathing,,Insulated Sheathing,Nominal Size,4,,R-Value,3.6,,Insulation R-Value,3.6,,Width,4 in,,length,8 in,,Color,Yellow,,,,,,,,,,,,,,,,,,,,,,,,,,,,,,,,,,,,,,,,,,,,,,,,,,,,,,,,,,,,,,,,,,,,,,,,,,,,,,,,,,,,,,,,,,,,,,,,,,,,,,,,,,,,,,,,,,,,,,,,,,,,,,,,,,,,,,,,,30111800,,,,,8 in,,,,4 in,,,,,,,,,No Brand Found,65%,No
,,,,,,,Building Materials,Lumber & Sheathing,Sheathing,,1514726,"2"" 4x8 Huber Zip R9.6 - Insulated R-Sheathing",,,,,,,,1514726,,Building Materials & Hardscape>Lumber & Sheathing>Sheathing,"Insulated Sheathing, 1514726, 4x8, Nominal Size=4, R-Value=9.6",INSULATED SHEATHING 4IN 8 IN YELLOW,1514726 Insulated Sheathing,"Insulated Sheathing, 4 in Width, 8 in",Insulated Sheathing,"Discover the  Insulated Sheathing, engineered for outstanding performance and lasting durability. With a focus on quality and efficiency, this Insulated Sheathing is the perfect addition to any modern home.",,,,,,,,,,,,,,,,,,,,,,,,Insulated Sheathing,,Insulated Sheathing,Nominal Size,4,,R-Value,9.6,,Insulation R-Value,9.6,,Width,4 in,,length,8 in,,Color,Yellow,,,,,,,,,,,,,,,,,,,,,,,,,,,,,,,,,,,,,,,,,,,,,,,,,,,,,,,,,,,,,,,,,,,,,,,,,,,,,,,,,,,,,,,,,,,,,,,,,,,,,,,,,,,,,,,,,,,,,,,,,,,,,,,,,,,,,,,,,30111800,,,,,8 in,,,,4 in,,,,,,,,,No Brand Found,65%,No
,,,,,,,Building Materials & Hardscape,General,,,1728ABL,2x2 Black Fine Fissured 1728BL,,,,Palmer Donavin Mfg Company (PALDO),Masco Corporation,Delta®,Delta®,1728ABL,,Building Materials & Hardscape>General,"Masco Corporation, Delta, 1728ABL, 2x2, Color=Black, Nominal Size=2",2X2 BLACK,DELTA 1728ABL,"DELTA, 2 in Width, 2 in",,"Discover the Delta® product, engineered for outstanding performance and lasting durability. With a focus on quality and efficiency, this product is the perfect addition to any modern home.",,,,,,,,,,,,,,,,,,,,,,,,,,,Color,Black,,Nominal Size,2,,Width,2 in,,length,2 in,,,,,,,,,,,,,,,,,,,,,,,,,,,,,,,,,,,,,,,,,,,,,,,,,,,,,,,,,,,,,,,,,,,,,,,,,,,,,,,,,,,,,,,,,,,,,,,,,,,,,,,,,,,,,,,,,,,,,,,,,,,,,,,,,,,,,,,,,,,,,,,30000000,,,,,2 in,,,,2 in,,,,,,,,,,60%,No
,,,,,,,Power Tools,Batteries & Chargers,,,402-R,402R 12V12AH 8D Battery,,,,MillerTech Energy Solutions (MILTE),Channellock Inc,Channellock®,Channellock®,402-R,,Power Tools>Batteries & Chargers,"Channellock Inc, Channellock, Battery, 402-R, Voltage=12, Amperage=12",BATTERY 12V 12A YELLOW,CHANNELLOCK 402-R Battery,"CHANNELLOCK, Battery, 12 Voltage, 12 Amperage",Battery,"Discover the Channellock® Battery, engineered for outstanding performance and lasting durability. With a focus on quality and efficiency, this Battery is the perfect addition to any modern home.",,,,,,,,,,,,,,,,,,,,,,,,Battery,,Battery,Voltage,12,V,Amperage,12,A,Cordless,12V,,Battery,12AH,,Voltage Rating,12,,Amperage Rating,12,,Color,Yellow,,,,,,,,,,,,,,,,,,,,,,,,,,,,,,,,,,,,,,,,,,,,,,,,,,,,,,,,,,,,,,,,,,,,,,,,,,,,,,,,,,,,,,,,,,,,,,,,,,,,,,,,,,,,,,,,,,,,,,,,,,,,,,,,,,,,,,27111905,,,,,,,,,,,,,,,,,,,75%,No
,,,,,,,Electrical,Power Supplies,,,SL1672,SL1672 Jumpstart & Pwr Supply,,,Schumacher,,,,,SL1672,,Electrical>Power Supplies,"Power Supply, SL1672, Jumpstart & Pwr Supply, Yellow",POWER SUPPLY,SL1672 Power Supply,Power Supply,Power Supply,"Discover the  Power Supply, engineered for outstanding performance and lasting durability. With a focus on quality and efficiency, this Power Supply is the perfect addition to any modern home.",,,,,,,,,,,,,,,,,,,,,,,,Power Supply,,Power Supply,Color,Yellow,,,,,,,,,,,,,,,,,,,,,,,,,,,,,,,,,,,,,,,,,,,,,,,,,,,,,,,,,,,,,,,,,,,,,,,,,,,,,,,,,,,,,,,,,,,,,,,,,,,,,,,,,,,,,,,,,,,,,,,,,,,,,,,,,,,,,,,,,,,,,,,,,,,,,,,,39121900,,,,,,,,,,,,,,,,,,No Brand Found + Low Confidence,38%,Yes
,,,,,,,Power Tools,Batteries & Chargers,,,BM-DW20-YLW-6,BM-DW20-YLW-6 Dewalt - Battery Mounts 6pk,,,StealthMounts,Metalmark Industrial Inc (METIN),Metalmark Industrial Inc,DeWalt®,StealthMounts,BM-DW20-YLW-6,,Power Tools>Batteries & Chargers,"Metalmark Industrial Inc, DeWalt, Battery, BM-DW20-YLW-6",BATTERY YELLOW,DEWALT BM-DW20-YLW-6 Battery,"DEWALT, Battery",Battery,"Discover the DeWalt® Battery, engineered for outstanding performance and lasting durability. With a focus on quality and efficiency, this Battery is the perfect addition to any modern home.",,,,,,,,,,,,,,,,,,,,,,,,Battery,,Battery,Color,Yellow,,,,,,,,,,,,,,,,,,,,,,,,,,,,,,,,,,,,,,,,,,,,,,,,,,,,,,,,,,,,,,,,,,,,,,,,,,,,,,,,,,,,,,,,,,,,,,,,,,,,,,,,,,,,,,,,,,,,,,,,,,,,,,,,,,,,,,,,,,,,,,,,,,,,,,,,27111905,,,,,,,,,,,,,,,,,,Low Confidence,58%,No
,,,,,,,Electrical,Hangers,,,BHA1-UPC,16-24 Adjust Hanger,,,Southwire,Southwire/g Turner (6603),Southwire Company,Southwire®,Southwire®,BHA1-UPC,,Electrical>Hangers,"Southwire Company, Southwire, BHA1-UPC, 16-24 Adjust Hanger, Yellow",16-24 ADJUST HANGER YELLOW,SOUTHWIRE BHA1-UPC,SOUTHWIRE,,"Discover the Southwire® product, engineered for outstanding performance and lasting durability. With a focus on quality and efficiency, this product is the perfect addition to any modern home.",,,,,,,,,,,,,,,,,,,,,,,,,,,Color,Yellow,,,,,,,,,,,,,,,,,,,,,,,,,,,,,,,,,,,,,,,,,,,,,,,,,,,,,,,,,,,,,,,,,,,,,,,,,,,,,,,,,,,,,,,,,,,,,,,,,,,,,,,,,,,,,,,,,,,,,,,,,,,,,,,,,,,,,,,,,,,,,,,,,,,,,,,,39122000,,,,,,,,,,,,,,,,,,Short Description,65%,No
,,,,,,,Electrical,Outlets,,,G1941-UPC,"G1941UPC 4"" Sq Cover Sw/Outlet",,,Southwire,Southwire/g Turner (6603),Southwire Company,Southwire®,Southwire®,G1941-UPC,,Electrical>Outlets,"Southwire Company, Southwire, Outlet, G1941-UPC, G1941UPC 4"" Sq Cover Sw/Outlet",OUTLET YELLOW,SOUTHWIRE G1941-UPC Outlet,"SOUTHWIRE, Outlet",Outlet,"Discover the Southwire® Outlet, engineered for outstanding performance and lasting durability. With a focus on quality and efficiency, this Outlet is the perfect addition to any modern home.",,,,,,,,,,,,,,,,,,,,,,,,Outlet,,Outlet,Color,Yellow,,,,,,,,,,,,,,,,,,,,,,,,,,,,,,,,,,,,,,,,,,,,,,,,,,,,,,,,,,,,,,,,,,,,,,,,,,,,,,,,,,,,,,,,,,,,,,,,,,,,,,,,,,,,,,,,,,,,,,,,,,,,,,,,,,,,,,,,,,,,,,,,,,,,,,,,39121401,,,,,,,,,,,,,,,,,,,65%,No
,,,,,,,Electrical,Outlets,GFCI,,G1950-UPC,4x4 2G GFI Box Cover,,,Southwire,Southwire/g Turner (6603),Southwire Company,Southwire®,Southwire®,G1950-UPC,,Electrical>Outlets>GFCI,"Southwire Company, Southwire, GFCI Outlet, G1950-UPC, 4x4, Gang=2, Pack Type=Box",GFCI OUTLET 4X4,SOUTHWIRE G1950-UPC GFCI Outlet,"SOUTHWIRE, GFCI Outlet, 4 in Width, 4 in",GFCI Outlet,"Discover the Southwire® GFCI Outlet, engineered for outstanding performance and lasting durability. With a focus on quality and efficiency, this GFCI Outlet is the perfect addition to any modern home.",,,,,,,,,,,,,,,,,,,,,,,,GFCI Outlet,,GFCI Outlet,Gang,2,,Pack Type,Box,,Width,4 in,,length,4 in,,Color,Yellow,,,,,,,,,,,,,,,,,,,,,,,,,,,,,,,,,,,,,,,,,,,,,,,,,,,,,,,,,,,,,,,,,,,,,,,,,,,,,,,,,,,,,,,,,,,,,,,,,,,,,,,,,,,,,,,,,,,,,,,,,,,,,,,,,,,,,,,,,,,,39121400,,,,,4 in,,,,4 in,,,,,,,,,,85%,No
,,,,,,,Electrical,Cover Plates,,,A410RCAR,4x4 1G PVC Box Cover,,,Carlon,Thomas & Betts (7405),Thomas & Betts,Carlon®,Carlon®,A410RCAR,,Electrical>Cover Plates,"Thomas & Betts, Carlon, A410RCAR, 4x4, Gang=1, Material=PVC, Pack Type=Box",4IN 4 IN PVC YELLOW,CARLON A410RCAR,"CARLON, 4 in Width, 4 in",,"Discover the Carlon® product, engineered for outstanding performance and lasting durability. With a focus on quality and efficiency, this product is the perfect addition to any modern home.",,,,,,,,,,,,,,,,,,,,,,,,,,,Gang,1,,Material,PVC,,Pack Type,Box,,Width,4 in,,length,4 in,,Color,Yellow,,,,,,,,,,,,,,,,,,,,,,,,,,,,,,,,,,,,,,,,,,,,,,,,,,,,,,,,,,,,,,,,,,,,,,,,,,,,,,,,,,,,,,,,,,,,,,,,,,,,,,,,,,,,,,,,,,,,,,,,,,,,,,,,,,,,,,,,,39121800,,,,,4 in,,,,4 in,,,,,,,,,,65%,No
,,,,,,,Electrical,Outlets,GFCI,,G1951-UPC,4x4 2G GFCI Duplex Box Cover,,,Southwire,Southwire/g Turner (6603),Southwire Company,Southwire®,Southwire®,G1951-UPC,,Electrical>Outlets>GFCI,"Southwire Company, Southwire, GFCI Outlet, G1951-UPC, 4x4, Gang=2",GFCI OUTLET 4X4,SOUTHWIRE G1951-UPC GFCI Outlet,"SOUTHWIRE, GFCI Outlet, 4 in Width, 4 in",GFCI Outlet,"Discover the Southwire® GFCI Outlet, engineered for outstanding performance and lasting durability. With a focus on quality and efficiency, this GFCI Outlet is the perfect addition to any modern home.",,,,,,,,,,,,,,,,,,,,,,,,GFCI Outlet,,GFCI Outlet,Gang,2,,Circuit Type,GFCI,,Pack Type,Box,,Width,4 in,,length,4 in,,Color,Yellow,,,,,,,,,,,,,,,,,,,,,,,,,,,,,,,,,,,,,,,,,,,,,,,,,,,,,,,,,,,,,,,,,,,,,,,,,,,,,,,,,,,,,,,,,,,,,,,,,,,,,,,,,,,,,,,,,,,,,,,,,,,,,,,,,,,,,,,,,39121400,,,,,4 in,,,,4 in,,,,,,,,,,85%,No
,,,,,,,Electrical,Cover Plates,,,52C3-5/8-UPC,4x4 1G Box Cover,,,Southwire,Southwire/g Turner (6603),Southwire Company,Southwire®,Southwire®,52C3-5/8-UPC,,Electrical>Cover Plates,"Southwire Company, Southwire, 52C3-5/8-UPC, 4x4, Gang=1, Pack Type=Box",PRODUCT 4X4,SOUTHWIRE 52C3-5/8-UPC,"SOUTHWIRE, 4 in Width, 4 in",,"Discover the Southwire® product, engineered for outstanding performance and lasting durability. With a focus on quality and efficiency, this product is the perfect addition to any modern home.",,,,,,,,,,,,,,,,,,,,,,,,,,,Gang,1,,Pack Type,Box,,Width,4 in,,length,4 in,,Color,Yellow,,,,,,,,,,,,,,,,,,,,,,,,,,,,,,,,,,,,,,,,,,,,,,,,,,,,,,,,,,,,,,,,,,,,,,,,,,,,,,,,,,,,,,,,,,,,,,,,,,,,,,,,,,,,,,,,,,,,,,,,,,,,,,,,,,,,,,,,,,,,39121800,,,,,4 in,,,,4 in,,,,,,,,,Short Description,75%,No
,,,,,,,Electrical,Cover Plates,,,52C14-5/8-UPC,4x4 1G Box Cover,,,Southwire,Southwire/g Turner (6603),Southwire Company,Southwire®,Southwire®,52C14-5/8-UPC,,Electrical>Cover Plates,"Southwire Company, Southwire, 52C14-5/8-UPC, 4x4, Gang=1, Pack Type=Box",PRODUCT 4X4,SOUTHWIRE 52C14-5/8-UPC,"SOUTHWIRE, 4 in Width, 4 in",,"Discover the Southwire® product, engineered for outstanding performance and lasting durability. With a focus on quality and efficiency, this product is the perfect addition to any modern home.",,,,,,,,,,,,,,,,,,,,,,,,,,,Gang,1,,Pack Type,Box,,Width,4 in,,length,4 in,,Color,Yellow,,,,,,,,,,,,,,,,,,,,,,,,,,,,,,,,,,,,,,,,,,,,,,,,,,,,,,,,,,,,,,,,,,,,,,,,,,,,,,,,,,,,,,,,,,,,,,,,,,,,,,,,,,,,,,,,,,,,,,,,,,,,,,,,,,,,,,,,,,,,39121800,,,,,4 in,,,,4 in,,,,,,,,,Short Description,75%,No
,,,,,,,Electrical,Cover Plates,,,52C3-UPC,4x4 1G Box Cover,,,Southwire,Southwire/g Turner (6603),Southwire Company,Southwire®,Southwire®,52C3-UPC,,Electrical>Cover Plates,"Southwire Company, Southwire, 52C3-UPC, 4x4, Gang=1, Pack Type=Box",PRODUCT 4X4,SOUTHWIRE 52C3-UPC,"SOUTHWIRE, 4 in Width, 4 in",,"Discover the Southwire® product, engineered for outstanding performance and lasting durability. With a focus on quality and efficiency, this product is the perfect addition to any modern home.",,,,,,,,,,,,,,,,,,,,,,,,,,,Gang,1,,Pack Type,Box,,Width,4 in,,length,4 in,,Color,Yellow,,,,,,,,,,,,,,,,,,,,,,,,,,,,,,,,,,,,,,,,,,,,,,,,,,,,,,,,,,,,,,,,,,,,,,,,,,,,,,,,,,,,,,,,,,,,,,,,,,,,,,,,,,,,,,,,,,,,,,,,,,,,,,,,,,,,,,,,,,,,39121800,,,,,4 in,,,,4 in,,,,,,,,,Short Description,75%,No
,,,,,,,Electrical,Boxes,,,54151-F-UPC,4x4x1-1/2 Oct Box w/Bracket,,,Southwire,Southwire/g Turner (6603),Southwire Company,Southwire®,Southwire®,54151-F-UPC,,Electrical>Boxes,"Southwire Company, Southwire, 54151-F-UPC, 4x4x1, Pack Type=Box",PRODUCT 4X4X1,SOUTHWIRE 54151-F-UPC,"SOUTHWIRE, 4 in Width, 1 in Height, 4 in",,"Discover the Southwire® product, engineered for outstanding performance and lasting durability. With a focus on quality and efficiency, this product is the perfect addition to any modern home.",,,,,,,,,,,,,,,,,,,,,,,,,,,Pack Type,Box,,Width,4 in,,length,4 in,,Height,1 in,,Color,Yellow,,,,,,,,,,,,,,,,,,,,,,,,,,,,,,,,,,,,,,,,,,,,,,,,,,,,,,,,,,,,,,,,,,,,,,,,,,,,,,,,,,,,,,,,,,,,,,,,,,,,,,,,,,,,,,,,,,,,,,,,,,,,,,,,,,,,,,,,,,,,39122100,,,,,4 in,,1 in,,4 in,,,,,,,,,,75%,No
,,,,,,,Electrical,Hangers,,,54151-HUR-UPC,4x4x1-1/2 Oct Box w/Hanger,,,Southwire,Southwire/g Turner (6603),Southwire Company,Southwire®,Southwire®,54151-HUR-UPC,,Electrical>Hangers,"Southwire Company, Southwire, 54151-HUR-UPC, 4x4x1, Pack Type=Box",PRODUCT 4X4X1,SOUTHWIRE 54151-HUR-UPC,"SOUTHWIRE, 4 in Width, 1 in Height, 4 in",,"Discover the Southwire® product, engineered for outstanding performance and lasting durability. With a focus on quality and efficiency, this product is the perfect addition to any modern home.",,,,,,,,,,,,,,,,,,,,,,,,,,,Pack Type,Box,,Width,4 in,,length,4 in,,Height,1 in,,Color,Yellow,,,,,,,,,,,,,,,,,,,,,,,,,,,,,,,,,,,,,,,,,,,,,,,,,,,,,,,,,,,,,,,,,,,,,,,,,,,,,,,,,,,,,,,,,,,,,,,,,,,,,,,,,,,,,,,,,,,,,,,,,,,,,,,,,,,,,,,,,,,,39122000,,,,,4 in,,1 in,,4 in,,,,,,,,,,75%,No
,,,,,,,Electrical,Boxes,,,54151-JR-UPC,4x4x1-1/2 Oct Box w/Brakcet,,,Southwire,Southwire/g Turner (6603),Southwire Company,Southwire®,Southwire®,54151-JR-UPC,,Electrical>Boxes,"Southwire Company, Southwire, 54151-JR-UPC, 4x4x1, Pack Type=Box",PRODUCT 4X4X1,SOUTHWIRE 54151-JR-UPC,"SOUTHWIRE, 4 in Width, 1 in Height, 4 in",,"Discover the Southwire® product, engineered for outstanding performance and lasting durability. With a focus on quality and efficiency, this product is the perfect addition to any modern home.",,,,,,,,,,,,,,,,,,,,,,,,,,,Pack Type,Box,,Width,4 in,,length,4 in,,Height,1 in,,Color,Yellow,,,,,,,,,,,,,,,,,,,,,,,,,,,,,,,,,,,,,,,,,,,,,,,,,,,,,,,,,,,,,,,,,,,,,,,,,,,,,,,,,,,,,,,,,,,,,,,,,,,,,,,,,,,,,,,,,,,,,,,,,,,,,,,,,,,,,,,,,,,,39122100,,,,,4 in,,1 in,,4 in,,,,,,,,,,75%,No
,,,,,,,Electrical,Boxes,,,54171-R-UPC,4x4x2 Oct Box,,,Southwire,Southwire/g Turner (6603),Southwire Company,Southwire®,Southwire®,54171-R-UPC,,Electrical>Boxes,"Southwire Company, Southwire, 54171-R-UPC, 4x4x2, Box Size=4x4x2, Pack Type=Box",PRODUCT 4X4X2,SOUTHWIRE 54171-R-UPC,"SOUTHWIRE, 4 in Width, 2 in Height, 4 in",,"Discover the Southwire® product, engineered for outstanding performance and lasting durability. With a focus on quality and efficiency, this product is the perfect addition to any modern home.",,,,,,,,,,,,,,,,,,,,,,,,,,,Box Size,4x4x2,,Pack Type,Box,,Width,4 in,,length,4 in,,Height,2 in,,Color,Yellow,,,,,,,,,,,,,,,,,,,,,,,,,,,,,,,,,,,,,,,,,,,,,,,,,,,,,,,,,,,,,,,,,,,,,,,,,,,,,,,,,,,,,,,,,,,,,,,,,,,,,,,,,,,,,,,,,,,,,,,,,,,,,,,,,,,,,,,,,39122100,,,,,4 in,,2 in,,4 in,,,,,,,,,Short Description,75%,No
,,,,,,,Hand Tools,Measuring,Squares,,52151-S-UPC,4x4x1-1/2 Square Box,,,Southwire,Southwire/g Turner (6603),Southwire Company,Southwire®,Southwire®,52151-S-UPC,,Hand Tools>Measuring>Squares,"Southwire Company, Southwire, Square, 52151-S-UPC, 4x4x1, Pack Type=Box",SQUARE 4IN 1IN 4 IN YELLOW,SOUTHWIRE 52151-S-UPC Square,"SOUTHWIRE, Square, 4 in Width, 1 in Height, 4 in",Square,"Discover the Southwire® Square, engineered for outstanding performance and lasting durability. With a focus on quality and efficiency, this Square is the perfect addition to any modern home.",,,,,,,,,,,,,,,,,,,,,,,,Square,,Square,Pack Type,Box,,Width,4 in,,length,4 in,,Height,1 in,,Color,Yellow,,,,,,,,,,,,,,,,,,,,,,,,,,,,,,,,,,,,,,,,,,,,,,,,,,,,,,,,,,,,,,,,,,,,,,,,,,,,,,,,,,,,,,,,,,,,,,,,,,,,,,,,,,,,,,,,,,,,,,,,,,,,,,,,,,,,,,,,,,,,27112503,,,,,4 in,,1 in,,4 in,,,,,,,,,,85%,No
,,,,,,,Electrical,Boxes,,,72171-3/4-1W-UPC,4-1/2x4-1/2x2 2G Box,,,Southwire,Southwire/g Turner (6603),Southwire Company,Southwire®,Southwire®,72171-3/4-1W-UPC,,Electrical>Boxes,"Southwire Company, Southwire, 72171-3/4-1W-UPC, 1/2x4, Gang=2, Pack Type=Box",PRODUCT 1/2X4,SOUTHWIRE 72171-3/4-1W-UPC,"SOUTHWIRE, 1/2 in Width, 4 in",,"Discover the Southwire® product, engineered for outstanding performance and lasting durability. With a focus on quality and efficiency, this product is the perfect addition to any modern home.",,,,,,,,,,,,,,,,,,,,,,,,,,,Gang,2,,Pack Type,Box,,Width,1/2 in,,length,4 in,,Color,Yellow,,,,,,,,,,,,,,,,,,,,,,,,,,,,,,,,,,,,,,,,,,,,,,,,,,,,,,,,,,,,,,,,,,,,,,,,,,,,,,,,,,,,,,,,,,,,,,,,,,,,,,,,,,,,,,,,,,,,,,,,,,,,,,,,,,,,,,,,,,,,39122100,,,,,4 in,,,,1/2 in,,,,,,,,,,75%,No
,,,,,,,Electrical,Cover Plates,,,5522-5EV,5522-5EV 2 Port Decor Plate,,,,Cooper Wiring Devices (3560),Signify North America,Philips®,Philips®,5522-5EV,,Electrical>Cover Plates,"Signify North America, Philips, Decor Plate, 5522-5EV, 2 Port Decor Plate",DECOR PLATE,PHILIPS 5522-5EV Decor Plate,"PHILIPS, Decor Plate",Decor Plate,"Discover the Philips® Decor Plate, engineered for outstanding performance and lasting durability. With a focus on quality and efficiency, this Decor Plate is the perfect addition to any modern home.",,,,,,,,,,,,,,,,,,,,,,,,Decor Plate,,Decor Plate,Color,Yellow,,,,,,,,,,,,,,,,,,,,,,,,,,,,,,,,,,,,,,,,,,,,,,,,,,,,,,,,,,,,,,,,,,,,,,,,,,,,,,,,,,,,,,,,,,,,,,,,,,,,,,,,,,,,,,,,,,,,,,,,,,,,,,,,,,,,,,,,,,,,,,,,,,,,,,,,39121800,,,,,,,,,,,,,,,,,,,65%,No
,,,,,,,Electrical,Switches,Dimmers,,AYCL-153PH-LA,AYCL-153PH-LA Lutron Dimmer LA,,,,Fenton Bros Electric Inc (FENBR),Lutron Electronics,Lutron®,Lutron®,AYCL-153PH-LA,,Electrical>Switches>Dimmers,"Lutron Electronics, Lutron, Dimmer Switch, AYCL-153PH-LA, Lutron Dimmer LA",DIMMER SWITCH,LUTRON AYCL-153PH-LA Dimmer Switch,"LUTRON, Dimmer Switch",Dimmer Switch,"Discover the Lutron® Dimmer Switch, engineered for outstanding performance and lasting durability. With a focus on quality and efficiency, this Dimmer Switch is the perfect addition to any modern home.",,,,,,,,,,,,,,,,,,,,,,,,Dimmer Switch,,Dimmer Switch,Color,Yellow,,,,,,,,,,,,,,,,,,,,,,,,,,,,,,,,,,,,,,,,,,,,,,,,,,,,,,,,,,,,,,,,,,,,,,,,,,,,,,,,,,,,,,,,,,,,,,,,,,,,,,,,,,,,,,,,,,,,,,,,,,,,,,,,,,,,,,,,,,,,,,,,,,,,,,,,39121501,,,,,,,,,,,,,,,,,,,75%,No
,,,,,,,Electrical,Switches,Dimmers,,AYCL-153PH-WH,AYCL-153PH-WH Lutron Dimmer Wh,,,,Fenton Bros Electric Inc (FENBR),Lutron Electronics,Lutron®,Lutron®,AYCL-153PH-WH,,Electrical>Switches>Dimmers,"Lutron Electronics, Lutron, Dimmer Switch, AYCL-153PH-WH, Color=White",DIMMER SWITCH WHITE,LUTRON AYCL-153PH-WH Dimmer Switch,"LUTRON, Dimmer Switch",Dimmer Switch,"Discover the Lutron® Dimmer Switch, engineered for outstanding performance and lasting durability. With a focus on quality and efficiency, this Dimmer Switch is the perfect addition to any modern home.",,,,,,,,,,,,,,,,,,,,,,,,Dimmer Switch,,Dimmer Switch,Color,White,,,,,,,,,,,,,,,,,,,,,,,,,,,,,,,,,,,,,,,,,,,,,,,,,,,,,,,,,,,,,,,,,,,,,,,,,,,,,,,,,,,,,,,,,,,,,,,,,,,,,,,,,,,,,,,,,,,,,,,,,,,,,,,,,,,,,,,,,,,,,,,,,,,,,,,,39121501,,,,,,,,,,,,,,,,,,,75%,No
,,,,,,,Electrical,Switches,Dimmers,,D23LP-R02-1RW,D23LPR021RW Plug In Dimmer Wh,,,Leviton,Leviton Mfg Co (4927),Leviton Manufacturing,Leviton®,Leviton®,D23LP-R02-1RW,,Electrical>Switches>Dimmers,"Leviton Manufacturing, Leviton, Dimmer Switch, D23LP-R02-1RW",DIMMER SWITCH,LEVITON D23LP-R02-1RW Dimmer Switch,"LEVITON, Dimmer Switch",Dimmer Switch,"Discover the Leviton® Dimmer Switch, engineered for outstanding performance and lasting durability. With a focus on quality and efficiency, this Dimmer Switch is the perfect addition to any modern home.",,,,,,,,,,,,,,,,,,,,,,,,Dimmer Switch,,Dimmer Switch,Color,Yellow,,,,,,,,,,,,,,,,,,,,,,,,,,,,,,,,,,,,,,,,,,,,,,,,,,,,,,,,,,,,,,,,,,,,,,,,,,,,,,,,,,,,,,,,,,,,,,,,,,,,,,,,,,,,,,,,,,,,,,,,,,,,,,,,,,,,,,,,,,,,,,,,,,,,,,,,39121501,,,,,,,,,,,,,,,,,,,75%,No
,,,,,,,Electrical,Switches,Timers,,TNOCD002,TNOCD002 125V Outdooor Timer,,,Prime,Prime Wire & Cable (3562),Prime Wire & Cable,Prime®,Prime®,TNOCD002,,Electrical>Switches>Timers,"Prime Wire & Cable, Prime, Timer Switch, TNOCD002, Voltage=125",TIMER SWITCH 125,PRIME TNOCD002 Timer Switch,"PRIME, Timer Switch, 125 Voltage",Timer Switch,"Discover the Prime® Timer Switch, engineered for outstanding performance and lasting durability. With a focus on quality and efficiency, this Timer Switch is the perfect addition to any modern home.",,,,,,,,,,,,,,,,,,,,,,,,Timer Switch,,Timer Switch,Voltage,125,V,Voltage Rating,125,,Color,Yellow,,,,,,,,,,,,,,,,,,,,,,,,,,,,,,,,,,,,,,,,,,,,,,,,,,,,,,,,,,,,,,,,,,,,,,,,,,,,,,,,,,,,,,,,,,,,,,,,,,,,,,,,,,,,,,,,,,,,,,,,,,,,,,,,,,,,,,,,,,,,,,,,,,39121503,,,,,,,,,,,,,,,,,,,70%,No
,,,,,,,Electrical,Switches,Timers,,TNDHD002,TNDHD002 125V 7Day Timer,,,Prime,Prime Wire & Cable (3562),Prime Wire & Cable,Prime®,Prime®,TNDHD002,,Electrical>Switches>Timers,"Prime Wire & Cable, Prime, Timer Switch, TNDHD002, Voltage=125",TIMER SWITCH 125,PRIME TNDHD002 Timer Switch,"PRIME, Timer Switch, 125 Voltage",Timer Switch,"Discover the Prime® Timer Switch, engineered for outstanding performance and lasting durability. With a focus on quality and efficiency, this Timer Switch is the perfect addition to any modern home.",,,,,,,,,,,,,,,,,,,,,,,,Timer Switch,,Timer Switch,Voltage,125,V,Voltage Rating,125,,Color,Yellow,,,,,,,,,,,,,,,,,,,,,,,,,,,,,,,,,,,,,,,,,,,,,,,,,,,,,,,,,,,,,,,,,,,,,,,,,,,,,,,,,,,,,,,,,,,,,,,,,,,,,,,,,,,,,,,,,,,,,,,,,,,,,,,,,,,,,,,,,,,,,,,,,,39121503,,,,,,,,,,,,,,,,,,,70%,No
,,,,,,,Electrical,Switches,Timers,,TNIDP12,TNIDP12 125V Dig Indoor Timer,,,Prime,Prime Wire & Cable (3562),Prime Wire & Cable,Prime®,Prime®,TNIDP12,,Electrical>Switches>Timers,"Prime Wire & Cable, Prime, Timer Switch, TNIDP12, Voltage=125",TIMER SWITCH 125,PRIME TNIDP12 Timer Switch,"PRIME, Timer Switch, 125 Voltage",Timer Switch,"Discover the Prime® Timer Switch, engineered for outstanding performance and lasting durability. With a focus on quality and efficiency, this Timer Switch is the perfect addition to any modern home.",,,,,,,,,,,,,,,,,,,,,,,,Timer Switch,,Timer Switch,Voltage,125,V,Application,Indoor,,Voltage Rating,125,,Color,Yellow,,,,,,,,,,,,,,,,,,,,,,,,,,,,,,,,,,,,,,,,,,,,,,,,,,,,,,,,,,,,,,,,,,,,,,,,,,,,,,,,,,,,,,,,,,,,,,,,,,,,,,,,,,,,,,,,,,,,,,,,,,,,,,,,,,,,,,,,,,,,,,,39121503,,,,,,,,,,,,,,,,,,,70%,No
,,,,,,,Electrical,Switches,Timers,,TNIW24,TNIW24 125V 24hr Mech Timer,,,Prime,Prime Wire & Cable (3562),Prime Wire & Cable,Prime®,Prime®,TNIW24,,Electrical>Switches>Timers,"Prime Wire & Cable, Prime, Timer Switch, TNIW24, Voltage=125",TIMER SWITCH 125,PRIME TNIW24 Timer Switch,"PRIME, Timer Switch, 125 Voltage",Timer Switch,"Discover the Prime® Timer Switch, engineered for outstanding performance and lasting durability. With a focus on quality and efficiency, this Timer Switch is the perfect addition to any modern home.",,,,,,,,,,,,,,,,,,,,,,,,Timer Switch,,Timer Switch,Voltage,125,V,Voltage Rating,125,,Color,Yellow,,,,,,,,,,,,,,,,,,,,,,,,,,,,,,,,,,,,,,,,,,,,,,,,,,,,,,,,,,,,,,,,,,,,,,,,,,,,,,,,,,,,,,,,,,,,,,,,,,,,,,,,,,,,,,,,,,,,,,,,,,,,,,,,,,,,,,,,,,,,,,,,,,39121503,,,,,,,,,,,,,,,,,,,70%,No
,,,,,,,Lighting,LED,,,65-1222,65-1222 1' Led Lt Multi CCT,,,,Satco Prod Inc (5573),Satco Prod Inc,Satco®,Satco®,65-1222,,Lighting>LED,"Satco Prod Inc, Satco, LED, 65-1222, CCT=Multi CCT, 1' Led Lt Multi CCT, Yellow",LED YELLOW,SATCO 65-1222 LED With LED,"SATCO, LED, With LED","LED, LED","Upgrade your home with the Satco® LED, designed to deliver exceptional performance and reliability. Featuring LED, this LED combines innovative technology with sleek design to meet your everyday needs.",LED,,,,,,,,,,,,,,,,,,,,With LED,,,LED,,LED,CCT,Multi CCT,,Color,Yellow,,Feature,LED,,,,,,,,,,,,,,,,,,,,,,,,,,,,,,,,,,,,,,,,,,,,,,,,,,,,,,,,,,,,,,,,,,,,,,,,,,,,,,,,,,,,,,,,,,,,,,,,,,,,,,,,,,,,,,,,,,,,,,,,,,,,,,,,,,,,,,,,,,,,,,,,,,39112100,,,,,,,,,,,,,,,,,,,70%,No
,,,,,,,Lighting,LED,Strips,,65-1224,65-1224 4' Led Strip Light,,,Satco,Satco Prod Inc (5573),Satco Products,Satco®,Satco®,65-1224,,Lighting>LED>Strips,"Satco Products, Satco, LED Strip, 65-1224, 4' Led Strip Light, Yellow",LED STRIP,SATCO 65-1224 LED Strip With LED,"SATCO, LED Strip, With LED","LED Strip, LED","Upgrade your home with the Satco® LED Strip, designed to deliver exceptional performance and reliability. Featuring LED, this LED Strip combines innovative technology with sleek design to meet your everyday needs.",LED,,,,,,,,,,,,,,,,,,,,With LED,,,LED Strip,,LED Strip,Color,Yellow,,Feature,LED,,,,,,,,,,,,,,,,,,,,,,,,,,,,,,,,,,,,,,,,,,,,,,,,,,,,,,,,,,,,,,,,,,,,,,,,,,,,,,,,,,,,,,,,,,,,,,,,,,,,,,,,,,,,,,,,,,,,,,,,,,,,,,,,,,,,,,,,,,,,,,,,,,,,,39112104,,,,,,,,,,,,,,,,,,,75%,No
,,,,,,,Lighting,Wall Lights,,,45297BK,45297BK Kichler Wall Lt,,,,Kichler Lighting (KICLI),Kichler Lighting,Kichler®,Kichler®,45297BK,,Lighting>Wall Lights,"Kichler Lighting, Kichler, 45297BK, Color=Black, Kichler Wall Lt",45297BK KICHLER WALL LT,KICHLER 45297BK,KICHLER,,"Discover the Kichler® product, engineered for outstanding performance and lasting durability. With a focus on quality and efficiency, this product is the perfect addition to any modern home.",,,,,,,,,,,,,,,,,,,,,,,,,,,Color,Black,,,,,,,,,,,,,,,,,,,,,,,,,,,,,,,,,,,,,,,,,,,,,,,,,,,,,,,,,,,,,,,,,,,,,,,,,,,,,,,,,,,,,,,,,,,,,,,,,,,,,,,,,,,,,,,,,,,,,,,,,,,,,,,,,,,,,,,,,,,,,,,,,,,,,,,,39111600,,,,,,,,,,,,,,,,,,,65%,No
,,,,,,,Lighting,Wall Lights,,,45573BK,45573BK Kichler Wall Light,,,,Kichler Lighting (KICLI),Kichler Lighting,Kichler®,Kichler®,45573BK,,Lighting>Wall Lights,"Kichler Lighting, Kichler, 45573BK, Color=Black, Kichler Wall Light",45573BK KICHLER WALL LIGHT,KICHLER 45573BK,KICHLER,,"Discover the Kichler® product, engineered for outstanding performance and lasting durability. With a focus on quality and efficiency, this product is the perfect addition to any modern home.",,,,,,,,,,,,,,,,,,,,,,,,,,,Color,Black,,,,,,,,,,,,,,,,,,,,,,,,,,,,,,,,,,,,,,,,,,,,,,,,,,,,,,,,,,,,,,,,,,,,,,,,,,,,,,,,,,,,,,,,,,,,,,,,,,,,,,,,,,,,,,,,,,,,,,,,,,,,,,,,,,,,,,,,,,,,,,,,,,,,,,,,39111600,,,,,,,,,,,,,,,,,,,65%,No
,,,,,,,Lighting,Wall Lights,,,37418A,37418A Kichler Bath Light,,,,Kichler Lighting (KICLI),Kichler Lighting,Kichler®,Kichler®,37418A,,Lighting>Wall Lights,"Kichler Lighting, Kichler, 37418A, Amperage=37418, Kichler Bath Light, Yellow",PRODUCT,KICHLER 37418A,"KICHLER, 37418 Amperage",,"Discover the Kichler® product, engineered for outstanding performance and lasting durability. With a focus on quality and efficiency, this product is the perfect addition to any modern home.",,,,,,,,,,,,,,,,,,,,,,,,,,,Amperage,37418,A,Amperage Rating,37418,,Color,Yellow,,,,,,,,,,,,,,,,,,,,,,,,,,,,,,,,,,,,,,,,,,,,,,,,,,,,,,,,,,,,,,,,,,,,,,,,,,,,,,,,,,,,,,,,,,,,,,,,,,,,,,,,,,,,,,,,,,,,,,,,,,,,,,,,,,,,,,,,,,,,,,,,,,39111600,,,,,,,,,,,,,,,,,,,70%,No
,,,,,,,Lighting,Wall Lights,,,37423A,37423A Kichler Bath Light,,,,Kichler Lighting (KICLI),Kichler Lighting,Kichler®,Kichler®,37423A,,Lighting>Wall Lights,"Kichler Lighting, Kichler, 37423A, Amperage=37423, Kichler Bath Light, Yellow",PRODUCT,KICHLER 37423A,"KICHLER, 37423 Amperage",,"Discover the Kichler® product, engineered for outstanding performance and lasting durability. With a focus on quality and efficiency, this product is the perfect addition to any modern home.",,,,,,,,,,,,,,,,,,,,,,,,,,,Amperage,37423,A,Amperage Rating,37423,,Color,Yellow,,,,,,,,,,,,,,,,,,,,,,,,,,,,,,,,,,,,,,,,,,,,,,,,,,,,,,,,,,,,,,,,,,,,,,,,,,,,,,,,,,,,,,,,,,,,,,,,,,,,,,,,,,,,,,,,,,,,,,,,,,,,,,,,,,,,,,,,,,,,,,,,,,39111600,,,,,,,,,,,,,,,,,,,70%,No
,,,,,,,Lighting,Wall Lights,,,45496BKCLR,45496BKCLR Kichler Bath Light,,,,Kichler Lighting (KICLI),Kichler Lighting,Kichler®,Kichler®,45496BKCLR,,Lighting>Wall Lights,"Kichler Lighting, Kichler, 45496BKCLR, Kichler Bath Light, Yellow",45496BKCLR KICHLER BATH LIGHT YELLOW,KICHLER 45496BKCLR,KICHLER,,"Discover the Kichler® product, engineered for outstanding performance and lasting durability. With a focus on quality and efficiency, this product is the perfect addition to any modern home.",,,,,,,,,,,,,,,,,,,,,,,,,,,Color,Yellow,,,,,,,,,,,,,,,,,,,,,,,,,,,,,,,,,,,,,,,,,,,,,,,,,,,,,,,,,,,,,,,,,,,,,,,,,,,,,,,,,,,,,,,,,,,,,,,,,,,,,,,,,,,,,,,,,,,,,,,,,,,,,,,,,,,,,,,,,,,,,,,,,,,,,,,,39111600,,,,,,,,,,,,,,,,,,,65%,No
,,,,,,,Lighting,Wall Lights,,,45973BK,45973BK Kichler Wall Light,,,,Kichler Lighting (KICLI),Kichler Lighting,Kichler®,Kichler®,45973BK,,Lighting>Wall Lights,"Kichler Lighting, Kichler, 45973BK, Color=Black, Kichler Wall Light",45973BK KICHLER WALL LIGHT,KICHLER 45973BK,KICHLER,,"Discover the Kichler® product, engineered for outstanding performance and lasting durability. With a focus on quality and efficiency, this product is the perfect addition to any modern home.",,,,,,,,,,,,,,,,,,,,,,,,,,,Color,Black,,,,,,,,,,,,,,,,,,,,,,,,,,,,,,,,,,,,,,,,,,,,,,,,,,,,,,,,,,,,,,,,,,,,,,,,,,,,,,,,,,,,,,,,,,,,,,,,,,,,,,,,,,,,,,,,,,,,,,,,,,,,,,,,,,,,,,,,,,,,,,,,,,,,,,,,39111600,,,,,,,,,,,,,,,,,,,65%,No
,,,,,,,Lighting,Wall Lights,,,55155BK,55155BK Kichler Wall Lt,,,,Kichler Lighting (KICLI),Kichler Lighting,Kichler®,Kichler®,55155BK,,Lighting>Wall Lights,"Kichler Lighting, Kichler, 55155BK, Color=Black, Kichler Wall Lt",55155BK KICHLER WALL LT,KICHLER 55155BK,KICHLER,,"Discover the Kichler® product, engineered for outstanding performance and lasting durability. With a focus on quality and efficiency, this product is the perfect addition to any modern home.",,,,,,,,,,,,,,,,,,,,,,,,,,,Color,Black,,,,,,,,,,,,,,,,,,,,,,,,,,,,,,,,,,,,,,,,,,,,,,,,,,,,,,,,,,,,,,,,,,,,,,,,,,,,,,,,,,,,,,,,,,,,,,,,,,,,,,,,,,,,,,,,,,,,,,,,,,,,,,,,,,,,,,,,,,,,,,,,,,,,,,,,39111600,,,,,,,,,,,,,,,,,,,65%,No
,,,,,,,Lighting,Wall Lights,,,55157CPZ,55157CPZ Kichler Wall Light,,,,Kichler Lighting (KICLI),Kichler Lighting,Kichler®,Kichler®,55157CPZ,,Lighting>Wall Lights,"Kichler Lighting, Kichler, 55157CPZ, Kichler Wall Light, Yellow",55157CPZ KICHLER WALL LIGHT YELLOW,KICHLER 55157CPZ,KICHLER,,"Discover the Kichler® product, engineered for outstanding performance and lasting durability. With a focus on quality and efficiency, this product is the perfect addition to any modern home.",,,,,,,,,,,,,,,,,,,,,,,,,,,Color,Yellow,,,,,,,,,,,,,,,,,,,,,,,,,,,,,,,,,,,,,,,,,,,,,,,,,,,,,,,,,,,,,,,,,,,,,,,,,,,,,,,,,,,,,,,,,,,,,,,,,,,,,,,,,,,,,,,,,,,,,,,,,,,,,,,,,,,,,,,,,,,,,,,,,,,,,,,,39111600,,,,,,,,,,,,,,,,,,,65%,No
,,,,,,,Lighting,Wall Lights,,,55184BK,55184BK Kichler Wall Lt,,,,Kichler Lighting (KICLI),Kichler Lighting,Kichler®,Kichler®,55184BK,,Lighting>Wall Lights,"Kichler Lighting, Kichler, 55184BK, Color=Black, Kichler Wall Lt",55184BK KICHLER WALL LT,KICHLER 55184BK,KICHLER,,"Discover the Kichler® product, engineered for outstanding performance and lasting durability. With a focus on quality and efficiency, this product is the perfect addition to any modern home.",,,,,,,,,,,,,,,,,,,,,,,,,,,Color,Black,,,,,,,,,,,,,,,,,,,,,,,,,,,,,,,,,,,,,,,,,,,,,,,,,,,,,,,,,,,,,,,,,,,,,,,,,,,,,,,,,,,,,,,,,,,,,,,,,,,,,,,,,,,,,,,,,,,,,,,,,,,,,,,,,,,,,,,,,,,,,,,,,,,,,,,,39111600,,,,,,,,,,,,,,,,,,,65%,No
,,,,,,,Lighting,Wall Lights,,,55185BK,55185BK Kichler Wall Lt,,,,Kichler Lighting (KICLI),Kichler Lighting,Kichler®,Kichler®,55185BK,,Lighting>Wall Lights,"Kichler Lighting, Kichler, 55185BK, Color=Black, Kichler Wall Lt",55185BK KICHLER WALL LT,KICHLER 55185BK,KICHLER,,"Discover the Kichler® product, engineered for outstanding performance and lasting durability. With a focus on quality and efficiency, this product is the perfect addition to any modern home.",,,,,,,,,,,,,,,,,,,,,,,,,,,Color,Black,,,,,,,,,,,,,,,,,,,,,,,,,,,,,,,,,,,,,,,,,,,,,,,,,,,,,,,,,,,,,,,,,,,,,,,,,,,,,,,,,,,,,,,,,,,,,,,,,,,,,,,,,,,,,,,,,,,,,,,,,,,,,,,,,,,,,,,,,,,,,,,,,,,,,,,,39111600,,,,,,,,,,,,,,,,,,,65%,No
,,,,,,,Lighting,Wall Lights,,,55186CH,55186CH Kichler Wall Lt,,,,Kichler Lighting (KICLI),Kichler Lighting,Kichler®,Kichler®,55186CH,,Lighting>Wall Lights,"Kichler Lighting, Kichler, 55186CH, Kichler Wall Lt, Yellow",55186CH KICHLER WALL LT YELLOW,KICHLER 55186CH,KICHLER,,"Discover the Kichler® product, engineered for outstanding performance and lasting durability. With a focus on quality and efficiency, this product is the perfect addition to any modern home.",,,,,,,,,,,,,,,,,,,,,,,,,,,Color,Yellow,,,,,,,,,,,,,,,,,,,,,,,,,,,,,,,,,,,,,,,,,,,,,,,,,,,,,,,,,,,,,,,,,,,,,,,,,,,,,,,,,,,,,,,,,,,,,,,,,,,,,,,,,,,,,,,,,,,,,,,,,,,,,,,,,,,,,,,,,,,,,,,,,,,,,,,,39111600,,,,,,,,,,,,,,,,,,Low Confidence,58%,No
,,,,,,,Lighting,Wall Lights,,,55210NI,55210NI Kichler Wall Light,,,,Kichler Lighting (KICLI),Kichler Lighting,Kichler®,Kichler®,55210NI,,Lighting>Wall Lights,"Kichler Lighting, Kichler, 55210NI, Kichler Wall Light, Yellow",55210NI KICHLER WALL LIGHT YELLOW,KICHLER 55210NI,KICHLER,,"Discover the Kichler® product, engineered for outstanding performance and lasting durability. With a focus on quality and efficiency, this product is the perfect addition to any modern home.",,,,,,,,,,,,,,,,,,,,,,,,,,,Color,Yellow,,,,,,,,,,,,,,,,,,,,,,,,,,,,,,,,,,,,,,,,,,,,,,,,,,,,,,,,,,,,,,,,,,,,,,,,,,,,,,,,,,,,,,,,,,,,,,,,,,,,,,,,,,,,,,,,,,,,,,,,,,,,,,,,,,,,,,,,,,,,,,,,,,,,,,,,39111600,,,,,,,,,,,,,,,,,,,65%,No
,,,,,,,Lighting,Wall Lights,,,55211BK,55211BK Kichler Wall Light,,,,Kichler Lighting (KICLI),Kichler Lighting,Kichler®,Kichler®,55211BK,,Lighting>Wall Lights,"Kichler Lighting, Kichler, 55211BK, Color=Black, Kichler Wall Light",55211BK KICHLER WALL LIGHT,KICHLER 55211BK,KICHLER,,"Discover the Kichler® product, engineered for outstanding performance and lasting durability. With a focus on quality and efficiency, this product is the perfect addition to any modern home.",,,,,,,,,,,,,,,,,,,,,,,,,,,Color,Black,,,,,,,,,,,,,,,,,,,,,,,,,,,,,,,,,,,,,,,,,,,,,,,,,,,,,,,,,,,,,,,,,,,,,,,,,,,,,,,,,,,,,,,,,,,,,,,,,,,,,,,,,,,,,,,,,,,,,,,,,,,,,,,,,,,,,,,,,,,,,,,,,,,,,,,,39111600,,,,,,,,,,,,,,,,,,,65%,No
,,,,,,,Lighting,Wall Lights,,,55211NI,55211NI Kichler Wall Light,,,,Kichler Lighting (KICLI),Kichler Lighting,Kichler®,Kichler®,55211NI,,Lighting>Wall Lights,"Kichler Lighting, Kichler, 55211NI, Kichler Wall Light, Yellow",55211NI KICHLER WALL LIGHT YELLOW,KICHLER 55211NI,KICHLER,,"Discover the Kichler® product, engineered for outstanding performance and lasting durability. With a focus on quality and efficiency, this product is the perfect addition to any modern home.",,,,,,,,,,,,,,,,,,,,,,,,,,,Color,Yellow,,,,,,,,,,,,,,,,,,,,,,,,,,,,,,,,,,,,,,,,,,,,,,,,,,,,,,,,,,,,,,,,,,,,,,,,,,,,,,,,,,,,,,,,,,,,,,,,,,,,,,,,,,,,,,,,,,,,,,,,,,,,,,,,,,,,,,,,,,,,,,,,,,,,,,,,39111600,,,,,,,,,,,,,,,,,,,65%,No
,,,,,,,Lighting,Wall Lights,,,55212NI,55212NI Kichler Wall Light,,,,Kichler Lighting (KICLI),Kichler Lighting,Kichler®,Kichler®,55212NI,,Lighting>Wall Lights,"Kichler Lighting, Kichler, 55212NI, Kichler Wall Light, Yellow",55212NI KICHLER WALL LIGHT YELLOW,KICHLER 55212NI,KICHLER,,"Discover the Kichler® product, engineered for outstanding performance and lasting durability. With a focus on quality and efficiency, this product is the perfect addition to any modern home.",,,,,,,,,,,,,,,,,,,,,,,,,,,Color,Yellow,,,,,,,,,,,,,,,,,,,,,,,,,,,,,,,,,,,,,,,,,,,,,,,,,,,,,,,,,,,,,,,,,,,,,,,,,,,,,,,,,,,,,,,,,,,,,,,,,,,,,,,,,,,,,,,,,,,,,,,,,,,,,,,,,,,,,,,,,,,,,,,,,,,,,,,,39111600,,,,,,,,,,,,,,,,,,,65%,No
,,,,,,,Lighting,Wall Lights,,,55226BKLFU,55226BKFLU Kichler Wall Lt,,,,Kichler Lighting (KICLI),Kichler Lighting,Kichler®,Kichler®,55226BKLFU,,Lighting>Wall Lights,"Kichler Lighting, Kichler, 55226BKLFU, 55226BKFLU Kichler Wall Lt, Yellow",55226BKFLU KICHLER WALL LT YELLOW,KICHLER 55226BKLFU,KICHLER,,"Discover the Kichler® product, engineered for outstanding performance and lasting durability. With a focus on quality and efficiency, this product is the perfect addition to any modern home.",,,,,,,,,,,,,,,,,,,,,,,,,,,Color,Yellow,,,,,,,,,,,,,,,,,,,,,,,,,,,,,,,,,,,,,,,,,,,,,,,,,,,,,,,,,,,,,,,,,,,,,,,,,,,,,,,,,,,,,,,,,,,,,,,,,,,,,,,,,,,,,,,,,,,,,,,,,,,,,,,,,,,,,,,,,,,,,,,,,,,,,,,,39111600,,,,,,,,,,,,,,,,,,,65%,No
,,,,,,,Lighting,Wall Lights,,,55239CPZLED,55239CPZLED Kichler Wall Lt,,,,Kichler Lighting (KICLI),Kichler Lighting,Kichler®,Kichler®,55239CPZLED,,Lighting>Wall Lights,"Kichler Lighting, Kichler, 55239CPZLED, Kichler Wall Lt, Yellow",55239CPZLED KICHLER WALL LT YELLOW,KICHLER 55239CPZLED With LED,"KICHLER, With LED",LED,"Upgrade your home with the Kichler® product, designed to deliver exceptional performance and reliability. Featuring LED, this product combines innovative technology with sleek design to meet your everyday needs.",LED,,,,,,,,,,,,,,,,,,,,With LED,,,,,,Color,Yellow,,Feature,LED,,,,,,,,,,,,,,,,,,,,,,,,,,,,,,,,,,,,,,,,,,,,,,,,,,,,,,,,,,,,,,,,,,,,,,,,,,,,,,,,,,,,,,,,,,,,,,,,,,,,,,,,,,,,,,,,,,,,,,,,,,,,,,,,,,,,,,,,,,,,,,,,,,,,,39111600,,,,,,,,,,,,,,,,,,,65%,No
,,,,,,,Lighting,Fixtures,Chandeliers,,44072DBK,44072DBK Kichler Chandelier Lt,,,,Kichler Lighting (KICLI),Kichler Lighting,Kichler®,Kichler®,44072DBK,,Lighting>Fixtures>Chandeliers,"Kichler Lighting, Kichler, Chandelier, 44072DBK, Color=Black",CHANDELIER,KICHLER 44072DBK Chandelier,"KICHLER, Chandelier",Chandelier,"Discover the Kichler® Chandelier, engineered for outstanding performance and lasting durability. With a focus on quality and efficiency, this Chandelier is the perfect addition to any modern home.",,,,,,,,,,,,,,,,,,,,,,,,Chandelier,,Chandelier,Color,Black,,,,,,,,,,,,,,,,,,,,,,,,,,,,,,,,,,,,,,,,,,,,,,,,,,,,,,,,,,,,,,,,,,,,,,,,,,,,,,,,,,,,,,,,,,,,,,,,,,,,,,,,,,,,,,,,,,,,,,,,,,,,,,,,,,,,,,,,,,,,,,,,,,,,,,,,39111602,,,,,,,,,,,,,,,,,,,75%,No
,,,,,,,Lighting,Fixtures,Chandeliers,,44073NI,44073NI Kichler Chandelier Lt,,,,Kichler Lighting (KICLI),Kichler Lighting,Kichler®,Kichler®,44073NI,,Lighting>Fixtures>Chandeliers,"Kichler Lighting, Kichler, Chandelier, 44073NI, Kichler Chandelier Lt, Yellow",CHANDELIER,KICHLER 44073NI Chandelier,"KICHLER, Chandelier",Chandelier,"Discover the Kichler® Chandelier, engineered for outstanding performance and lasting durability. With a focus on quality and efficiency, this Chandelier is the perfect addition to any modern home.",,,,,,,,,,,,,,,,,,,,,,,,Chandelier,,Chandelier,Color,Yellow,,,,,,,,,,,,,,,,,,,,,,,,,,,,,,,,,,,,,,,,,,,,,,,,,,,,,,,,,,,,,,,,,,,,,,,,,,,,,,,,,,,,,,,,,,,,,,,,,,,,,,,,,,,,,,,,,,,,,,,,,,,,,,,,,,,,,,,,,,,,,,,,,,,,,,,,39111602,,,,,,,,,,,,,,,,,,,75%,No
,,,,,,,Lighting,Fixtures,Chandeliers,,52033BK,52033BK Kichler Chandelier Lt,,,,Kichler Lighting (KICLI),Kichler Lighting,Kichler®,Kichler®,52033BK,,Lighting>Fixtures>Chandeliers,"Kichler Lighting, Kichler, Chandelier, 52033BK, Color=Black",CHANDELIER,KICHLER 52033BK Chandelier,"KICHLER, Chandelier",Chandelier,"Discover the Kichler® Chandelier, engineered for outstanding performance and lasting durability. With a focus on quality and efficiency, this Chandelier is the perfect addition to any modern home.",,,,,,,,,,,,,,,,,,,,,,,,Chandelier,,Chandelier,Color,Black,,,,,,,,,,,,,,,,,,,,,,,,,,,,,,,,,,,,,,,,,,,,,,,,,,,,,,,,,,,,,,,,,,,,,,,,,,,,,,,,,,,,,,,,,,,,,,,,,,,,,,,,,,,,,,,,,,,,,,,,,,,,,,,,,,,,,,,,,,,,,,,,,,,,,,,,39111602,,,,,,,,,,,,,,,,,,,68%,No
,,,,,,,Lighting,Fixtures,Chandeliers,,84322WH,84322WH Kichler Chandelier Lt,,,,Kichler Lighting (KICLI),Kichler Lighting,Kichler®,Kichler®,84322WH,,Lighting>Fixtures>Chandeliers,"Kichler Lighting, Kichler, Chandelier, 84322WH, Color=White",CHANDELIER,KICHLER 84322WH Chandelier,"KICHLER, Chandelier",Chandelier,"Discover the Kichler® Chandelier, engineered for outstanding performance and lasting durability. With a focus on quality and efficiency, this Chandelier is the perfect addition to any modern home.",,,,,,,,,,,,,,,,,,,,,,,,Chandelier,,Chandelier,Color,White,,,,,,,,,,,,,,,,,,,,,,,,,,,,,,,,,,,,,,,,,,,,,,,,,,,,,,,,,,,,,,,,,,,,,,,,,,,,,,,,,,,,,,,,,,,,,,,,,,,,,,,,,,,,,,,,,,,,,,,,,,,,,,,,,,,,,,,,,,,,,,,,,,,,,,,,39111602,,,,,,,,,,,,,,,,,,,68%,No
,,,,,,,Lighting,Fixtures,Chandeliers,,52404BK,52404BK Kichler Chandelier Lt,,,,Kichler Lighting (KICLI),Kichler Lighting,Kichler®,Kichler®,52404BK,,Lighting>Fixtures>Chandeliers,"Kichler Lighting, Kichler, Chandelier, 52404BK, Color=Black",CHANDELIER,KICHLER 52404BK Chandelier,"KICHLER, Chandelier",Chandelier,"Discover the Kichler® Chandelier, engineered for outstanding performance and lasting durability. With a focus on quality and efficiency, this Chandelier is the perfect addition to any modern home.",,,,,,,,,,,,,,,,,,,,,,,,Chandelier,,Chandelier,Color,Black,,,,,,,,,,,,,,,,,,,,,,,,,,,,,,,,,,,,,,,,,,,,,,,,,,,,,,,,,,,,,,,,,,,,,,,,,,,,,,,,,,,,,,,,,,,,,,,,,,,,,,,,,,,,,,,,,,,,,,,,,,,,,,,,,,,,,,,,,,,,,,,,,,,,,,,,39111602,,,,,,,,,,,,,,,,,,,68%,No
,,,,,,,Lighting,Fixtures,Chandeliers,,34686A,34686A Kichler Chandelier Lt,,,,Kichler Lighting (KICLI),Kichler Lighting,Kichler®,Kichler®,34686A,,Lighting>Fixtures>Chandeliers,"Kichler Lighting, Kichler, Chandelier, 34686A, Amperage=34686",CHANDELIER 34686A YELLOW,KICHLER 34686A Chandelier,"KICHLER, Chandelier, 34686 Amperage",Chandelier,"Discover the Kichler® Chandelier, engineered for outstanding performance and lasting durability. With a focus on quality and efficiency, this Chandelier is the perfect addition to any modern home.",,,,,,,,,,,,,,,,,,,,,,,,Chandelier,,Chandelier,Amperage,34686,A,Amperage Rating,34686,,Color,Yellow,,,,,,,,,,,,,,,,,,,,,,,,,,,,,,,,,,,,,,,,,,,,,,,,,,,,,,,,,,,,,,,,,,,,,,,,,,,,,,,,,,,,,,,,,,,,,,,,,,,,,,,,,,,,,,,,,,,,,,,,,,,,,,,,,,,,,,,,,,,,,,,,,,39111602,,,,,,,,,,,,,,,,,,,80%,No
,,,,,,,Lighting,Fixtures,Chandeliers,,34687A,34687A Kichler Chandelier Lt,,,,Kichler Lighting (KICLI),Kichler Lighting,Kichler®,Kichler®,34687A,,Lighting>Fixtures>Chandeliers,"Kichler Lighting, Kichler, Chandelier, 34687A, Amperage=34687",CHANDELIER 34687A YELLOW,KICHLER 34687A Chandelier,"KICHLER, Chandelier, 34687 Amperage",Chandelier,"Discover the Kichler® Chandelier, engineered for outstanding performance and lasting durability. With a focus on quality and efficiency, this Chandelier is the perfect addition to any modern home.",,,,,,,,,,,,,,,,,,,,,,,,Chandelier,,Chandelier,Amperage,34687,A,Amperage Rating,34687,,Color,Yellow,,,,,,,,,,,,,,,,,,,,,,,,,,,,,,,,,,,,,,,,,,,,,,,,,,,,,,,,,,,,,,,,,,,,,,,,,,,,,,,,,,,,,,,,,,,,,,,,,,,,,,,,,,,,,,,,,,,,,,,,,,,,,,,,,,,,,,,,,,,,,,,,,,39111602,,,,,,,,,,,,,,,,,,,80%,No
,,,,,,,Lighting,Fixtures,Chandeliers,,34688A,34688A Kichler Chandelier Lt,,,,,,,,34688A,,Lighting>Fixtures>Chandeliers,"Chandelier, 34688A, Amperage=34688, Kichler Chandelier Lt, Yellow",CHANDELIER 34688A YELLOW,34688A Chandelier,"Chandelier, 34688 Amperage",Chandelier,"Discover the  Chandelier, engineered for outstanding performance and lasting durability. With a focus on quality and efficiency, this Chandelier is the perfect addition to any modern home.",,,,,,,,,,,,,,,,,,,,,,,,Chandelier,,Chandelier,Amperage,34688,A,Amperage Rating,34688,,Color,Yellow,,,,,,,,,,,,,,,,,,,,,,,,,,,,,,,,,,,,,,,,,,,,,,,,,,,,,,,,,,,,,,,,,,,,,,,,,,,,,,,,,,,,,,,,,,,,,,,,,,,,,,,,,,,,,,,,,,,,,,,,,,,,,,,,,,,,,,,,,,,,,,,,,,39111602,,,,,,,,,,,,,,,,,,No Brand Found,60%,No
,,,,,,,Lighting,Wall Lights,,,43671BKCLR,43671BKCLR Kichler Chand Lt,,,,Kichler Lighting (KICLI),Kichler Lighting,Kichler®,Kichler®,43671BKCLR,,Lighting>Wall Lights,"Kichler Lighting, Kichler, 43671BKCLR, Kichler Chand Lt, Yellow",43671BKCLR KICHLER CHAND LT YELLOW,KICHLER 43671BKCLR,KICHLER,,"Discover the Kichler® product, engineered for outstanding performance and lasting durability. With a focus on quality and efficiency, this product is the perfect addition to any modern home.",,,,,,,,,,,,,,,,,,,,,,,,,,,Color,Yellow,,,,,,,,,,,,,,,,,,,,,,,,,,,,,,,,,,,,,,,,,,,,,,,,,,,,,,,,,,,,,,,,,,,,,,,,,,,,,,,,,,,,,,,,,,,,,,,,,,,,,,,,,,,,,,,,,,,,,,,,,,,,,,,,,,,,,,,,,,,,,,,,,,,,,,,,39111600,,,,,,,,,,,,,,,,,,,65%,No
,,,,,,,Lighting,Fixtures,Chandeliers,,52616BK,52616BK Kichler Chandelier Lt,,,,Kichler Lighting (KICLI),Kichler Lighting,Kichler®,Kichler®,52616BK,,Lighting>Fixtures>Chandeliers,"Kichler Lighting, Kichler, Chandelier, 52616BK, Color=Black",CHANDELIER,KICHLER 52616BK Chandelier,"KICHLER, Chandelier",Chandelier,"Discover the Kichler® Chandelier, engineered for outstanding performance and lasting durability. With a focus on quality and efficiency, this Chandelier is the perfect addition to any modern home.",,,,,,,,,,,,,,,,,,,,,,,,Chandelier,,Chandelier,Color,Black,,,,,,,,,,,,,,,,,,,,,,,,,,,,,,,,,,,,,,,,,,,,,,,,,,,,,,,,,,,,,,,,,,,,,,,,,,,,,,,,,,,,,,,,,,,,,,,,,,,,,,,,,,,,,,,,,,,,,,,,,,,,,,,,,,,,,,,,,,,,,,,,,,,,,,,,39111602,,,,,,,,,,,,,,,,,,,68%,No
,,,,,,,Lighting,Fixtures,Chandeliers,,52616NI,52616NI Kichler Chandelier Lt,,,,Kichler Lighting (KICLI),Kichler Lighting,Kichler®,Kichler®,52616NI,,Lighting>Fixtures>Chandeliers,"Kichler Lighting, Kichler, Chandelier, 52616NI, Kichler Chandelier Lt, Yellow",CHANDELIER,KICHLER 52616NI Chandelier,"KICHLER, Chandelier",Chandelier,"Discover the Kichler® Chandelier, engineered for outstanding performance and lasting durability. With a focus on quality and efficiency, this Chandelier is the perfect addition to any modern home.",,,,,,,,,,,,,,,,,,,,,,,,Chandelier,,Chandelier,Color,Yellow,,,,,,,,,,,,,,,,,,,,,,,,,,,,,,,,,,,,,,,,,,,,,,,,,,,,,,,,,,,,,,,,,,,,,,,,,,,,,,,,,,,,,,,,,,,,,,,,,,,,,,,,,,,,,,,,,,,,,,,,,,,,,,,,,,,,,,,,,,,,,,,,,,,,,,,,39111602,,,,,,,,,,,,,,,,,,,75%,No
,,,,,,,Lighting,Fixtures,Chandeliers,,52678BK,52678BK Kichler Chandelier Lt,,,,Kichler Lighting (KICLI),Kichler Lighting,Kichler®,Kichler®,52678BK,,Lighting>Fixtures>Chandeliers,"Kichler Lighting, Kichler, Chandelier, 52678BK, Color=Black",CHANDELIER,KICHLER 52678BK Chandelier,"KICHLER, Chandelier",Chandelier,"Discover the Kichler® Chandelier, engineered for outstanding performance and lasting durability. With a focus on quality and efficiency, this Chandelier is the perfect addition to any modern home.",,,,,,,,,,,,,,,,,,,,,,,,Chandelier,,Chandelier,Color,Black,,,,,,,,,,,,,,,,,,,,,,,,,,,,,,,,,,,,,,,,,,,,,,,,,,,,,,,,,,,,,,,,,,,,,,,,,,,,,,,,,,,,,,,,,,,,,,,,,,,,,,,,,,,,,,,,,,,,,,,,,,,,,,,,,,,,,,,,,,,,,,,,,,,,,,,,39111602,,,,,,,,,,,,,,,,,,,68%,No
,,,,,,,Lighting,Fixtures,Chandeliers,,52680CPZ,52680CPZ Kichler Chandelier Lt,,,,Kichler Lighting (KICLI),Kichler Lighting,Kichler®,Kichler®,52680CPZ,,Lighting>Fixtures>Chandeliers,"Kichler Lighting, Kichler, Chandelier, 52680CPZ, Kichler Chandelier Lt, Yellow",CHANDELIER,KICHLER 52680CPZ Chandelier,"KICHLER, Chandelier",Chandelier,"Discover the Kichler® Chandelier, engineered for outstanding performance and lasting durability. With a focus on quality and efficiency, this Chandelier is the perfect addition to any modern home.",,,,,,,,,,,,,,,,,,,,,,,,Chandelier,,Chandelier,Color,Yellow,,,,,,,,,,,,,,,,,,,,,,,,,,,,,,,,,,,,,,,,,,,,,,,,,,,,,,,,,,,,,,,,,,,,,,,,,,,,,,,,,,,,,,,,,,,,,,,,,,,,,,,,,,,,,,,,,,,,,,,,,,,,,,,,,,,,,,,,,,,,,,,,,,,,,,,,39111602,,,,,,,,,,,,,,,,,,,75%,No
,,,,,,,Lighting,Fixtures,Chandeliers,,52772BK,52772BK Kichler Chandelier Lt,,,,Kichler Lighting (KICLI),Kichler Lighting,Kichler®,Kichler®,52772BK,,Lighting>Fixtures>Chandeliers,"Kichler Lighting, Kichler, Chandelier, 52772BK, Color=Black",CHANDELIER,KICHLER 52772BK Chandelier,"KICHLER, Chandelier",Chandelier,"Discover the Kichler® Chandelier, engineered for outstanding performance and lasting durability. With a focus on quality and efficiency, this Chandelier is the perfect addition to any modern home.",,,,,,,,,,,,,,,,,,,,,,,,Chandelier,,Chandelier,Color,Black,,,,,,,,,,,,,,,,,,,,,,,,,,,,,,,,,,,,,,,,,,,,,,,,,,,,,,,,,,,,,,,,,,,,,,,,,,,,,,,,,,,,,,,,,,,,,,,,,,,,,,,,,,,,,,,,,,,,,,,,,,,,,,,,,,,,,,,,,,,,,,,,,,,,,,,,39111602,,,,,,,,,,,,,,,,,,,68%,No
,,,,,,,Lighting,Fixtures,Chandeliers,,82399,82399 Kichler Chandelier Lt,,,,Kichler Lighting (KICLI),Kichler Lighting,Kichler®,Kichler®,82399,,Lighting>Fixtures>Chandeliers,"Kichler Lighting, Kichler, Chandelier, 82399, Kichler Chandelier Lt, Yellow",CHANDELIER,KICHLER 82399 Chandelier,"KICHLER, Chandelier",Chandelier,"Discover the Kichler® Chandelier, engineered for outstanding performance and lasting durability. With a focus on quality and efficiency, this Chandelier is the perfect addition to any modern home.",,,,,,,,,,,,,,,,,,,,,,,,Chandelier,,Chandelier,Color,Yellow,,,,,,,,,,,,,,,,,,,,,,,,,,,,,,,,,,,,,,,,,,,,,,,,,,,,,,,,,,,,,,,,,,,,,,,,,,,,,,,,,,,,,,,,,,,,,,,,,,,,,,,,,,,,,,,,,,,,,,,,,,,,,,,,,,,,,,,,,,,,,,,,,,,,,,,,39111602,,,,,,,,,,,,,,,,,,,75%,No
,,,,,,,Lighting,Fixtures,,,65-771R3,65-771R3 Nuvo Highbay Light,,,,Satco Prod Inc (5573),Satco Prod Inc,Satco®,Satco®,65-771R3,,Lighting>Fixtures,"Satco Prod Inc, Satco, 65-771R3, Nuvo Highbay Light, Yellow",65-771R3 NUVO HIGHBAY LIGHT YELLOW,SATCO 65-771R3,SATCO,,"Discover the Satco® product, engineered for outstanding performance and lasting durability. With a focus on quality and efficiency, this product is the perfect addition to any modern home.",,,,,,,,,,,,,,,,,,,,,,,,,,,Color,Yellow,,,,,,,,,,,,,,,,,,,,,,,,,,,,,,,,,,,,,,,,,,,,,,,,,,,,,,,,,,,,,,,,,,,,,,,,,,,,,,,,,,,,,,,,,,,,,,,,,,,,,,,,,,,,,,,,,,,,,,,,,,,,,,,,,,,,,,,,,,,,,,,,,,,,,,,,39111600,,,,,,,,,,,,,,,,,,Low Confidence,58%,No
,,,,,,,Lighting,Ceiling Lights,,,42955BK,42955BK Kichler Ceiling Lt,,,,Kichler Lighting (KICLI),Kichler Lighting,Kichler®,Kichler®,42955BK,,Lighting>Ceiling Lights,"Kichler Lighting, Kichler, 42955BK, Color=Black, Kichler Ceiling Lt",42955BK KICHLER CEILING LT,KICHLER 42955BK,KICHLER,,"Discover the Kichler® product, engineered for outstanding performance and lasting durability. With a focus on quality and efficiency, this product is the perfect addition to any modern home.",,,,,,,,,,,,,,,,,,,,,,,,,,,Color,Black,,,,,,,,,,,,,,,,,,,,,,,,,,,,,,,,,,,,,,,,,,,,,,,,,,,,,,,,,,,,,,,,,,,,,,,,,,,,,,,,,,,,,,,,,,,,,,,,,,,,,,,,,,,,,,,,,,,,,,,,,,,,,,,,,,,,,,,,,,,,,,,,,,,,,,,,39111600,,,,,,,,,,,,,,,,,,,65%,No
,,,,,,,Lighting,Ceiling Lights,,,42275BK,42275BK Kichler Ceiling Lt,,,,Kichler Lighting (KICLI),Kichler Lighting,Kichler®,Kichler®,42275BK,,Lighting>Ceiling Lights,"Kichler Lighting, Kichler, 42275BK, Color=Black, Kichler Ceiling Lt",42275BK KICHLER CEILING LT,KICHLER 42275BK,KICHLER,,"Discover the Kichler® product, engineered for outstanding performance and lasting durability. With a focus on quality and efficiency, this product is the perfect addition to any modern home.",,,,,,,,,,,,,,,,,,,,,,,,,,,Color,Black,,,,,,,,,,,,,,,,,,,,,,,,,,,,,,,,,,,,,,,,,,,,,,,,,,,,,,,,,,,,,,,,,,,,,,,,,,,,,,,,,,,,,,,,,,,,,,,,,,,,,,,,,,,,,,,,,,,,,,,,,,,,,,,,,,,,,,,,,,,,,,,,,,,,,,,,39111600,,,,,,,,,,,,,,,,,,,65%,No
,,,,,,,Lighting,LED,,,62-1850,"62-1850 11"" Led Ceiling Light",,,,Satco Prod Inc (5573),Signify North America,Philips®,Philips®,62-1850,,Lighting>LED,"Signify North America, Philips, LED, 62-1850, 11"" Led Ceiling Light, Yellow",LED YELLOW,PHILIPS 62-1850 LED With LED,"PHILIPS, LED, With LED","LED, LED","Upgrade your home with the Philips® LED, designed to deliver exceptional performance and reliability. Featuring LED, this LED combines innovative technology with sleek design to meet your everyday needs.",LED,,,,,,,,,,,,,,,,,,,,With LED,,,LED,,LED,Color,Yellow,,Feature,LED,,,,,,,,,,,,,,,,,,,,,,,,,,,,,,,,,,,,,,,,,,,,,,,,,,,,,,,,,,,,,,,,,,,,,,,,,,,,,,,,,,,,,,,,,,,,,,,,,,,,,,,,,,,,,,,,,,,,,,,,,,,,,,,,,,,,,,,,,,,,,,,,,,,,,39112100,,,,,,,,,,,,,,,,,,,65%,No
,,,,,,,Lighting,LED,,,62-1852,"62-1852 14"" Satco Led Ceiling Lt",,,,Satco Prod Inc (5573),Satco Products,Satco®,Satco®,62-1852,,Lighting>LED,"Satco Products, Satco, LED, 62-1852, 14"" Satco Led Ceiling Lt, Yellow",LED YELLOW,SATCO 62-1852 LED With LED,"SATCO, LED, With LED","LED, LED","Upgrade your home with the Satco® LED, designed to deliver exceptional performance and reliability. Featuring LED, this LED combines innovative technology with sleek design to meet your everyday needs.",LED,,,,,,,,,,,,,,,,,,,,With LED,,,LED,,LED,Color,Yellow,,Feature,LED,,,,,,,,,,,,,,,,,,,,,,,,,,,,,,,,,,,,,,,,,,,,,,,,,,,,,,,,,,,,,,,,,,,,,,,,,,,,,,,,,,,,,,,,,,,,,,,,,,,,,,,,,,,,,,,,,,,,,,,,,,,,,,,,,,,,,,,,,,,,,,,,,,,,,39112100,,,,,,,,,,,,,,,,,,,65%,No
,,,,,,,Lighting,LED,,,62-1875,"62-1875 10"" Led Ceiling Lt Bn",,,,Satco Prod Inc (5573),Signify North America,Philips®,Philips®,62-1875,,Lighting>LED,"Signify North America, Philips, LED, 62-1875, 10"" Led Ceiling Lt Bn, Yellow",LED YELLOW,PHILIPS 62-1875 LED With LED,"PHILIPS, LED, With LED","LED, LED","Upgrade your home with the Philips® LED, designed to deliver exceptional performance and reliability. Featuring LED, this LED combines innovative technology with sleek design to meet your everyday needs.",LED,,,,,,,,,,,,,,,,,,,,With LED,,,LED,,LED,Color,Yellow,,Feature,LED,,,,,,,,,,,,,,,,,,,,,,,,,,,,,,,,,,,,,,,,,,,,,,,,,,,,,,,,,,,,,,,,,,,,,,,,,,,,,,,,,,,,,,,,,,,,,,,,,,,,,,,,,,,,,,,,,,,,,,,,,,,,,,,,,,,,,,,,,,,,,,,,,,,,,39112100,,,,,,,,,,,,,,,,,,,65%,No
,,,,,,,Lighting,Ceiling Lights,,,62-1876,"62-1876 13"" Satco Ceiling Light BN",,,,Satco Prod Inc (5573),Satco Products,Satco®,Satco®,62-1876,,Lighting>Ceiling Lights,"Satco Products, Satco, 62-1876, 13"" Satco Ceiling Light BN, Yellow",62-1876 13  SATCO CEILING LIGHT BN,SATCO 62-1876,SATCO,,"Discover the Satco® product, engineered for outstanding performance and lasting durability. With a focus on quality and efficiency, this product is the perfect addition to any modern home.",,,,,,,,,,,,,,,,,,,,,,,,,,,Color,Yellow,,,,,,,,,,,,,,,,,,,,,,,,,,,,,,,,,,,,,,,,,,,,,,,,,,,,,,,,,,,,,,,,,,,,,,,,,,,,,,,,,,,,,,,,,,,,,,,,,,,,,,,,,,,,,,,,,,,,,,,,,,,,,,,,,,,,,,,,,,,,,,,,,,,,,,,,39111600,,,,,,,,,,,,,,,,,,,65%,No
,,,,,,,Lighting,Ceiling Lights,,,42296BK,42296BK Kichler Ceiling Lt,,,,Kichler Lighting (KICLI),Kichler Lighting,Kichler®,Kichler®,42296BK,,Lighting>Ceiling Lights,"Kichler Lighting, Kichler, 42296BK, Color=Black, Kichler Ceiling Lt",42296BK KICHLER CEILING LT,KICHLER 42296BK,KICHLER,,"Discover the Kichler® product, engineered for outstanding performance and lasting durability. With a focus on quality and efficiency, this product is the perfect addition to any modern home.",,,,,,,,,,,,,,,,,,,,,,,,,,,Color,Black,,,,,,,,,,,,,,,,,,,,,,,,,,,,,,,,,,,,,,,,,,,,,,,,,,,,,,,,,,,,,,,,,,,,,,,,,,,,,,,,,,,,,,,,,,,,,,,,,,,,,,,,,,,,,,,,,,,,,,,,,,,,,,,,,,,,,,,,,,,,,,,,,,,,,,,,39111600,,,,,,,,,,,,,,,,,,,65%,No
,,,,,,,Lighting,Fixtures,Pendant Lights,,43913BK,43913BK Kichler Pendant Lt,,,,Kichler Lighting (KICLI),Kichler Lighting,Kichler®,Kichler®,43913BK,,Lighting>Fixtures>Pendant Lights,"Kichler Lighting, Kichler, Pendant Light, 43913BK, Color=Black",PENDANT LIGH,KICHLER 43913BK Pendant Light,"KICHLER, Pendant Light",Pendant Light,"Discover the Kichler® Pendant Light, engineered for outstanding performance and lasting durability. With a focus on quality and efficiency, this Pendant Light is the perfect addition to any modern home.",,,,,,,,,,,,,,,,,,,,,,,,Pendant Light,,Pendant Light,Color,Black,,,,,,,,,,,,,,,,,,,,,,,,,,,,,,,,,,,,,,,,,,,,,,,,,,,,,,,,,,,,,,,,,,,,,,,,,,,,,,,,,,,,,,,,,,,,,,,,,,,,,,,,,,,,,,,,,,,,,,,,,,,,,,,,,,,,,,,,,,,,,,,,,,,,,,,,39111601,,,,,,,,,,,,,,,,,,,75%,No
,,,,,,,Lighting,,,,HLSMS9129FS1E,"HLSMS9129FS1E 9"" Motion Lt",,,,Cooper Lighting (7638),Festool GmbH,Festool®,Festool®,HLSMS9129FS1E,,Lighting,"Festool GmbH, Festool, HLSMS9129FS1E, 9"" Motion Lt, Yellow",HLSMS9129FS1E 9  MOTION LT YELLOW,FESTOOL HLSMS9129FS1E,FESTOOL,,"Discover the Festool® product, engineered for outstanding performance and lasting durability. With a focus on quality and efficiency, this product is the perfect addition to any modern home.",,,,,,,,,,,,,,,,,,,,,,,,,,,Color,Yellow,,,,,,,,,,,,,,,,,,,,,,,,,,,,,,,,,,,,,,,,,,,,,,,,,,,,,,,,,,,,,,,,,,,,,,,,,,,,,,,,,,,,,,,,,,,,,,,,,,,,,,,,,,,,,,,,,,,,,,,,,,,,,,,,,,,,,,,,,,,,,,,,,,,,,,,,39111600,,,,,,,,,,,,,,,,,,Low Confidence,48%,Yes
,,,,,,,Lighting,LED,Strips,,64-110,64-110 Satco Tape Light 16',,,,Satco Prod Inc (5573),Satco Products,Satco®,Satco®,64-110,,Lighting>LED>Strips,"Satco Products, Satco, LED Strip, 64-110, Satco Tape Light 16', Yellow",LED STRIP,SATCO 64-110 LED Strip,"SATCO, LED Strip",LED Strip,"Discover the Satco® LED Strip, engineered for outstanding performance and lasting durability. With a focus on quality and efficiency, this LED Strip is the perfect addition to any modern home.",,,,,,,,,,,,,,,,,,,,,,,,LED Strip,,LED Strip,Color,Yellow,,,,,,,,,,,,,,,,,,,,,,,,,,,,,,,,,,,,,,,,,,,,,,,,,,,,,,,,,,,,,,,,,,,,,,,,,,,,,,,,,,,,,,,,,,,,,,,,,,,,,,,,,,,,,,,,,,,,,,,,,,,,,,,,,,,,,,,,,,,,,,,,,,,,,,,,39112104,,,,,,,,,,,,,,,,,,,75%,No
,,,,,,,Lighting,,,,603571,603571 3' Strip Light Ext,,,Wiz,Phillips Lighting (5831),Phillips Lighting,Wiz®,Wiz®,603571,,Lighting,"Phillips Lighting, Wiz, 603571, 3' Strip Light Ext, Yellow",603571 3  STRIP LIGHT EXT YELLOW,WIZ 603571,WIZ,,"Discover the Wiz® product, engineered for outstanding performance and lasting durability. With a focus on quality and efficiency, this product is the perfect addition to any modern home.",,,,,,,,,,,,,,,,,,,,,,,,,,,Color,Yellow,,,,,,,,,,,,,,,,,,,,,,,,,,,,,,,,,,,,,,,,,,,,,,,,,,,,,,,,,,,,,,,,,,,,,,,,,,,,,,,,,,,,,,,,,,,,,,,,,,,,,,,,,,,,,,,,,,,,,,,,,,,,,,,,,,,,,,,,,,,,,,,,,,,,,,,,39111600,,,,,,,,,,,,,,,,,,Low Confidence,38%,Yes
,,,,,,,Lighting,LED,,,65-572R1,65572 Satco 2x4 Led Flat Panel,,,,Satco Prod Inc (5573),Satco Products,Satco®,Satco®,65-572R1,,Lighting>LED,"Satco®, LED, 2x4, Yellow, LED, 65572 Flat Panel, 65-572R1",LED 2IN 4 IN YELLOW,SATCO 65-572R1 LED With LED,"SATCO, LED, With LED, 2 in Width, 4 in","LED, LED","Upgrade your home with the Satco® LED, designed to deliver exceptional performance and reliability. Featuring LED, this LED combines innovative technology with sleek design to meet your everyday needs.",LED,,,,,,,,,,,,,,,,,,,,With LED,,,LED,,LED,Head Type,Flat,,Width,2 in,,length,4 in,,Color,Yellow,,Feature,LED,,,,,,,,,,,,,,,,,,,,,,,,,,,,,,,,,,,,,,,,,,,,,,,,,,,,,,,,,,,,,,,,,,,,,,,,,,,,,,,,,,,,,,,,,,,,,,,,,,,,,,,,,,,,,,,,,,,,,,,,,,,,,,,,,,,,,,,,,,,,39112100,,,,,4 in,,,,2 in,,,,,,,,,,68%,No
,,,,,,,Lighting,Fixtures,Pendant Lights,,52476AVI,52476AVI Kichler Pendant Lt,,,,Kichler Lighting (KICLI),Kichler Lighting,Kichler®,Kichler®,52476AVI,,Lighting>Fixtures>Pendant Lights,"Kichler Lighting, Kichler, Pendant Light, 52476AVI, Kichler Pendant Lt, Yellow",PENDANT LIGH,KICHLER 52476AVI Pendant Light,"KICHLER, Pendant Light",Pendant Light,"Discover the Kichler® Pendant Light, engineered for outstanding performance and lasting durability. With a focus on quality and efficiency, this Pendant Light is the perfect addition to any modern home.",,,,,,,,,,,,,,,,,,,,,,,,Pendant Light,,Pendant Light,Color,Yellow,,,,,,,,,,,,,,,,,,,,,,,,,,,,,,,,,,,,,,,,,,,,,,,,,,,,,,,,,,,,,,,,,,,,,,,,,,,,,,,,,,,,,,,,,,,,,,,,,,,,,,,,,,,,,,,,,,,,,,,,,,,,,,,,,,,,,,,,,,,,,,,,,,,,,,,,39111601,,,,,,,,,,,,,,,,,,,75%,No
,,,,,,,Lighting,Fixtures,Pendant Lights,,42199BK,42199BK Kichler Pendant Lt,,,,Kichler Lighting (KICLI),Kichler Lighting,Kichler®,Kichler®,42199BK,,Lighting>Fixtures>Pendant Lights,"Kichler Lighting, Kichler, Pendant Light, 42199BK, Color=Black",PENDANT LIGH,KICHLER 42199BK Pendant Light,"KICHLER, Pendant Light",Pendant Light,"Discover the Kichler® Pendant Light, engineered for outstanding performance and lasting durability. With a focus on quality and efficiency, this Pendant Light is the perfect addition to any modern home.",,,,,,,,,,,,,,,,,,,,,,,,Pendant Light,,Pendant Light,Color,Black,,,,,,,,,,,,,,,,,,,,,,,,,,,,,,,,,,,,,,,,,,,,,,,,,,,,,,,,,,,,,,,,,,,,,,,,,,,,,,,,,,,,,,,,,,,,,,,,,,,,,,,,,,,,,,,,,,,,,,,,,,,,,,,,,,,,,,,,,,,,,,,,,,,,,,,,39111601,,,,,,,,,,,,,,,,,,,75%,No
,,,,,,,Lighting,Fixtures,Pendant Lights,,42199BKCS,42199BKCS Kichler Pendant Lt,,,,Kichler Lighting (KICLI),Kichler Lighting,Kichler®,Kichler®,42199BKCS,,Lighting>Fixtures>Pendant Lights,"Kichler Lighting, Kichler, Pendant Light, 42199BKCS, Kichler Pendant Lt, Yellow",PENDANT LIGH,KICHLER 42199BKCS Pendant Light,"KICHLER, Pendant Light",Pendant Light,"Discover the Kichler® Pendant Light, engineered for outstanding performance and lasting durability. With a focus on quality and efficiency, this Pendant Light is the perfect addition to any modern home.",,,,,,,,,,,,,,,,,,,,,,,,Pendant Light,,Pendant Light,Color,Yellow,,,,,,,,,,,,,,,,,,,,,,,,,,,,,,,,,,,,,,,,,,,,,,,,,,,,,,,,,,,,,,,,,,,,,,,,,,,,,,,,,,,,,,,,,,,,,,,,,,,,,,,,,,,,,,,,,,,,,,,,,,,,,,,,,,,,,,,,,,,,,,,,,,,,,,,,39111601,,,,,,,,,,,,,,,,,,,75%,No
,,,,,,,Lighting,Fixtures,Pendant Lights,,42200BK,42200BK Kichler Pendant Lt,,,,Kichler Lighting (KICLI),Kichler Lighting,Kichler®,Kichler®,42200BK,,Lighting>Fixtures>Pendant Lights,"Kichler Lighting, Kichler, Pendant Light, 42200BK, Color=Black",PENDANT LIGH,KICHLER 42200BK Pendant Light,"KICHLER, Pendant Light",Pendant Light,"Discover the Kichler® Pendant Light, engineered for outstanding performance and lasting durability. With a focus on quality and efficiency, this Pendant Light is the perfect addition to any modern home.",,,,,,,,,,,,,,,,,,,,,,,,Pendant Light,,Pendant Light,Color,Black,,,,,,,,,,,,,,,,,,,,,,,,,,,,,,,,,,,,,,,,,,,,,,,,,,,,,,,,,,,,,,,,,,,,,,,,,,,,,,,,,,,,,,,,,,,,,,,,,,,,,,,,,,,,,,,,,,,,,,,,,,,,,,,,,,,,,,,,,,,,,,,,,,,,,,,,39111601,,,,,,,,,,,,,,,,,,,75%,No
,,,,,,,Lighting,Fixtures,Pendant Lights,,42200BKCS,42200BKCS Kichler Pendant Lt,,,,Kichler Lighting (KICLI),Kichler Lighting,Kichler®,Kichler®,42200BKCS,,Lighting>Fixtures>Pendant Lights,"Kichler Lighting, Kichler, Pendant Light, 42200BKCS, Kichler Pendant Lt, Yellow",PENDANT LIGH,KICHLER 42200BKCS Pendant Light,"KICHLER, Pendant Light",Pendant Light,"Discover the Kichler® Pendant Light, engineered for outstanding performance and lasting durability. With a focus on quality and efficiency, this Pendant Light is the perfect addition to any modern home.",,,,,,,,,,,,,,,,,,,,,,,,Pendant Light,,Pendant Light,Color,Yellow,,,,,,,,,,,,,,,,,,,,,,,,,,,,,,,,,,,,,,,,,,,,,,,,,,,,,,,,,,,,,,,,,,,,,,,,,,,,,,,,,,,,,,,,,,,,,,,,,,,,,,,,,,,,,,,,,,,,,,,,,,,,,,,,,,,,,,,,,,,,,,,,,,,,,,,,39111601,,,,,,,,,,,,,,,,,,,75%,No
,,,,,,,Lighting,Fixtures,Pendant Lights,,43851BK,43851BK Kichler Pendant Lt,,,,Kichler Lighting (KICLI),Kichler Lighting,Kichler®,Kichler®,43851BK,,Lighting>Fixtures>Pendant Lights,"Kichler Lighting, Kichler, Pendant Light, 43851BK, Color=Black",PENDANT LIGH,KICHLER 43851BK Pendant Light,"KICHLER, Pendant Light",Pendant Light,"Discover the Kichler® Pendant Light, engineered for outstanding performance and lasting durability. With a focus on quality and efficiency, this Pendant Light is the perfect addition to any modern home.",,,,,,,,,,,,,,,,,,,,,,,,Pendant Light,,Pendant Light,Color,Black,,,,,,,,,,,,,,,,,,,,,,,,,,,,,,,,,,,,,,,,,,,,,,,,,,,,,,,,,,,,,,,,,,,,,,,,,,,,,,,,,,,,,,,,,,,,,,,,,,,,,,,,,,,,,,,,,,,,,,,,,,,,,,,,,,,,,,,,,,,,,,,,,,,,,,,,39111601,,,,,,,,,,,,,,,,,,,75%,No
,,,,,,,Lighting,Fixtures,Pendant Lights,,43852BK,43852BK Kichler Pendant Lt,,,,Kichler Lighting (KICLI),Kichler Lighting,Kichler®,Kichler®,43852BK,,Lighting>Fixtures>Pendant Lights,"Kichler Lighting, Kichler, Pendant Light, 43852BK, Color=Black",PENDANT LIGH,KICHLER 43852BK Pendant Light,"KICHLER, Pendant Light",Pendant Light,"Discover the Kichler® Pendant Light, engineered for outstanding performance and lasting durability. With a focus on quality and efficiency, this Pendant Light is the perfect addition to any modern home.",,,,,,,,,,,,,,,,,,,,,,,,Pendant Light,,Pendant Light,Color,Black,,,,,,,,,,,,,,,,,,,,,,,,,,,,,,,,,,,,,,,,,,,,,,,,,,,,,,,,,,,,,,,,,,,,,,,,,,,,,,,,,,,,,,,,,,,,,,,,,,,,,,,,,,,,,,,,,,,,,,,,,,,,,,,,,,,,,,,,,,,,,,,,,,,,,,,,39111601,,,,,,,,,,,,,,,,,,,75%,No
,,,,,,,Lighting,Fixtures,Pendant Lights,,43853BK,43853BK Kichler Pendant Lt,,,,Kichler Lighting (KICLI),Kichler Lighting,Kichler®,Kichler®,43853BK,,Lighting>Fixtures>Pendant Lights,"Kichler Lighting, Kichler, Pendant Light, 43853BK, Color=Black",PENDANT LIGH,KICHLER 43853BK Pendant Light,"KICHLER, Pendant Light",Pendant Light,"Discover the Kichler® Pendant Light, engineered for outstanding performance and lasting durability. With a focus on quality and efficiency, this Pendant Light is the perfect addition to any modern home.",,,,,,,,,,,,,,,,,,,,,,,,Pendant Light,,Pendant Light,Color,Black,,,,,,,,,,,,,,,,,,,,,,,,,,,,,,,,,,,,,,,,,,,,,,,,,,,,,,,,,,,,,,,,,,,,,,,,,,,,,,,,,,,,,,,,,,,,,,,,,,,,,,,,,,,,,,,,,,,,,,,,,,,,,,,,,,,,,,,,,,,,,,,,,,,,,,,,39111601,,,,,,,,,,,,,,,,,,,75%,No
,,,,,,,Lighting,Fixtures,Pendant Lights,,43905BK,43905BK Kichler Pendant Lt,,,,Kichler Lighting (KICLI),Kichler Lighting,Kichler®,Kichler®,43905BK,,Lighting>Fixtures>Pendant Lights,"Kichler Lighting, Kichler, Pendant Light, 43905BK, Color=Black",PENDANT LIGH,KICHLER 43905BK Pendant Light,"KICHLER, Pendant Light",Pendant Light,"Discover the Kichler® Pendant Light, engineered for outstanding performance and lasting durability. With a focus on quality and efficiency, this Pendant Light is the perfect addition to any modern home.",,,,,,,,,,,,,,,,,,,,,,,,Pendant Light,,Pendant Light,Color,Black,,,,,,,,,,,,,,,,,,,,,,,,,,,,,,,,,,,,,,,,,,,,,,,,,,,,,,,,,,,,,,,,,,,,,,,,,,,,,,,,,,,,,,,,,,,,,,,,,,,,,,,,,,,,,,,,,,,,,,,,,,,,,,,,,,,,,,,,,,,,,,,,,,,,,,,,39111601,,,,,,,,,,,,,,,,,,,75%,No
,,,,,,,Lighting,Fixtures,Pendant Lights,,43911BK,43911BK Kichler Pendant Lt,,,,Kichler Lighting (KICLI),Kichler Lighting,Kichler®,Kichler®,43911BK,,Lighting>Fixtures>Pendant Lights,"Kichler Lighting, Kichler, Pendant Light, 43911BK, Color=Black",PENDANT LIGH,KICHLER 43911BK Pendant Light,"KICHLER, Pendant Light",Pendant Light,"Discover the Kichler® Pendant Light, engineered for outstanding performance and lasting durability. With a focus on quality and efficiency, this Pendant Light is the perfect addition to any modern home.",,,,,,,,,,,,,,,,,,,,,,,,Pendant Light,,Pendant Light,Color,Black,,,,,,,,,,,,,,,,,,,,,,,,,,,,,,,,,,,,,,,,,,,,,,,,,,,,,,,,,,,,,,,,,,,,,,,,,,,,,,,,,,,,,,,,,,,,,,,,,,,,,,,,,,,,,,,,,,,,,,,,,,,,,,,,,,,,,,,,,,,,,,,,,,,,,,,,39111601,,,,,,,,,,,,,,,,,,,75%,No
,,,,,,,Lighting,Fixtures,Pendant Lights,,52529BK,52529BK Kichler Pendant Light,,,,Kichler Lighting (KICLI),Kichler Lighting,Kichler®,Kichler®,52529BK,,Lighting>Fixtures>Pendant Lights,"Kichler Lighting, Kichler, Pendant Light, 52529BK, Color=Black",PENDANT LIGH,KICHLER 52529BK Pendant Light,"KICHLER, Pendant Light",Pendant Light,"Discover the Kichler® Pendant Light, engineered for outstanding performance and lasting durability. With a focus on quality and efficiency, this Pendant Light is the perfect addition to any modern home.",,,,,,,,,,,,,,,,,,,,,,,,Pendant Light,,Pendant Light,Color,Black,,,,,,,,,,,,,,,,,,,,,,,,,,,,,,,,,,,,,,,,,,,,,,,,,,,,,,,,,,,,,,,,,,,,,,,,,,,,,,,,,,,,,,,,,,,,,,,,,,,,,,,,,,,,,,,,,,,,,,,,,,,,,,,,,,,,,,,,,,,,,,,,,,,,,,,,39111601,,,,,,,,,,,,,,,,,,,75%,No
,,,,,,,Lighting,Fixtures,Pendant Lights,,52662BKCLR,52662BKCLR Kichler Pendant Lt,,,,Kichler Lighting (KICLI),Kichler Lighting,Kichler®,Kichler®,52662BKCLR,,Lighting>Fixtures>Pendant Lights,"Kichler Lighting, Kichler, Pendant Light, 52662BKCLR, Kichler Pendant Lt, Yellow",PENDANT LIGH,KICHLER 52662BKCLR Pendant Light,"KICHLER, Pendant Light",Pendant Light,"Discover the Kichler® Pendant Light, engineered for outstanding performance and lasting durability. With a focus on quality and efficiency, this Pendant Light is the perfect addition to any modern home.",,,,,,,,,,,,,,,,,,,,,,,,Pendant Light,,Pendant Light,Color,Yellow,,,,,,,,,,,,,,,,,,,,,,,,,,,,,,,,,,,,,,,,,,,,,,,,,,,,,,,,,,,,,,,,,,,,,,,,,,,,,,,,,,,,,,,,,,,,,,,,,,,,,,,,,,,,,,,,,,,,,,,,,,,,,,,,,,,,,,,,,,,,,,,,,,,,,,,,39111601,,,,,,,,,,,,,,,,,,,75%,No
,,,,,,,Lighting,Fixtures,Pendant Lights,,52734CPZ,52734CPZ Kichler Pendant Light,,,,Kichler Lighting (KICLI),Kichler Lighting,Kichler®,Kichler®,52734CPZ,,Lighting>Fixtures>Pendant Lights,"Kichler Lighting, Kichler, Pendant Light, 52734CPZ, Kichler Pendant Light",PENDANT LIGH,KICHLER 52734CPZ Pendant Light,"KICHLER, Pendant Light",Pendant Light,"Discover the Kichler® Pendant Light, engineered for outstanding performance and lasting durability. With a focus on quality and efficiency, this Pendant Light is the perfect addition to any modern home.",,,,,,,,,,,,,,,,,,,,,,,,Pendant Light,,Pendant Light,Color,Yellow,,,,,,,,,,,,,,,,,,,,,,,,,,,,,,,,,,,,,,,,,,,,,,,,,,,,,,,,,,,,,,,,,,,,,,,,,,,,,,,,,,,,,,,,,,,,,,,,,,,,,,,,,,,,,,,,,,,,,,,,,,,,,,,,,,,,,,,,,,,,,,,,,,,,,,,,39111601,,,,,,,,,,,,,,,,,,,75%,No
,,,,,,,Lighting,Fixtures,Pendant Lights,,82400,82400 Kichler Pendant Lt,,,,Kichler Lighting (KICLI),Kichler Lighting,Kichler®,Kichler®,82400,,Lighting>Fixtures>Pendant Lights,"Kichler Lighting, Kichler, Pendant Light, 82400, Kichler Pendant Lt, Yellow",PENDANT LIGH,KICHLER 82400 Pendant Light,"KICHLER, Pendant Light",Pendant Light,"Discover the Kichler® Pendant Light, engineered for outstanding performance and lasting durability. With a focus on quality and efficiency, this Pendant Light is the perfect addition to any modern home.",,,,,,,,,,,,,,,,,,,,,,,,Pendant Light,,Pendant Light,Color,Yellow,,,,,,,,,,,,,,,,,,,,,,,,,,,,,,,,,,,,,,,,,,,,,,,,,,,,,,,,,,,,,,,,,,,,,,,,,,,,,,,,,,,,,,,,,,,,,,,,,,,,,,,,,,,,,,,,,,,,,,,,,,,,,,,,,,,,,,,,,,,,,,,,,,,,,,,,39111601,,,,,,,,,,,,,,,,,,,75%,No
,,,,,,,Lighting,,,,S11606,"S11606 8"" Round Down Lt 30K",,,,Satco Prod Inc (5573),Satco Products,Satco®,Satco®,S11606,,Lighting,"Satco Products, Satco, S11606, Head Type=Round, 8"" Round Down Lt 30K, Yellow",S11606 8  ROUND DOWN LT 30K YELLOW,SATCO S11606,SATCO,,"Discover the Satco® product, engineered for outstanding performance and lasting durability. With a focus on quality and efficiency, this product is the perfect addition to any modern home.",,,,,,,,,,,,,,,,,,,,,,,,,,,Head Type,Round,,Color,Yellow,,,,,,,,,,,,,,,,,,,,,,,,,,,,,,,,,,,,,,,,,,,,,,,,,,,,,,,,,,,,,,,,,,,,,,,,,,,,,,,,,,,,,,,,,,,,,,,,,,,,,,,,,,,,,,,,,,,,,,,,,,,,,,,,,,,,,,,,,,,,,,,,,,,,,39111600,,,,,,,,,,,,,,,,,,Low Confidence,55%,No
,,,,,,,Lighting,LED,,,S11828,"S11828 8"" Led Down Light",,,,Satco Prod Inc (5573),Satco Products,Satco®,Satco®,S11828,,Lighting>LED,"Satco Products, Satco, LED, S11828, 8"" Led Down Light, Yellow",LED YELLOW,SATCO S11828 LED With LED,"SATCO, LED, With LED","LED, LED","Upgrade your home with the Satco® LED, designed to deliver exceptional performance and reliability. Featuring LED, this LED combines innovative technology with sleek design to meet your everyday needs.",LED,,,,,,,,,,,,,,,,,,,,With LED,,,LED,,LED,Color,Yellow,,Feature,LED,,,,,,,,,,,,,,,,,,,,,,,,,,,,,,,,,,,,,,,,,,,,,,,,,,,,,,,,,,,,,,,,,,,,,,,,,,,,,,,,,,,,,,,,,,,,,,,,,,,,,,,,,,,,,,,,,,,,,,,,,,,,,,,,,,,,,,,,,,,,,,,,,,,,,39112100,,,,,,,,,,,,,,,,,,,65%,No
,,,,,,,Lighting,LED,,,801274,"801274 10w LED 6"" Retro 50k",,,Philips,Phillips Lighting (5831),Signify North America,Philips®,Philips®,801274,,Lighting>LED,"Signify North America, Philips, LED, 801274, Wattage=10, 10w LED 6"" Retro 50k",LED 10W,PHILIPS 801274 LED With LED,"PHILIPS, LED, With LED, 10","LED, LED","Upgrade your home with the Philips® LED, designed to deliver exceptional performance and reliability. Featuring LED, this LED combines innovative technology with sleek design to meet your everyday needs.",LED,,,,,,,,,,,,,,,,,,,,With LED,,,LED,,LED,Wattage,10,W,Wattage Rating,10,,Color,Yellow,,Feature,LED,,,,,,,,,,,,,,,,,,,,,,,,,,,,,,,,,,,,,,,,,,,,,,,,,,,,,,,,,,,,,,,,,,,,,,,,,,,,,,,,,,,,,,,,,,,,,,,,,,,,,,,,,,,,,,,,,,,,,,,,,,,,,,,,,,,,,,,,,,,,,,,39112100,,,,,,,,,,,,,,,,,,,70%,No
,,,,,,,Lighting,Recessed Lighting,,,S11860,"S11860 6"" Downlight White 5 CCT",,,,Satco Prod Inc (5573),Satco Products,Satco®,Satco®,S11860,,Lighting>Recessed Lighting,"Satco Products, Satco, S11860, Finish=White, Color=White",S11860 6  DOWNLIGHT WHITE 5 CCT,SATCO S11860,SATCO,,"Discover the Satco® product, engineered for outstanding performance and lasting durability. With a focus on quality and efficiency, this product is the perfect addition to any modern home.",,,,,,,,,,,,,,,,,,,,,,,,,,,Finish,White,,Color,White,,,,,,,,,,,,,,,,,,,,,,,,,,,,,,,,,,,,,,,,,,,,,,,,,,,,,,,,,,,,,,,,,,,,,,,,,,,,,,,,,,,,,,,,,,,,,,,,,,,,,,,,,,,,,,,,,,,,,,,,,,,,,,,,,,,,,,,,,,,,,,,,,,,,,39111604,,,,,,,,,,,,,,,,,,Low Confidence,58%,No
,,,,,,,Lighting,Recessed Lighting,,,S11562,"S11562 Starfish 6"" D/W Downlight",,,,Satco Prod Inc (5573),Satco Products,Satco®,Satco®,S11562,,Lighting>Recessed Lighting,"Satco Products, Satco, S11562, Starfish 6"" D/W Downlight, Yellow",S11562 STARFISH 6  D/W DOWNLIGHT YELLOW,SATCO S11562,SATCO,,"Discover the Satco® product, engineered for outstanding performance and lasting durability. With a focus on quality and efficiency, this product is the perfect addition to any modern home.",,,,,,,,,,,,,,,,,,,,,,,,,,,Color,Yellow,,,,,,,,,,,,,,,,,,,,,,,,,,,,,,,,,,,,,,,,,,,,,,,,,,,,,,,,,,,,,,,,,,,,,,,,,,,,,,,,,,,,,,,,,,,,,,,,,,,,,,,,,,,,,,,,,,,,,,,,,,,,,,,,,,,,,,,,,,,,,,,,,,,,,,,,39111604,,,,,,,,,,,,,,,,,,,65%,No
,,,,,,,Lighting,Recessed Lighting,,,S11646,"S11646 6"" Downlight Wh",,,,Satco Prod Inc (5573),Satco Products,Satco®,Satco®,S11646,,Lighting>Recessed Lighting,"Satco Products, Satco, S11646, 6"" Downlight Wh, Yellow",S11646 6  DOWNLIGHT WH YELLOW,SATCO S11646,SATCO,,"Discover the Satco® product, engineered for outstanding performance and lasting durability. With a focus on quality and efficiency, this product is the perfect addition to any modern home.",,,,,,,,,,,,,,,,,,,,,,,,,,,Color,Yellow,,,,,,,,,,,,,,,,,,,,,,,,,,,,,,,,,,,,,,,,,,,,,,,,,,,,,,,,,,,,,,,,,,,,,,,,,,,,,,,,,,,,,,,,,,,,,,,,,,,,,,,,,,,,,,,,,,,,,,,,,,,,,,,,,,,,,,,,,,,,,,,,,,,,,,,,39111604,,,,,,,,,,,,,,,,,,Low Confidence,58%,No
,,,,,,,Lighting,LED,,,S11801R1,"S11801R1 6"" Led Downlight Wh",,,,Satco Prod Inc (5573),Satco Products,Satco®,Satco®,S11801R1,,Lighting>LED,"Satco Products, Satco, LED, S11801R1, 6"" Led Downlight Wh, Yellow",LED YELLOW,SATCO S11801R1 LED With LED,"SATCO, LED, With LED","LED, LED","Upgrade your home with the Satco® LED, designed to deliver exceptional performance and reliability. Featuring LED, this LED combines innovative technology with sleek design to meet your everyday needs.",LED,,,,,,,,,,,,,,,,,,,,With LED,,,LED,,LED,Color,Yellow,,Feature,LED,,,,,,,,,,,,,,,,,,,,,,,,,,,,,,,,,,,,,,,,,,,,,,,,,,,,,,,,,,,,,,,,,,,,,,,,,,,,,,,,,,,,,,,,,,,,,,,,,,,,,,,,,,,,,,,,,,,,,,,,,,,,,,,,,,,,,,,,,,,,,,,,,,,,,39112100,,,,,,,,,,,,,,,,,,,65%,No
,,,,,,,Lighting,Recessed Lighting,,,S11848,"S11848 10"" Down Light Wh",,,,Satco Prod Inc (5573),Satco Products,Satco®,Satco®,S11848,,Lighting>Recessed Lighting,"Satco Products, Satco, S11848, 10"" Down Light Wh, Yellow",S11848 10  DOWN LIGHT WH YELLOW,SATCO S11848,SATCO,,"Discover the Satco® product, engineered for outstanding performance and lasting durability. With a focus on quality and efficiency, this product is the perfect addition to any modern home.",,,,,,,,,,,,,,,,,,,,,,,,,,,Color,Yellow,,,,,,,,,,,,,,,,,,,,,,,,,,,,,,,,,,,,,,,,,,,,,,,,,,,,,,,,,,,,,,,,,,,,,,,,,,,,,,,,,,,,,,,,,,,,,,,,,,,,,,,,,,,,,,,,,,,,,,,,,,,,,,,,,,,,,,,,,,,,,,,,,,,,,,,,39111604,,,,,,,,,,,,,,,,,,Low Confidence,58%,No
,,,,,,,Lighting,Recessed Lighting,,,S11849,"S11849 12"" Down Light Wh",,,,Satco Prod Inc (5573),Satco Products,Satco®,Satco®,S11849,,Lighting>Recessed Lighting,"Satco Products, Satco, S11849, 12"" Down Light Wh, Yellow",S11849 12  DOWN LIGHT WH YELLOW,SATCO S11849,SATCO,,"Discover the Satco® product, engineered for outstanding performance and lasting durability. With a focus on quality and efficiency, this product is the perfect addition to any modern home.",,,,,,,,,,,,,,,,,,,,,,,,,,,Color,Yellow,,,,,,,,,,,,,,,,,,,,,,,,,,,,,,,,,,,,,,,,,,,,,,,,,,,,,,,,,,,,,,,,,,,,,,,,,,,,,,,,,,,,,,,,,,,,,,,,,,,,,,,,,,,,,,,,,,,,,,,,,,,,,,,,,,,,,,,,,,,,,,,,,,,,,,,,39111604,,,,,,,,,,,,,,,,,,Low Confidence,58%,No
,,,,,,,Lighting,Recessed Lighting,,,HLBSL609FS5,"HLBSL609FS5 6"" Down Light",,,,Cooper Lighting (7638),Festool GmbH,Festool®,Festool®,HLBSL609FS5,,Lighting>Recessed Lighting,"Festool GmbH, Festool, HLBSL609FS5, 6"" Down Light, Yellow",HLBSL609FS5 6  DOWN LIGHT YELLOW,FESTOOL HLBSL609FS5,FESTOOL,,"Discover the Festool® product, engineered for outstanding performance and lasting durability. With a focus on quality and efficiency, this product is the perfect addition to any modern home.",,,,,,,,,,,,,,,,,,,,,,,,,,,Color,Yellow,,,,,,,,,,,,,,,,,,,,,,,,,,,,,,,,,,,,,,,,,,,,,,,,,,,,,,,,,,,,,,,,,,,,,,,,,,,,,,,,,,,,,,,,,,,,,,,,,,,,,,,,,,,,,,,,,,,,,,,,,,,,,,,,,,,,,,,,,,,,,,,,,,,,,,,,39111604,,,,,,,,,,,,,,,,,,Low Confidence,58%,No
,,,,,,,Lighting,Recessed Lighting,,,WF4REGSWW590CRIMW,"WF4REGSWW590CRIMW 4"" Down Light",,,,Lithonia Lighting (2776),LG Electronics,LG®,LG®,WF4REGSWW590CRIMW,,Lighting>Recessed Lighting,"LG Electronics, LG, WF4REGSWW590CRIMW, 4"" Down Light, Yellow",WF4REGSWW590CRIMW 4  DOWN LIGHT YELLOW,LG WF4REGSWW590CRIMW,LG,,"Discover the LG® product, engineered for outstanding performance and lasting durability. With a focus on quality and efficiency, this product is the perfect addition to any modern home.",,,,,,,,,,,,,,,,,,,,,,,,,,,Color,Yellow,,,,,,,,,,,,,,,,,,,,,,,,,,,,,,,,,,,,,,,,,,,,,,,,,,,,,,,,,,,,,,,,,,,,,,,,,,,,,,,,,,,,,,,,,,,,,,,,,,,,,,,,,,,,,,,,,,,,,,,,,,,,,,,,,,,,,,,,,,,,,,,,,,,,,,,,39111604,,,,,,,,,,,,,,,,,,,65%,No
,,,,,,,Lighting,Ceiling Lights,,,43849WH5CCT,43849WH5CCT Kichler Ceiling Lt,,,,Kichler Lighting (KICLI),Kichler Lighting,Kichler®,Kichler®,43849WH5CCT,,Lighting>Ceiling Lights,"Kichler Lighting, Kichler, 43849WH5CCT, Kichler Ceiling Lt, Yellow",43849WH5CCT KICHLER CEILING LT YELLOW,KICHLER 43849WH5CCT,KICHLER,,"Discover the Kichler® product, engineered for outstanding performance and lasting durability. With a focus on quality and efficiency, this product is the perfect addition to any modern home.",,,,,,,,,,,,,,,,,,,,,,,,,,,Color,Yellow,,,,,,,,,,,,,,,,,,,,,,,,,,,,,,,,,,,,,,,,,,,,,,,,,,,,,,,,,,,,,,,,,,,,,,,,,,,,,,,,,,,,,,,,,,,,,,,,,,,,,,,,,,,,,,,,,,,,,,,,,,,,,,,,,,,,,,,,,,,,,,,,,,,,,,,,39111600,,,,,,,,,,,,,,,,,,,65%,No
,,,,,,,Lighting,Ceiling Lights,,,62-1777,"62-1777 15"" Ceiling Lt Wh",,,,Satco Prod Inc (5573),Signify North America,Philips®,Philips®,62-1777,,Lighting>Ceiling Lights,"Signify North America, Philips, 62-1777, 15"" Ceiling Lt Wh, Yellow",62-1777 15  CEILING LT WH YELLOW,PHILIPS 62-1777,PHILIPS,,"Discover the Philips® product, engineered for outstanding performance and lasting durability. With a focus on quality and efficiency, this product is the perfect addition to any modern home.",,,,,,,,,,,,,,,,,,,,,,,,,,,Color,Yellow,,,,,,,,,,,,,,,,,,,,,,,,,,,,,,,,,,,,,,,,,,,,,,,,,,,,,,,,,,,,,,,,,,,,,,,,,,,,,,,,,,,,,,,,,,,,,,,,,,,,,,,,,,,,,,,,,,,,,,,,,,,,,,,,,,,,,,,,,,,,,,,,,,,,,,,,39111600,,,,,,,,,,,,,,,,,,,65%,No
,,,,,,,Lighting,Ceiling Lights,,,62-1778,"62-1778 19"" Ceiling Lt Wh",,,,Satco Prod Inc (5573),Signify North America,Philips®,Philips®,62-1778,,Lighting>Ceiling Lights,"Signify North America, Philips, 62-1778, 19"" Ceiling Lt Wh, Yellow",62-1778 19  CEILING LT WH YELLOW,PHILIPS 62-1778,PHILIPS,,"Discover the Philips® product, engineered for outstanding performance and lasting durability. With a focus on quality and efficiency, this product is the perfect addition to any modern home.",,,,,,,,,,,,,,,,,,,,,,,,,,,Color,Yellow,,,,,,,,,,,,,,,,,,,,,,,,,,,,,,,,,,,,,,,,,,,,,,,,,,,,,,,,,,,,,,,,,,,,,,,,,,,,,,,,,,,,,,,,,,,,,,,,,,,,,,,,,,,,,,,,,,,,,,,,,,,,,,,,,,,,,,,,,,,,,,,,,,,,,,,,39111600,,,,,,,,,,,,,,,,,,,65%,No
,,,,,,,Lighting,LED,,,62-1784,62-1784 24x24 Led Ceiling Lt,,,,Satco Prod Inc (5573),Signify North America,Philips®,Philips®,62-1784,,Lighting>LED,"Signify North America, Philips, LED, 62-1784, 24x24, 24x24 Led Ceiling Lt",LED 24IN 24 IN YELLOW,PHILIPS 62-1784 LED With LED,"PHILIPS, LED, With LED, 24 in Width, 24 in","LED, LED","Upgrade your home with the Philips® LED, designed to deliver exceptional performance and reliability. Featuring LED, this LED combines innovative technology with sleek design to meet your everyday needs.",LED,,,,,,,,,,,,,,,,,,,,With LED,,,LED,,LED,Width,24 in,,length,24 in,,Color,Yellow,,Feature,LED,,,,,,,,,,,,,,,,,,,,,,,,,,,,,,,,,,,,,,,,,,,,,,,,,,,,,,,,,,,,,,,,,,,,,,,,,,,,,,,,,,,,,,,,,,,,,,,,,,,,,,,,,,,,,,,,,,,,,,,,,,,,,,,,,,,,,,,,,,,,,,,39112100,,,,,24 in,,,,24 in,,,,,,,,,,70%,No
,,,,,,,Lighting,Ceiling Lights,,,62-1787,"62-1787 15"" Ceiling Lt Bk",,,,Satco Prod Inc (5573),Signify North America,Philips®,Philips®,62-1787,,Lighting>Ceiling Lights,"Signify North America, Philips, 62-1787, 15"" Ceiling Lt Bk, Yellow",62-1787 15  CEILING LT BK YELLOW,PHILIPS 62-1787,PHILIPS,,"Discover the Philips® product, engineered for outstanding performance and lasting durability. With a focus on quality and efficiency, this product is the perfect addition to any modern home.",,,,,,,,,,,,,,,,,,,,,,,,,,,Color,Yellow,,,,,,,,,,,,,,,,,,,,,,,,,,,,,,,,,,,,,,,,,,,,,,,,,,,,,,,,,,,,,,,,,,,,,,,,,,,,,,,,,,,,,,,,,,,,,,,,,,,,,,,,,,,,,,,,,,,,,,,,,,,,,,,,,,,,,,,,,,,,,,,,,,,,,,,,39111600,,,,,,,,,,,,,,,,,,,65%,No
,,,,,,,Lighting,Ceiling Lights,,,62-1788,"62-1788 19"" Ceiling Lt Bk",,,,Satco Prod Inc (5573),Signify North America,Philips®,Philips®,62-1788,,Lighting>Ceiling Lights,"Signify North America, Philips, 62-1788, 19"" Ceiling Lt Bk, Yellow",62-1788 19  CEILING LT BK YELLOW,PHILIPS 62-1788,PHILIPS,,"Discover the Philips® product, engineered for outstanding performance and lasting durability. With a focus on quality and efficiency, this product is the perfect addition to any modern home.",,,,,,,,,,,,,,,,,,,,,,,,,,,Color,Yellow,,,,,,,,,,,,,,,,,,,,,,,,,,,,,,,,,,,,,,,,,,,,,,,,,,,,,,,,,,,,,,,,,,,,,,,,,,,,,,,,,,,,,,,,,,,,,,,,,,,,,,,,,,,,,,,,,,,,,,,,,,,,,,,,,,,,,,,,,,,,,,,,,,,,,,,,39111600,,,,,,,,,,,,,,,,,,,65%,No
,,,,,,,Electrical,,,,SHOP/4X2/840/V1,4' Feit Shop Light 4500L 40k,,,Feit Electric,Feit Electric (3468),Feit Electric,Feit®,Feit Electric,SHOP/4X2/840/V1,,Electrical,"Feit Electric, Feit, SHOP/4X2/840/V1, 4' Feit Shop Light 4500L 40k, Yellow",4  FEIT SHOP LIGHT 4500L 40K YELLOW,FEIT SHOP/4X2/840/V1,FEIT,,"Discover the Feit® product, engineered for outstanding performance and lasting durability. With a focus on quality and efficiency, this product is the perfect addition to any modern home.",,,,,,,,,,,,,,,,,,,,,,,,,,,Color,Yellow,,,,,,,,,,,,,,,,,,,,,,,,,,,,,,,,,,,,,,,,,,,,,,,,,,,,,,,,,,,,,,,,,,,,,,,,,,,,,,,,,,,,,,,,,,,,,,,,,,,,,,,,,,,,,,,,,,,,,,,,,,,,,,,,,,,,,,,,,,,,,,,,,,,,,,,,39120000,,,,,,,,,,,,,,,,,,Low Confidence,55%,No
,,,,,,,Lighting,Wall Lights,,,45495BKCLR,45495BKCLR Kichler Wall Lt,,,,Kichler Lighting (KICLI),Kichler Lighting,Kichler®,Kichler®,45495BKCLR,,Lighting>Wall Lights,"Kichler Lighting, Kichler, 45495BKCLR, Kichler Wall Lt, Yellow",45495BKCLR KICHLER WALL LT YELLOW,KICHLER 45495BKCLR,KICHLER,,"Discover the Kichler® product, engineered for outstanding performance and lasting durability. With a focus on quality and efficiency, this product is the perfect addition to any modern home.",,,,,,,,,,,,,,,,,,,,,,,,,,,Color,Yellow,,,,,,,,,,,,,,,,,,,,,,,,,,,,,,,,,,,,,,,,,,,,,,,,,,,,,,,,,,,,,,,,,,,,,,,,,,,,,,,,,,,,,,,,,,,,,,,,,,,,,,,,,,,,,,,,,,,,,,,,,,,,,,,,,,,,,,,,,,,,,,,,,,,,,,,,39111600,,,,,,,,,,,,,,,,,,,65%,No
,,,,,,,Lighting,Fixtures,Wall Sconces,,55209NI,55209NI Kichler Wall Sconce,,,,Kichler Lighting (KICLI),Kichler Lighting,Kichler®,Kichler®,55209NI,,Lighting>Fixtures>Wall Sconces,"Kichler Lighting, Kichler, Wall Sconce, 55209NI, Kichler Wall Sconce, Yellow",WALL SCONCE,KICHLER 55209NI Wall Sconce,"KICHLER, Wall Sconce",Wall Sconce,"Discover the Kichler® Wall Sconce, engineered for outstanding performance and lasting durability. With a focus on quality and efficiency, this Wall Sconce is the perfect addition to any modern home.",,,,,,,,,,,,,,,,,,,,,,,,Wall Sconce,,Wall Sconce,Color,Yellow,,,,,,,,,,,,,,,,,,,,,,,,,,,,,,,,,,,,,,,,,,,,,,,,,,,,,,,,,,,,,,,,,,,,,,,,,,,,,,,,,,,,,,,,,,,,,,,,,,,,,,,,,,,,,,,,,,,,,,,,,,,,,,,,,,,,,,,,,,,,,,,,,,,,,,,,39111603,,,,,,,,,,,,,,,,,,,75%,No
,,,,,,,Lighting,LED,,,65-1210,65-1210 2' LED Wrap Lt,,,,Satco Prod Inc (5573),Satco Prod Inc,Satco®,Satco®,65-1210,,Lighting>LED,"Satco Prod Inc, Satco, LED, 65-1210, 2' LED Wrap Lt, Yellow",LED YELLOW,SATCO 65-1210 LED With LED,"SATCO, LED, With LED","LED, LED","Upgrade your home with the Satco® LED, designed to deliver exceptional performance and reliability. Featuring LED, this LED combines innovative technology with sleek design to meet your everyday needs.",LED,,,,,,,,,,,,,,,,,,,,With LED,,,LED,,LED,Color,Yellow,,Feature,LED,,,,,,,,,,,,,,,,,,,,,,,,,,,,,,,,,,,,,,,,,,,,,,,,,,,,,,,,,,,,,,,,,,,,,,,,,,,,,,,,,,,,,,,,,,,,,,,,,,,,,,,,,,,,,,,,,,,,,,,,,,,,,,,,,,,,,,,,,,,,,,,,,,,,,39112100,,,,,,,,,,,,,,,,,,Low Confidence,58%,No
,,,,,,,Lighting,LED,,,65-1211,65-1211 4' Led Wrap Light,,,,Satco Prod Inc (5573),Satco Prod Inc,Satco®,Satco®,65-1211,,Lighting>LED,"Satco Prod Inc, Satco, LED, 65-1211, 4' Led Wrap Light, Yellow",LED YELLOW,SATCO 65-1211 LED With LED,"SATCO, LED, With LED","LED, LED","Upgrade your home with the Satco® LED, designed to deliver exceptional performance and reliability. Featuring LED, this LED combines innovative technology with sleek design to meet your everyday needs.",LED,,,,,,,,,,,,,,,,,,,,With LED,,,LED,,LED,Color,Yellow,,Feature,LED,,,,,,,,,,,,,,,,,,,,,,,,,,,,,,,,,,,,,,,,,,,,,,,,,,,,,,,,,,,,,,,,,,,,,,,,,,,,,,,,,,,,,,,,,,,,,,,,,,,,,,,,,,,,,,,,,,,,,,,,,,,,,,,,,,,,,,,,,,,,,,,,,,,,,39112100,,,,,,,,,,,,,,,,,,,65%,No
,,,,,,,Lighting,LED,,,141465,"141465 15W Flor 18"" T12 27k",,,Philips,Phillips Lighting (5831),Signify North America,Philips®,Philips®,141465,,Lighting>LED,"Signify North America, Philips, 141465, Wattage=15, 15W Flor 18"" T12 27k, Yellow",15 YELLOW,PHILIPS 141465,"PHILIPS, 15",,"Discover the Philips® product, engineered for outstanding performance and lasting durability. With a focus on quality and efficiency, this product is the perfect addition to any modern home.",,,,,,,,,,,,,,,,,,,,,,,,,,,Wattage,15,W,Wattage Rating,15,,Color,Yellow,,,,,,,,,,,,,,,,,,,,,,,,,,,,,,,,,,,,,,,,,,,,,,,,,,,,,,,,,,,,,,,,,,,,,,,,,,,,,,,,,,,,,,,,,,,,,,,,,,,,,,,,,,,,,,,,,,,,,,,,,,,,,,,,,,,,,,,,,,,,,,,,,,39112100,,,,,,,,,,,,,,,,,,,70%,No
,,,,,,,Lighting,LED,,,391227,"391227 32W Led 12"" T9 30K",,,Philips,Phillips Lighting (5831),Signify North America,Philips®,Philips®,391227,,Lighting>LED,"Signify North America, Philips, LED, 391227, Wattage=32, 32W Led 12"" T9 30K",LED 32W,PHILIPS 391227 LED With LED,"PHILIPS, LED, With LED, 32","LED, LED","Upgrade your home with the Philips® LED, designed to deliver exceptional performance and reliability. Featuring LED, this LED combines innovative technology with sleek design to meet your everyday needs.",LED,,,,,,,,,,,,,,,,,,,,With LED,,,LED,,LED,Wattage,32,W,Wattage Rating,32,,Color,Yellow,,Feature,LED,,,,,,,,,,,,,,,,,,,,,,,,,,,,,,,,,,,,,,,,,,,,,,,,,,,,,,,,,,,,,,,,,,,,,,,,,,,,,,,,,,,,,,,,,,,,,,,,,,,,,,,,,,,,,,,,,,,,,,,,,,,,,,,,,,,,,,,,,,,,,,,39112100,,,,,,,,,,,,,,,,,,,70%,No
,,,,,,,Lighting,LED,,,392225,"392225 22W Flor 8"" T9 30k",,,Philips,Phillips Lighting (5831),Signify North America,Philips®,Philips®,392225,,Lighting>LED,"Signify North America, Philips, 392225, Wattage=22, 22W Flor 8"" T9 30k, Yellow",22 YELLOW,PHILIPS 392225,"PHILIPS, 22",,"Discover the Philips® product, engineered for outstanding performance and lasting durability. With a focus on quality and efficiency, this product is the perfect addition to any modern home.",,,,,,,,,,,,,,,,,,,,,,,,,,,Wattage,22,W,Wattage Rating,22,,Color,Yellow,,,,,,,,,,,,,,,,,,,,,,,,,,,,,,,,,,,,,,,,,,,,,,,,,,,,,,,,,,,,,,,,,,,,,,,,,,,,,,,,,,,,,,,,,,,,,,,,,,,,,,,,,,,,,,,,,,,,,,,,,,,,,,,,,,,,,,,,,,,,,,,,,,39112100,,,,,,,,,,,,,,,,,,,70%,No
,,,,,,,Lighting,Bulbs,,,S3539,S3539 20W Halogen Pin T4,,,Satco,Satco Prod Inc (5573),Satco Products,Satco®,Satco®,S3539,,Lighting>Bulbs,"Satco Products, Satco, S3539, Wattage=20, 20W Halogen Pin T4, Yellow",20 YELLOW,SATCO S3539,"SATCO, 20",,"Discover the Satco® product, engineered for outstanding performance and lasting durability. With a focus on quality and efficiency, this product is the perfect addition to any modern home.",,,,,,,,,,,,,,,,,,,,,,,,,,,Wattage,20,W,Wattage Rating,20,,Color,Yellow,,,,,,,,,,,,,,,,,,,,,,,,,,,,,,,,,,,,,,,,,,,,,,,,,,,,,,,,,,,,,,,,,,,,,,,,,,,,,,,,,,,,,,,,,,,,,,,,,,,,,,,,,,,,,,,,,,,,,,,,,,,,,,,,,,,,,,,,,,,,,,,,,,39112101,,,,,,,,,,,,,,,,,,,70%,No
,,,,,,,Lighting,Bulbs,,,S3496,S3496 300W Halogen T3 Bulb,,,Satco,Satco Prod Inc (5573),Satco Products,Satco®,Satco®,S3496,,Lighting>Bulbs,"Satco Products, Satco, Light Bulb, S3496, Wattage=300, 300W Halogen T3 Bulb",LIGHT BULB 300W,SATCO S3496 Light Bulb,"SATCO, Light Bulb, 300",Light Bulb,"Discover the Satco® Light Bulb, engineered for outstanding performance and lasting durability. With a focus on quality and efficiency, this Light Bulb is the perfect addition to any modern home.",,,,,,,,,,,,,,,,,,,,,,,,Light Bulb,,Light Bulb,Wattage,300,W,Wattage Rating,300,,Color,Yellow,,,,,,,,,,,,,,,,,,,,,,,,,,,,,,,,,,,,,,,,,,,,,,,,,,,,,,,,,,,,,,,,,,,,,,,,,,,,,,,,,,,,,,,,,,,,,,,,,,,,,,,,,,,,,,,,,,,,,,,,,,,,,,,,,,,,,,,,,,,,,,,,,,39112101,,,,,,,,,,,,,,,,,,,70%,No
,,,,,,,Lighting,LED,,,467316,467316 150W Sodium Med 21k,,,Philips,Phillips Lighting (5831),Signify North America,Philips®,Philips®,467316,,Lighting>LED,"Signify North America, Philips, 467316, Wattage=150, 150W Sodium Med 21k, Yellow",150 YELLOW,PHILIPS 467316,"PHILIPS, 150",,"Discover the Philips® product, engineered for outstanding performance and lasting durability. With a focus on quality and efficiency, this product is the perfect addition to any modern home.",,,,,,,,,,,,,,,,,,,,,,,,,,,Wattage,150,W,Wattage Rating,150,,Color,Yellow,,,,,,,,,,,,,,,,,,,,,,,,,,,,,,,,,,,,,,,,,,,,,,,,,,,,,,,,,,,,,,,,,,,,,,,,,,,,,,,,,,,,,,,,,,,,,,,,,,,,,,,,,,,,,,,,,,,,,,,,,,,,,,,,,,,,,,,,,,,,,,,,,,39112100,,,,,,,,,,,,,,,,,,,70%,No
,,,,,,,Lighting,LED,,,S3709,S3709 25W Incan 27K,,,Satco,Satco Prod Inc (5573),Satco Products,Satco®,Satco®,S3709,,Lighting>LED,"Satco Products, Satco, S3709, Wattage=25, 25W Incan 27K, Yellow",25 YELLOW,SATCO S3709,"SATCO, 25",,"Discover the Satco® product, engineered for outstanding performance and lasting durability. With a focus on quality and efficiency, this product is the perfect addition to any modern home.",,,,,,,,,,,,,,,,,,,,,,,,,,,Wattage,25,W,Wattage Rating,25,,Color,Yellow,,,,,,,,,,,,,,,,,,,,,,,,,,,,,,,,,,,,,,,,,,,,,,,,,,,,,,,,,,,,,,,,,,,,,,,,,,,,,,,,,,,,,,,,,,,,,,,,,,,,,,,,,,,,,,,,,,,,,,,,,,,,,,,,,,,,,,,,,,,,,,,,,,39112100,,,,,,,,,,,,,,,,,,Short Description,70%,No
,,,,,,,Lighting,LED,,,S4720,S4720 25W Incan 27K,,,Satco,Satco Prod Inc (5573),Satco Products,Satco®,Satco®,S4720,,Lighting>LED,"Satco Products, Satco, S4720, Wattage=25, 25W Incan 27K, Yellow",25 YELLOW,SATCO S4720,"SATCO, 25",,"Discover the Satco® product, engineered for outstanding performance and lasting durability. With a focus on quality and efficiency, this product is the perfect addition to any modern home.",,,,,,,,,,,,,,,,,,,,,,,,,,,Wattage,25,W,Wattage Rating,25,,Color,Yellow,,,,,,,,,,,,,,,,,,,,,,,,,,,,,,,,,,,,,,,,,,,,,,,,,,,,,,,,,,,,,,,,,,,,,,,,,,,,,,,,,,,,,,,,,,,,,,,,,,,,,,,,,,,,,,,,,,,,,,,,,,,,,,,,,,,,,,,,,,,,,,,,,,39112100,,,,,,,,,,,,,,,,,,Short Description,70%,No
,,,,,,,Lighting,LED,,,S3720,S3720 40w Inc A15 Med 26k,,,Satco,Satco Prod Inc (5573),Satco Products,Satco®,Satco®,S3720,,Lighting>LED,"Satco Products, Satco, S3720, Wattage=40, 40w Inc A15 Med 26k, Yellow",40 YELLOW,SATCO S3720,"SATCO, 40",,"Discover the Satco® product, engineered for outstanding performance and lasting durability. With a focus on quality and efficiency, this product is the perfect addition to any modern home.",,,,,,,,,,,,,,,,,,,,,,,,,,,Wattage,40,W,Wattage Rating,40,,Color,Yellow,,,,,,,,,,,,,,,,,,,,,,,,,,,,,,,,,,,,,,,,,,,,,,,,,,,,,,,,,,,,,,,,,,,,,,,,,,,,,,,,,,,,,,,,,,,,,,,,,,,,,,,,,,,,,,,,,,,,,,,,,,,,,,,,,,,,,,,,,,,,,,,,,,39112100,,,,,,,,,,,,,,,,,,,70%,No
,,,,,,,Lighting,LED,,,S3702,S3702 40W Incan Med 27K,,,Satco,Satco Prod Inc (5573),Satco Products,Satco®,Satco®,S3702,,Lighting>LED,"Satco Products, Satco, S3702, Wattage=40, 40W Incan Med 27K, Yellow",40 YELLOW,SATCO S3702,"SATCO, 40",,"Discover the Satco® product, engineered for outstanding performance and lasting durability. With a focus on quality and efficiency, this product is the perfect addition to any modern home.",,,,,,,,,,,,,,,,,,,,,,,,,,,Wattage,40,W,Wattage Rating,40,,Color,Yellow,,,,,,,,,,,,,,,,,,,,,,,,,,,,,,,,,,,,,,,,,,,,,,,,,,,,,,,,,,,,,,,,,,,,,,,,,,,,,,,,,,,,,,,,,,,,,,,,,,,,,,,,,,,,,,,,,,,,,,,,,,,,,,,,,,,,,,,,,,,,,,,,,,39112100,,,,,,,,,,,,,,,,,,,70%,No
,,,,,,,Lighting,LED,,,S3703,S3703 40W Incan Med 27K,,,Satco,Satco Prod Inc (5573),Satco Products,Satco®,Satco®,S3703,,Lighting>LED,"Satco Products, Satco, S3703, Wattage=40, 40W Incan Med 27K, Yellow",40 YELLOW,SATCO S3703,"SATCO, 40",,"Discover the Satco® product, engineered for outstanding performance and lasting durability. With a focus on quality and efficiency, this product is the perfect addition to any modern home.",,,,,,,,,,,,,,,,,,,,,,,,,,,Wattage,40,W,Wattage Rating,40,,Color,Yellow,,,,,,,,,,,,,,,,,,,,,,,,,,,,,,,,,,,,,,,,,,,,,,,,,,,,,,,,,,,,,,,,,,,,,,,,,,,,,,,,,,,,,,,,,,,,,,,,,,,,,,,,,,,,,,,,,,,,,,,,,,,,,,,,,,,,,,,,,,,,,,,,,,39112100,,,,,,,,,,,,,,,,,,,70%,No
,,,,,,,Lighting,LED,,,S3797,S3797 4W Incan Cand 27K 2pk,,,Satco,Satco Prod Inc (5573),Satco Products,Satco®,Satco®,S3797,,Lighting>LED,"Satco Products, Satco, S3797, Wattage=4, 4W Incan Cand 27K 2pk, Yellow",4 YELLOW,SATCO S3797,"SATCO, 4",,"Discover the Satco® product, engineered for outstanding performance and lasting durability. With a focus on quality and efficiency, this product is the perfect addition to any modern home.",,,,,,,,,,,,,,,,,,,,,,,,,,,Wattage,4,W,Wattage Rating,4,,Color,Yellow,,,,,,,,,,,,,,,,,,,,,,,,,,,,,,,,,,,,,,,,,,,,,,,,,,,,,,,,,,,,,,,,,,,,,,,,,,,,,,,,,,,,,,,,,,,,,,,,,,,,,,,,,,,,,,,,,,,,,,,,,,,,,,,,,,,,,,,,,,,,,,,,,,39112100,,,,,,,,,,,,,,,,,,,70%,No
,,,,,,,Lighting,LED,,,S4724,S4724 4W Incan Cand 27K 4pk,,,Satco,Satco Prod Inc (5573),Satco Products,Satco®,Satco®,S4724,,Lighting>LED,"Satco Products, Satco, S4724, Wattage=4, 4W Incan Cand 27K 4pk, Yellow",4 YELLOW,SATCO S4724,"SATCO, 4",,"Discover the Satco® product, engineered for outstanding performance and lasting durability. With a focus on quality and efficiency, this product is the perfect addition to any modern home.",,,,,,,,,,,,,,,,,,,,,,,,,,,Wattage,4,W,Wattage Rating,4,,Color,Yellow,,,,,,,,,,,,,,,,,,,,,,,,,,,,,,,,,,,,,,,,,,,,,,,,,,,,,,,,,,,,,,,,,,,,,,,,,,,,,,,,,,,,,,,,,,,,,,,,,,,,,,,,,,,,,,,,,,,,,,,,,,,,,,,,,,,,,,,,,,,,,,,,,,39112100,,,,,,,,,,,,,,,,,,,70%,No
,,,,,,,Lighting,LED,,,S4717,S4717 6W Incan Cand 27k 2pk,,,Satco,Satco Prod Inc (5573),Satco Products,Satco®,Satco®,S4717,,Lighting>LED,"Satco Products, Satco, S4717, Wattage=6, 6W Incan Cand 27k 2pk, Yellow",6 YELLOW,SATCO S4717,"SATCO, 6",,"Discover the Satco® product, engineered for outstanding performance and lasting durability. With a focus on quality and efficiency, this product is the perfect addition to any modern home.",,,,,,,,,,,,,,,,,,,,,,,,,,,Wattage,6,W,Wattage Rating,6,,Color,Yellow,,,,,,,,,,,,,,,,,,,,,,,,,,,,,,,,,,,,,,,,,,,,,,,,,,,,,,,,,,,,,,,,,,,,,,,,,,,,,,,,,,,,,,,,,,,,,,,,,,,,,,,,,,,,,,,,,,,,,,,,,,,,,,,,,,,,,,,,,,,,,,,,,,39112100,,,,,,,,,,,,,,,,,,,70%,No
,,,,,,,Lighting,LED,,,S3794,S3794 7W Incan Med 27K,,,Satco,Satco Prod Inc (5573),Satco Products,Satco®,Satco®,S3794,,Lighting>LED,"Satco Products, Satco, S3794, Wattage=7, 7W Incan Med 27K, Yellow",7 YELLOW,SATCO S3794,"SATCO, 7",,"Discover the Satco® product, engineered for outstanding performance and lasting durability. With a focus on quality and efficiency, this product is the perfect addition to any modern home.",,,,,,,,,,,,,,,,,,,,,,,,,,,Wattage,7,W,Wattage Rating,7,,Color,Yellow,,,,,,,,,,,,,,,,,,,,,,,,,,,,,,,,,,,,,,,,,,,,,,,,,,,,,,,,,,,,,,,,,,,,,,,,,,,,,,,,,,,,,,,,,,,,,,,,,,,,,,,,,,,,,,,,,,,,,,,,,,,,,,,,,,,,,,,,,,,,,,,,,,39112100,,,,,,,,,,,,,,,,,,,70%,No
,,,,,,,Lighting,LED,,,S3795,S3795 7W Incan Med 27K,,,Satco,Satco Prod Inc (5573),Satco Products,Satco®,Satco®,S3795,,Lighting>LED,"Satco Products, Satco, S3795, Wattage=7, 7W Incan Med 27K, Yellow",7 YELLOW,SATCO S3795,"SATCO, 7",,"Discover the Satco® product, engineered for outstanding performance and lasting durability. With a focus on quality and efficiency, this product is the perfect addition to any modern home.",,,,,,,,,,,,,,,,,,,,,,,,,,,Wattage,7,W,Wattage Rating,7,,Color,Yellow,,,,,,,,,,,,,,,,,,,,,,,,,,,,,,,,,,,,,,,,,,,,,,,,,,,,,,,,,,,,,,,,,,,,,,,,,,,,,,,,,,,,,,,,,,,,,,,,,,,,,,,,,,,,,,,,,,,,,,,,,,,,,,,,,,,,,,,,,,,,,,,,,,39112100,,,,,,,,,,,,,,,,,,,70%,No
,,,,,,,Lighting,LED,,,S4726,S4726 7W Incan Cand 27K 4pk,,,Satco,Satco Prod Inc (5573),Satco Products,Satco®,Satco®,S4726,,Lighting>LED,"Satco Products, Satco, S4726, Wattage=7, 7W Incan Cand 27K 4pk, Yellow",7 YELLOW,SATCO S4726,"SATCO, 7",,"Discover the Satco® product, engineered for outstanding performance and lasting durability. With a focus on quality and efficiency, this product is the perfect addition to any modern home.",,,,,,,,,,,,,,,,,,,,,,,,,,,Wattage,7,W,Wattage Rating,7,,Color,Yellow,,,,,,,,,,,,,,,,,,,,,,,,,,,,,,,,,,,,,,,,,,,,,,,,,,,,,,,,,,,,,,,,,,,,,,,,,,,,,,,,,,,,,,,,,,,,,,,,,,,,,,,,,,,,,,,,,,,,,,,,,,,,,,,,,,,,,,,,,,,,,,,,,,39112100,,,,,,,,,,,,,,,,,,,70%,No
,,,,,,,Lighting,LED,,,S11429,S11429 60W Led Bulb 27K,,,Satco,Satco Prod Inc (5573),Satco Products,Satco®,Satco®,S11429,,Lighting>LED,"Satco Products, Satco, LED, S11429, Wattage=60, 60W Led Bulb 27K, Yellow",LED 60W,SATCO S11429 LED With LED,"SATCO, LED, With LED, 60","LED, LED","Upgrade your home with the Satco® LED, designed to deliver exceptional performance and reliability. Featuring LED, this LED combines innovative technology with sleek design to meet your everyday needs.",LED,,,,,,,,,,,,,,,,,,,,With LED,,,LED,,LED,Wattage,60,W,Wattage Rating,60,,Color,Yellow,,Feature,LED,,,,,,,,,,,,,,,,,,,,,,,,,,,,,,,,,,,,,,,,,,,,,,,,,,,,,,,,,,,,,,,,,,,,,,,,,,,,,,,,,,,,,,,,,,,,,,,,,,,,,,,,,,,,,,,,,,,,,,,,,,,,,,,,,,,,,,,,,,,,,,,39112100,,,,,,,,,,,,,,,,,,,70%,No
,,,,,,,Lighting,LED,,,S21354,S21354 8W Led T9 Med 27k,,,,Satco Prod Inc (5573),Southwire Company,Southwire®,Southwire®,S21354,,Lighting>LED,"Southwire Company, Southwire, LED, S21354, Wattage=8, 8W Led T9 Med 27k, Yellow",LED 8 YELLOW,SOUTHWIRE S21354 LED With LED,"SOUTHWIRE, LED, With LED, 8","LED, LED","Upgrade your home with the Southwire® LED, designed to deliver exceptional performance and reliability. Featuring LED, this LED combines innovative technology with sleek design to meet your everyday needs.",LED,,,,,,,,,,,,,,,,,,,,With LED,,,LED,,LED,Wattage,8,W,Wattage Rating,8,,Color,Yellow,,Feature,LED,,,,,,,,,,,,,,,,,,,,,,,,,,,,,,,,,,,,,,,,,,,,,,,,,,,,,,,,,,,,,,,,,,,,,,,,,,,,,,,,,,,,,,,,,,,,,,,,,,,,,,,,,,,,,,,,,,,,,,,,,,,,,,,,,,,,,,,,,,,,,,,39112100,,,,,,,,,,,,,,,,,,,70%,No
,,,,,,,Lighting,LED,,,S21363,S21363 8W Led Edison ST19 27K,,,,Satco Prod Inc (5573),Southwire Company,Southwire®,Southwire®,S21363,,Lighting>LED,"Southwire Company, Southwire, LED, S21363, Wattage=8, Base Type=Edison",LED 8W EDISON,SOUTHWIRE S21363 LED With LED,"SOUTHWIRE, LED, With LED, 8","LED, LED","Upgrade your home with the Southwire® LED, designed to deliver exceptional performance and reliability. Featuring LED, this LED combines innovative technology with sleek design to meet your everyday needs.",LED,,,,,,,,,,,,,,,,,,,,With LED,,,LED,,LED,Wattage,8,W,Base Type,Edison,,Wattage Rating,8,,Color,Yellow,,Feature,LED,,,,,,,,,,,,,,,,,,,,,,,,,,,,,,,,,,,,,,,,,,,,,,,,,,,,,,,,,,,,,,,,,,,,,,,,,,,,,,,,,,,,,,,,,,,,,,,,,,,,,,,,,,,,,,,,,,,,,,,,,,,,,,,,,,,,,,,,,,,,39112100,,,,,,,,,,,,,,,,,,,75%,No
,,,,,,,Lighting,LED,,,S11445,S11445 12W Led Med 30k Motion,,,,Satco Prod Inc (5573),Satco Products,Satco®,Satco®,S11445,,Lighting>LED,"Satco Products, Satco, LED, S11445, Wattage=12, 12W Led Med 30k Motion, Yellow",LED 12W,SATCO S11445 LED With LED,"SATCO, LED, With LED, 12","LED, LED","Upgrade your home with the Satco® LED, designed to deliver exceptional performance and reliability. Featuring LED, this LED combines innovative technology with sleek design to meet your everyday needs.",LED,,,,,,,,,,,,,,,,,,,,With LED,,,LED,,LED,Wattage,12,W,Wattage Rating,12,,Color,Yellow,,Feature,LED,,,,,,,,,,,,,,,,,,,,,,,,,,,,,,,,,,,,,,,,,,,,,,,,,,,,,,,,,,,,,,,,,,,,,,,,,,,,,,,,,,,,,,,,,,,,,,,,,,,,,,,,,,,,,,,,,,,,,,,,,,,,,,,,,,,,,,,,,,,,,,,39112100,,,,,,,,,,,,,,,,,,,70%,No
,,,,,,,Lighting,LED,,,567313,567313 50W Led MR16 30K 3pk,,,Philips,Phillips Lighting (5831),Signify North America,Philips®,Philips®,567313,,Lighting>LED,"Signify North America, Philips, LED, 567313, Wattage=50, 50W Led MR16 30K 3pk",LED 50W,PHILIPS 567313 LED With LED,"PHILIPS, LED, With LED, 50","LED, LED","Upgrade your home with the Philips® LED, designed to deliver exceptional performance and reliability. Featuring LED, this LED combines innovative technology with sleek design to meet your everyday needs.",LED,,,,,,,,,,,,,,,,,,,,With LED,,,LED,,LED,Wattage,50,W,Wattage Rating,50,,Color,Yellow,,Feature,LED,,,,,,,,,,,,,,,,,,,,,,,,,,,,,,,,,,,,,,,,,,,,,,,,,,,,,,,,,,,,,,,,,,,,,,,,,,,,,,,,,,,,,,,,,,,,,,,,,,,,,,,,,,,,,,,,,,,,,,,,,,,,,,,,,,,,,,,,,,,,,,,39112100,,,,,,,,,,,,,,,,,,,70%,No
,,,,,,,Lighting,LED,,,586875,586875 60W Led Multi CCT 4pk,,,Philips,Phillips Lighting (5831),Signify North America,Philips®,Philips®,586875,,Lighting>LED,"Signify North America, Philips, LED, 586875, Wattage=60, CCT=Multi CCT",LED 60W,PHILIPS 586875 LED With LED,"PHILIPS, LED, With LED, 60","LED, LED","Upgrade your home with the Philips® LED, designed to deliver exceptional performance and reliability. Featuring LED, this LED combines innovative technology with sleek design to meet your everyday needs.",LED,,,,,,,,,,,,,,,,,,,,With LED,,,LED,,LED,Wattage,60,W,CCT,Multi CCT,,Wattage Rating,60,,Color,Yellow,,Feature,LED,,,,,,,,,,,,,,,,,,,,,,,,,,,,,,,,,,,,,,,,,,,,,,,,,,,,,,,,,,,,,,,,,,,,,,,,,,,,,,,,,,,,,,,,,,,,,,,,,,,,,,,,,,,,,,,,,,,,,,,,,,,,,,,,,,,,,,,,,,,,39112100,,,,,,,,,,,,,,,,,,,75%,No
,,,,,,,Lighting,LED,,,576355,576355 60/100/150 Led Med 50k,,,Philips,Phillips Lighting (5831),Signify North America,Philips®,Philips®,576355,,Lighting>LED,"Signify North America, Philips, LED, 576355, 60/100/150 Led Med 50k, Yellow",LED YELLOW,PHILIPS 576355 LED With LED,"PHILIPS, LED, With LED","LED, LED","Upgrade your home with the Philips® LED, designed to deliver exceptional performance and reliability. Featuring LED, this LED combines innovative technology with sleek design to meet your everyday needs.",LED,,,,,,,,,,,,,,,,,,,,With LED,,,LED,,LED,Color,Yellow,,Feature,LED,,,,,,,,,,,,,,,,,,,,,,,,,,,,,,,,,,,,,,,,,,,,,,,,,,,,,,,,,,,,,,,,,,,,,,,,,,,,,,,,,,,,,,,,,,,,,,,,,,,,,,,,,,,,,,,,,,,,,,,,,,,,,,,,,,,,,,,,,,,,,,,,,,,,,39112100,,,,,,,,,,,,,,,,,,,65%,No
,,,,,,,Lighting,LED,,,576363,576363 100/150/200 Led Med 27k,,,Philips,Phillips Lighting (5831),Signify North America,Philips®,Philips®,576363,,Lighting>LED,"Signify North America, Philips, LED, 576363, 100/150/200 Led Med 27k, Yellow",LED YELLOW,PHILIPS 576363 LED With LED,"PHILIPS, LED, With LED","LED, LED","Upgrade your home with the Philips® LED, designed to deliver exceptional performance and reliability. Featuring LED, this LED combines innovative technology with sleek design to meet your everyday needs.",LED,,,,,,,,,,,,,,,,,,,,With LED,,,LED,,LED,Color,Yellow,,Feature,LED,,,,,,,,,,,,,,,,,,,,,,,,,,,,,,,,,,,,,,,,,,,,,,,,,,,,,,,,,,,,,,,,,,,,,,,,,,,,,,,,,,,,,,,,,,,,,,,,,,,,,,,,,,,,,,,,,,,,,,,,,,,,,,,,,,,,,,,,,,,,,,,,,,,,,39112100,,,,,,,,,,,,,,,,,,,65%,No
,,,,,,,Lighting,LED,,,565374,565374 75W Led A19 Med 27k 4pk,,,Philips,Phillips Lighting (5831),Signify North America,Philips®,Philips®,565374,,Lighting>LED,"Signify North America, Philips, LED, 565374, Wattage=75, 75W Led A19 Med 27k 4pk",LED 75W,PHILIPS 565374 LED With LED,"PHILIPS, LED, With LED, 75","LED, LED","Upgrade your home with the Philips® LED, designed to deliver exceptional performance and reliability. Featuring LED, this LED combines innovative technology with sleek design to meet your everyday needs.",LED,,,,,,,,,,,,,,,,,,,,With LED,,,LED,,LED,Wattage,75,W,Wattage Rating,75,,Color,Yellow,,Feature,LED,,,,,,,,,,,,,,,,,,,,,,,,,,,,,,,,,,,,,,,,,,,,,,,,,,,,,,,,,,,,,,,,,,,,,,,,,,,,,,,,,,,,,,,,,,,,,,,,,,,,,,,,,,,,,,,,,,,,,,,,,,,,,,,,,,,,,,,,,,,,,,,39112100,,,,,,,,,,,,,,,,,,,70%,No
,,,,,,,Lighting,LED,,,565390,565390 75W Led A19 Med 50k 4pk,,,Philips,Phillips Lighting (5831),Signify North America,Philips®,Philips®,565390,,Lighting>LED,"Signify North America, Philips, LED, 565390, Wattage=75, 75W Led A19 Med 50k 4pk",LED 75W,PHILIPS 565390 LED With LED,"PHILIPS, LED, With LED, 75","LED, LED","Upgrade your home with the Philips® LED, designed to deliver exceptional performance and reliability. Featuring LED, this LED combines innovative technology with sleek design to meet your everyday needs.",LED,,,,,,,,,,,,,,,,,,,,With LED,,,LED,,LED,Wattage,75,W,Wattage Rating,75,,Color,Yellow,,Feature,LED,,,,,,,,,,,,,,,,,,,,,,,,,,,,,,,,,,,,,,,,,,,,,,,,,,,,,,,,,,,,,,,,,,,,,,,,,,,,,,,,,,,,,,,,,,,,,,,,,,,,,,,,,,,,,,,,,,,,,,,,,,,,,,,,,,,,,,,,,,,,,,,39112100,,,,,,,,,,,,,,,,,,,70%,No
,,,,,,,Lighting,LED,,,576371,576371 100/150/200 Led Med 50k,,,Philips,Phillips Lighting (5831),Signify North America,Philips®,Philips®,576371,,Lighting>LED,"Signify North America, Philips, LED, 576371, 100/150/200 Led Med 50k, Yellow",LED YELLOW,PHILIPS 576371 LED With LED,"PHILIPS, LED, With LED","LED, LED","Upgrade your home with the Philips® LED, designed to deliver exceptional performance and reliability. Featuring LED, this LED combines innovative technology with sleek design to meet your everyday needs.",LED,,,,,,,,,,,,,,,,,,,,With LED,,,LED,,LED,Color,Yellow,,Feature,LED,,,,,,,,,,,,,,,,,,,,,,,,,,,,,,,,,,,,,,,,,,,,,,,,,,,,,,,,,,,,,,,,,,,,,,,,,,,,,,,,,,,,,,,,,,,,,,,,,,,,,,,,,,,,,,,,,,,,,,,,,,,,,,,,,,,,,,,,,,,,,,,,,,,,,39112100,,,,,,,,,,,,,,,,,,,65%,No
,,,,,,,Lighting,LED,,,576496,576496 45W Led R20 Med 27k,,,Philips,Phillips Lighting (5831),Signify North America,Philips®,Philips®,576496,,Lighting>LED,"Signify North America, Philips, LED, 576496, Wattage=45, 45W Led R20 Med 27k",LED 45W,PHILIPS 576496 LED With LED,"PHILIPS, LED, With LED, 45","LED, LED","Upgrade your home with the Philips® LED, designed to deliver exceptional performance and reliability. Featuring LED, this LED combines innovative technology with sleek design to meet your everyday needs.",LED,,,,,,,,,,,,,,,,,,,,With LED,,,LED,,LED,Wattage,45,W,Wattage Rating,45,,Color,Yellow,,Feature,LED,,,,,,,,,,,,,,,,,,,,,,,,,,,,,,,,,,,,,,,,,,,,,,,,,,,,,,,,,,,,,,,,,,,,,,,,,,,,,,,,,,,,,,,,,,,,,,,,,,,,,,,,,,,,,,,,,,,,,,,,,,,,,,,,,,,,,,,,,,,,,,,39112100,,,,,,,,,,,,,,,,,,,70%,No
,,,,,,,Lighting,LED,,,564856,564856 40W Led ST19 27k 2pk,,,Philips,Phillips Lighting (5831),Signify North America,Philips®,Philips®,564856,,Lighting>LED,"Signify North America, Philips, LED, 564856, Wattage=40, 40W Led ST19 27k 2pk",LED 40W,PHILIPS 564856 LED With LED,"PHILIPS, LED, With LED, 40","LED, LED","Upgrade your home with the Philips® LED, designed to deliver exceptional performance and reliability. Featuring LED, this LED combines innovative technology with sleek design to meet your everyday needs.",LED,,,,,,,,,,,,,,,,,,,,With LED,,,LED,,LED,Wattage,40,W,Wattage Rating,40,,Color,Yellow,,Feature,LED,,,,,,,,,,,,,,,,,,,,,,,,,,,,,,,,,,,,,,,,,,,,,,,,,,,,,,,,,,,,,,,,,,,,,,,,,,,,,,,,,,,,,,,,,,,,,,,,,,,,,,,,,,,,,,,,,,,,,,,,,,,,,,,,,,,,,,,,,,,,,,,39112100,,,,,,,,,,,,,,,,,,,70%,No
,,,,,,,Lighting,LED,,,565796,565796 60W Led A19 Med 20k,,,Philips,Phillips Lighting (5831),Signify North America,Philips®,Philips®,565796,,Lighting>LED,"Signify North America, Philips, LED, 565796, Wattage=60, 60W Led A19 Med 20k",LED 60W,PHILIPS 565796 LED With LED,"PHILIPS, LED, With LED, 60","LED, LED","Upgrade your home with the Philips® LED, designed to deliver exceptional performance and reliability. Featuring LED, this LED combines innovative technology with sleek design to meet your everyday needs.",LED,,,,,,,,,,,,,,,,,,,,With LED,,,LED,,LED,Wattage,60,W,Wattage Rating,60,,Color,Yellow,,Feature,LED,,,,,,,,,,,,,,,,,,,,,,,,,,,,,,,,,,,,,,,,,,,,,,,,,,,,,,,,,,,,,,,,,,,,,,,,,,,,,,,,,,,,,,,,,,,,,,,,,,,,,,,,,,,,,,,,,,,,,,,,,,,,,,,,,,,,,,,,,,,,,,,39112100,,,,,,,,,,,,,,,,,,,70%,No
,,,,,,,Lighting,LED,,,576389,576389 100/200/300 Led Med 27k,,,Philips,Phillips Lighting (5831),Signify North America,Philips®,Philips®,576389,,Lighting>LED,"Signify North America, Philips, LED, 576389, 100/200/300 Led Med 27k, Yellow",LED YELLOW,PHILIPS 576389 LED With LED,"PHILIPS, LED, With LED","LED, LED","Upgrade your home with the Philips® LED, designed to deliver exceptional performance and reliability. Featuring LED, this LED combines innovative technology with sleek design to meet your everyday needs.",LED,,,,,,,,,,,,,,,,,,,,With LED,,,LED,,LED,Color,Yellow,,Feature,LED,,,,,,,,,,,,,,,,,,,,,,,,,,,,,,,,,,,,,,,,,,,,,,,,,,,,,,,,,,,,,,,,,,,,,,,,,,,,,,,,,,,,,,,,,,,,,,,,,,,,,,,,,,,,,,,,,,,,,,,,,,,,,,,,,,,,,,,,,,,,,,,,,,,,,39112100,,,,,,,,,,,,,,,,,,,65%,No
,,,,,,,Lighting,LED,,,564492,564492 75W Adj Base 27k 3pk,,,Philips,Phillips Lighting (5831),Signify North America,Philips®,Philips®,564492,,Lighting>LED,"Signify North America, Philips, 564492, Wattage=75, 75W Adj Base 27k 3pk, Yellow",75 YELLOW,PHILIPS 564492,"PHILIPS, 75",,"Discover the Philips® product, engineered for outstanding performance and lasting durability. With a focus on quality and efficiency, this product is the perfect addition to any modern home.",,,,,,,,,,,,,,,,,,,,,,,,,,,Wattage,75,W,Wattage Rating,75,,Color,Yellow,,,,,,,,,,,,,,,,,,,,,,,,,,,,,,,,,,,,,,,,,,,,,,,,,,,,,,,,,,,,,,,,,,,,,,,,,,,,,,,,,,,,,,,,,,,,,,,,,,,,,,,,,,,,,,,,,,,,,,,,,,,,,,,,,,,,,,,,,,,,,,,,,,39112100,,,,,,,,,,,,,,,,,,,70%,No
,,,,,,,Lighting,LED,,,603449,603449 Wiz 60W Led Med Clr Ch,,,Wiz,Phillips Lighting (5831),Phillips Lighting,Wiz®,Wiz®,603449,,Lighting>LED,"Phillips Lighting, Wiz, LED, 603449, Wattage=60, Wiz 60W Led Med Clr Ch, Yellow",LED 60W,WIZ 603449 LED With LED,"WIZ, LED, With LED, 60","LED, LED","Upgrade your home with the Wiz® LED, designed to deliver exceptional performance and reliability. Featuring LED, this LED combines innovative technology with sleek design to meet your everyday needs.",LED,,,,,,,,,,,,,,,,,,,,With LED,,,LED,,LED,Wattage,60,W,Wattage Rating,60,,Color,Yellow,,Feature,LED,,,,,,,,,,,,,,,,,,,,,,,,,,,,,,,,,,,,,,,,,,,,,,,,,,,,,,,,,,,,,,,,,,,,,,,,,,,,,,,,,,,,,,,,,,,,,,,,,,,,,,,,,,,,,,,,,,,,,,,,,,,,,,,,,,,,,,,,,,,,,,,39112100,,,,,,,,,,,,,,,,,,,60%,No
,,,,,,,Lighting,LED,,,586909,586909 Led 60W Med A19 27K,,,Philips,Phillips Lighting (5831),Signify North America,Philips®,Philips®,586909,,Lighting>LED,"Signify North America, Philips, LED, 586909, Wattage=60, Led 60W Med A19 27K",LED 60W,PHILIPS 586909 LED With LED,"PHILIPS, LED, With LED, 60","LED, LED","Upgrade your home with the Philips® LED, designed to deliver exceptional performance and reliability. Featuring LED, this LED combines innovative technology with sleek design to meet your everyday needs.",LED,,,,,,,,,,,,,,,,,,,,With LED,,,LED,,LED,Wattage,60,W,Wattage Rating,60,,Color,Yellow,,Feature,LED,,,,,,,,,,,,,,,,,,,,,,,,,,,,,,,,,,,,,,,,,,,,,,,,,,,,,,,,,,,,,,,,,,,,,,,,,,,,,,,,,,,,,,,,,,,,,,,,,,,,,,,,,,,,,,,,,,,,,,,,,,,,,,,,,,,,,,,,,,,,,,,39112100,,,,,,,,,,,,,,,,,,,70%,No
,,,,,,,Lighting,LED,,,566364,566364 75W Led ST19 27k 4pk,,,Philips,Phillips Lighting (5831),Signify North America,Philips®,Philips®,566364,,Lighting>LED,"Signify North America, Philips, LED, 566364, Wattage=75, 75W Led ST19 27k 4pk",LED 75W,PHILIPS 566364 LED With LED,"PHILIPS, LED, With LED, 75","LED, LED","Upgrade your home with the Philips® LED, designed to deliver exceptional performance and reliability. Featuring LED, this LED combines innovative technology with sleek design to meet your everyday needs.",LED,,,,,,,,,,,,,,,,,,,,With LED,,,LED,,LED,Wattage,75,W,Wattage Rating,75,,Color,Yellow,,Feature,LED,,,,,,,,,,,,,,,,,,,,,,,,,,,,,,,,,,,,,,,,,,,,,,,,,,,,,,,,,,,,,,,,,,,,,,,,,,,,,,,,,,,,,,,,,,,,,,,,,,,,,,,,,,,,,,,,,,,,,,,,,,,,,,,,,,,,,,,,,,,,,,,39112100,,,,,,,,,,,,,,,,,,,70%,No
,,,,,,,Lighting,LED,,,576397,576394 100/200/300 Led A23 50k,,,Philips,Phillips Lighting (5831),Signify North America,Philips®,Philips®,576397,,Lighting>LED,"Signify North America, Philips, LED, 576397, 576394 100/200/300 Led A23 50k",LED YELLOW,PHILIPS 576397 LED With LED,"PHILIPS, LED, With LED","LED, LED","Upgrade your home with the Philips® LED, designed to deliver exceptional performance and reliability. Featuring LED, this LED combines innovative technology with sleek design to meet your everyday needs.",LED,,,,,,,,,,,,,,,,,,,,With LED,,,LED,,LED,Color,Yellow,,Feature,LED,,,,,,,,,,,,,,,,,,,,,,,,,,,,,,,,,,,,,,,,,,,,,,,,,,,,,,,,,,,,,,,,,,,,,,,,,,,,,,,,,,,,,,,,,,,,,,,,,,,,,,,,,,,,,,,,,,,,,,,,,,,,,,,,,,,,,,,,,,,,,,,,,,,,,39112100,,,,,,,,,,,,,,,,,,,65%,No
,,,,,,,Lighting,LED,,,571497,571497 150W Led Med 27k,,,Philips,Phillips Lighting (5831),Signify North America,Philips®,Philips®,571497,,Lighting>LED,"Signify North America, Philips, LED, 571497, Wattage=150, 150W Led Med 27k",LED 150W,PHILIPS 571497 LED With LED,"PHILIPS, LED, With LED, 150","LED, LED","Upgrade your home with the Philips® LED, designed to deliver exceptional performance and reliability. Featuring LED, this LED combines innovative technology with sleek design to meet your everyday needs.",LED,,,,,,,,,,,,,,,,,,,,With LED,,,LED,,LED,Wattage,150,W,Wattage Rating,150,,Color,Yellow,,Feature,LED,,,,,,,,,,,,,,,,,,,,,,,,,,,,,,,,,,,,,,,,,,,,,,,,,,,,,,,,,,,,,,,,,,,,,,,,,,,,,,,,,,,,,,,,,,,,,,,,,,,,,,,,,,,,,,,,,,,,,,,,,,,,,,,,,,,,,,,,,,,,,,,39112100,,,,,,,,,,,,,,,,,,,70%,No
,,,,,,,Lighting,LED,,,576306,576306 40W Led A19 5CCT 4pk,,,Philips,Phillips Lighting (5831),Signify North America,Philips®,Philips®,576306,,Lighting>LED,"Signify North America, Philips, LED, 576306, Wattage=40, 40W Led A19 5CCT 4pk",LED 40W,PHILIPS 576306 LED With LED,"PHILIPS, LED, With LED, 40","LED, LED","Upgrade your home with the Philips® LED, designed to deliver exceptional performance and reliability. Featuring LED, this LED combines innovative technology with sleek design to meet your everyday needs.",LED,,,,,,,,,,,,,,,,,,,,With LED,,,LED,,LED,Wattage,40,W,Wattage Rating,40,,Color,Yellow,,Feature,LED,,,,,,,,,,,,,,,,,,,,,,,,,,,,,,,,,,,,,,,,,,,,,,,,,,,,,,,,,,,,,,,,,,,,,,,,,,,,,,,,,,,,,,,,,,,,,,,,,,,,,,,,,,,,,,,,,,,,,,,,,,,,,,,,,,,,,,,,,,,,,,,39112100,,,,,,,,,,,,,,,,,,,70%,No
,,,,,,,Lighting,LED,,,588533,588533 40W Led Cand 3pk,,,Philips,Phillips Lighting (5831),Signify North America,Philips®,Philips®,588533,,Lighting>LED,"Signify North America, Philips, LED, 588533, Wattage=40, 40W Led Cand 3pk",LED 40W,PHILIPS 588533 LED With LED,"PHILIPS, LED, With LED, 40","LED, LED","Upgrade your home with the Philips® LED, designed to deliver exceptional performance and reliability. Featuring LED, this LED combines innovative technology with sleek design to meet your everyday needs.",LED,,,,,,,,,,,,,,,,,,,,With LED,,,LED,,LED,Wattage,40,W,Wattage Rating,40,,Color,Yellow,,Feature,LED,,,,,,,,,,,,,,,,,,,,,,,,,,,,,,,,,,,,,,,,,,,,,,,,,,,,,,,,,,,,,,,,,,,,,,,,,,,,,,,,,,,,,,,,,,,,,,,,,,,,,,,,,,,,,,,,,,,,,,,,,,,,,,,,,,,,,,,,,,,,,,,39112100,,,,,,,,,,,,,,,,,,,70%,No
,,,,,,,Lighting,LED,,,576520,576520 65W Led Med 27k,,,Philips,Phillips Lighting (5831),Signify North America,Philips®,Philips®,576520,,Lighting>LED,"Signify North America, Philips, LED, 576520, Wattage=65, 65W Led Med 27k, Yellow",LED 65W,PHILIPS 576520 LED With LED,"PHILIPS, LED, With LED, 65","LED, LED","Upgrade your home with the Philips® LED, designed to deliver exceptional performance and reliability. Featuring LED, this LED combines innovative technology with sleek design to meet your everyday needs.",LED,,,,,,,,,,,,,,,,,,,,With LED,,,LED,,LED,Wattage,65,W,Wattage Rating,65,,Color,Yellow,,Feature,LED,,,,,,,,,,,,,,,,,,,,,,,,,,,,,,,,,,,,,,,,,,,,,,,,,,,,,,,,,,,,,,,,,,,,,,,,,,,,,,,,,,,,,,,,,,,,,,,,,,,,,,,,,,,,,,,,,,,,,,,,,,,,,,,,,,,,,,,,,,,,,,,39112100,,,,,,,,,,,,,,,,,,,70%,No
,,,,,,,Lighting,LED,,,574004,574004 75W Led ST19 27k 2pk,,,Philips,Phillips Lighting (5831),Signify North America,Philips®,Philips®,574004,,Lighting>LED,"Signify North America, Philips, LED, 574004, Wattage=75, 75W Led ST19 27k 2pk",LED 75W,PHILIPS 574004 LED With LED,"PHILIPS, LED, With LED, 75","LED, LED","Upgrade your home with the Philips® LED, designed to deliver exceptional performance and reliability. Featuring LED, this LED combines innovative technology with sleek design to meet your everyday needs.",LED,,,,,,,,,,,,,,,,,,,,With LED,,,LED,,LED,Wattage,75,W,Wattage Rating,75,,Color,Yellow,,Feature,LED,,,,,,,,,,,,,,,,,,,,,,,,,,,,,,,,,,,,,,,,,,,,,,,,,,,,,,,,,,,,,,,,,,,,,,,,,,,,,,,,,,,,,,,,,,,,,,,,,,,,,,,,,,,,,,,,,,,,,,,,,,,,,,,,,,,,,,,,,,,,,,,39112100,,,,,,,,,,,,,,,,,,,70%,No
,,,,,,,Lighting,LED,,,574012,574012 75W Led ST19 50k 2pk,,,Philips,Phillips Lighting (5831),Signify North America,Philips®,Philips®,574012,,Lighting>LED,"Signify North America, Philips, LED, 574012, Wattage=75, 75W Led ST19 50k 2pk",LED 75W,PHILIPS 574012 LED With LED,"PHILIPS, LED, With LED, 75","LED, LED","Upgrade your home with the Philips® LED, designed to deliver exceptional performance and reliability. Featuring LED, this LED combines innovative technology with sleek design to meet your everyday needs.",LED,,,,,,,,,,,,,,,,,,,,With LED,,,LED,,LED,Wattage,75,W,Wattage Rating,75,,Color,Yellow,,Feature,LED,,,,,,,,,,,,,,,,,,,,,,,,,,,,,,,,,,,,,,,,,,,,,,,,,,,,,,,,,,,,,,,,,,,,,,,,,,,,,,,,,,,,,,,,,,,,,,,,,,,,,,,,,,,,,,,,,,,,,,,,,,,,,,,,,,,,,,,,,,,,,,,39112100,,,,,,,,,,,,,,,,,,,70%,No
,,,,,,,Lighting,LED,,,573971,573971 75W Led ST19 20k 4pk,,,Philips,Phillips Lighting (5831),Signify North America,Philips®,Philips®,573971,,Lighting>LED,"Signify North America, Philips, LED, 573971, Wattage=75, 75W Led ST19 20k 4pk",LED 75W,PHILIPS 573971 LED With LED,"PHILIPS, LED, With LED, 75","LED, LED","Upgrade your home with the Philips® LED, designed to deliver exceptional performance and reliability. Featuring LED, this LED combines innovative technology with sleek design to meet your everyday needs.",LED,,,,,,,,,,,,,,,,,,,,With LED,,,LED,,LED,Wattage,75,W,Wattage Rating,75,,Color,Yellow,,Feature,LED,,,,,,,,,,,,,,,,,,,,,,,,,,,,,,,,,,,,,,,,,,,,,,,,,,,,,,,,,,,,,,,,,,,,,,,,,,,,,,,,,,,,,,,,,,,,,,,,,,,,,,,,,,,,,,,,,,,,,,,,,,,,,,,,,,,,,,,,,,,,,,,39112100,,,,,,,,,,,,,,,,,,,70%,No
,,,,,,,Lighting,LED,,,573989,573989 40W Led Med 27K 4pk,,,Philips,Phillips Lighting (5831),Signify North America,Philips®,Philips®,573989,,Lighting>LED,"Signify North America, Philips, LED, 573989, Wattage=40, 40W Led Med 27K 4pk",LED 40W,PHILIPS 573989 LED With LED,"PHILIPS, LED, With LED, 40","LED, LED","Upgrade your home with the Philips® LED, designed to deliver exceptional performance and reliability. Featuring LED, this LED combines innovative technology with sleek design to meet your everyday needs.",LED,,,,,,,,,,,,,,,,,,,,With LED,,,LED,,LED,Wattage,40,W,Wattage Rating,40,,Color,Yellow,,Feature,LED,,,,,,,,,,,,,,,,,,,,,,,,,,,,,,,,,,,,,,,,,,,,,,,,,,,,,,,,,,,,,,,,,,,,,,,,,,,,,,,,,,,,,,,,,,,,,,,,,,,,,,,,,,,,,,,,,,,,,,,,,,,,,,,,,,,,,,,,,,,,,,,39112100,,,,,,,,,,,,,,,,,,,70%,No
,,,,,,,Lighting,LED,,,576769,576769 65W Led BR30 Med 27k,,,Philips,Phillips Lighting (5831),Signify North America,Philips®,Philips®,576769,,Lighting>LED,"Signify North America, Philips, LED, 576769, Wattage=65, 65W Led BR30 Med 27k",LED 65W,PHILIPS 576769 LED With LED,"PHILIPS, LED, With LED, 65","LED, LED","Upgrade your home with the Philips® LED, designed to deliver exceptional performance and reliability. Featuring LED, this LED combines innovative technology with sleek design to meet your everyday needs.",LED,,,,,,,,,,,,,,,,,,,,With LED,,,LED,,LED,Wattage,65,W,Wattage Rating,65,,Color,Yellow,,Feature,LED,,,,,,,,,,,,,,,,,,,,,,,,,,,,,,,,,,,,,,,,,,,,,,,,,,,,,,,,,,,,,,,,,,,,,,,,,,,,,,,,,,,,,,,,,,,,,,,,,,,,,,,,,,,,,,,,,,,,,,,,,,,,,,,,,,,,,,,,,,,,,,,39112100,,,,,,,,,,,,,,,,,,,70%,No
,,,,,,,Lighting,LED,,,567446,567446 60W Led Med 50K 3pk,,,Philips,Phillips Lighting (5831),Signify North America,Philips®,Philips®,567446,,Lighting>LED,"Signify North America, Philips, LED, 567446, Wattage=60, 60W Led Med 50K 3pk",LED 60W,PHILIPS 567446 LED With LED,"PHILIPS, LED, With LED, 60","LED, LED","Upgrade your home with the Philips® LED, designed to deliver exceptional performance and reliability. Featuring LED, this LED combines innovative technology with sleek design to meet your everyday needs.",LED,,,,,,,,,,,,,,,,,,,,With LED,,,LED,,LED,Wattage,60,W,Wattage Rating,60,,Color,Yellow,,Feature,LED,,,,,,,,,,,,,,,,,,,,,,,,,,,,,,,,,,,,,,,,,,,,,,,,,,,,,,,,,,,,,,,,,,,,,,,,,,,,,,,,,,,,,,,,,,,,,,,,,,,,,,,,,,,,,,,,,,,,,,,,,,,,,,,,,,,,,,,,,,,,,,,39112100,,,,,,,,,,,,,,,,,,,70%,No
,,,,,,,Lighting,LED,,,573997,573997 40W Led Med 50k 4pk,,,Philips,Phillips Lighting (5831),Signify North America,Philips®,Philips®,573997,,Lighting>LED,"Signify North America, Philips, LED, 573997, Wattage=40, 40W Led Med 50k 4pk",LED 40W,PHILIPS 573997 LED With LED,"PHILIPS, LED, With LED, 40","LED, LED","Upgrade your home with the Philips® LED, designed to deliver exceptional performance and reliability. Featuring LED, this LED combines innovative technology with sleek design to meet your everyday needs.",LED,,,,,,,,,,,,,,,,,,,,With LED,,,LED,,LED,Wattage,40,W,Wattage Rating,40,,Color,Yellow,,Feature,LED,,,,,,,,,,,,,,,,,,,,,,,,,,,,,,,,,,,,,,,,,,,,,,,,,,,,,,,,,,,,,,,,,,,,,,,,,,,,,,,,,,,,,,,,,,,,,,,,,,,,,,,,,,,,,,,,,,,,,,,,,,,,,,,,,,,,,,,,,,,,,,,39112100,,,,,,,,,,,,,,,,,,,70%,No
,,,,,,,Lighting,LED,,,571463,571463 100W Led BR30 Med 50k,,,Philips,Phillips Lighting (5831),Signify North America,Philips®,Philips®,571463,,Lighting>LED,"Signify North America, Philips, LED, 571463, Wattage=100, 100W Led BR30 Med 50k",LED 100W,PHILIPS 571463 LED With LED,"PHILIPS, LED, With LED, 100","LED, LED","Upgrade your home with the Philips® LED, designed to deliver exceptional performance and reliability. Featuring LED, this LED combines innovative technology with sleek design to meet your everyday needs.",LED,,,,,,,,,,,,,,,,,,,,With LED,,,LED,,LED,Wattage,100,W,Wattage Rating,100,,Color,Yellow,,Feature,LED,,,,,,,,,,,,,,,,,,,,,,,,,,,,,,,,,,,,,,,,,,,,,,,,,,,,,,,,,,,,,,,,,,,,,,,,,,,,,,,,,,,,,,,,,,,,,,,,,,,,,,,,,,,,,,,,,,,,,,,,,,,,,,,,,,,,,,,,,,,,,,,39112100,,,,,,,,,,,,,,,,,,,70%,No
,,,,,,,Lighting,LED,,,576512,576512 65W Led BR40 Med 27k,,,Philips,Phillips Lighting (5831),Signify North America,Philips®,Philips®,576512,,Lighting>LED,"Signify North America, Philips, LED, 576512, Wattage=65, 65W Led BR40 Med 27k",LED 65W,PHILIPS 576512 LED With LED,"PHILIPS, LED, With LED, 65","LED, LED","Upgrade your home with the Philips® LED, designed to deliver exceptional performance and reliability. Featuring LED, this LED combines innovative technology with sleek design to meet your everyday needs.",LED,,,,,,,,,,,,,,,,,,,,With LED,,,LED,,LED,Wattage,65,W,Wattage Rating,65,,Color,Yellow,,Feature,LED,,,,,,,,,,,,,,,,,,,,,,,,,,,,,,,,,,,,,,,,,,,,,,,,,,,,,,,,,,,,,,,,,,,,,,,,,,,,,,,,,,,,,,,,,,,,,,,,,,,,,,,,,,,,,,,,,,,,,,,,,,,,,,,,,,,,,,,,,,,,,,,39112100,,,,,,,,,,,,,,,,,,,70%,No
,,,,,,,Lighting,LED,,,581181,581181 40W Led Med 2pk,,,Philips,Phillips Lighting (5831),Signify North America,Philips®,Philips®,581181,,Lighting>LED,"Signify North America, Philips, LED, 581181, Wattage=40, 40W Led Med 2pk, Yellow",LED 40W,PHILIPS 581181 LED With LED,"PHILIPS, LED, With LED, 40","LED, LED","Upgrade your home with the Philips® LED, designed to deliver exceptional performance and reliability. Featuring LED, this LED combines innovative technology with sleek design to meet your everyday needs.",LED,,,,,,,,,,,,,,,,,,,,With LED,,,LED,,LED,Wattage,40,W,Wattage Rating,40,,Color,Yellow,,Feature,LED,,,,,,,,,,,,,,,,,,,,,,,,,,,,,,,,,,,,,,,,,,,,,,,,,,,,,,,,,,,,,,,,,,,,,,,,,,,,,,,,,,,,,,,,,,,,,,,,,,,,,,,,,,,,,,,,,,,,,,,,,,,,,,,,,,,,,,,,,,,,,,,39112100,,,,,,,,,,,,,,,,,,,70%,No
,,,,,,,Lighting,LED,,,GT-CB-100C,GTCB100C Led 100W Cob Bulb,,,GT-Lite,Keystone (5702),Keystone,GT-Lite®,GT-Lite®,GT-CB-100C,,Lighting>LED,"Keystone, GT-Lite, LED, GT-CB-100C, Wattage=100, GTCB100C Led 100W Cob Bulb",LED 240V 30A 27IN 7.2 100 YELLOW,GT-LITE GT-CB-100C LED With LED,"GT-LITE, LED, With LED, 240 Voltage, 30 Amperage, 27 Width, 7.2 Capacity, 100","LED, LED","Upgrade your home with the GT-Lite® LED, designed to deliver exceptional performance and reliability. Featuring LED, this LED combines innovative technology with sleek design to meet your everyday needs.",LED,,,,,,,,,,,,,,,,,,,,With LED,,,LED,,LED,Wattage,100,W,Wattage Rating,100,,Voltage Rating,240,,Amperage Rating,30,,Capacity,7.2,,Width,27,,Color,Yellow,,Feature,LED,,,,,,,,,,,,,,,,,,,,,,,,,,,,,,,,,,,,,,,,,,,,,,,,,,,,,,,,,,,,,,,,,,,,,,,,,,,,,,,,,,,,,,,,,,,,,,,,,,,,,,,,,,,,,,,,,,,,,,,,,,,,,,,,,,,39112100,,,,,,,,,27,,,,,,,,,,65%,No
,,,,,,,Lighting,LED,,,566430,566430 75W Led Med 50k 4pk,,,Philips,Phillips Lighting (5831),Signify North America,Philips®,Philips®,566430,,Lighting>LED,"Signify North America, Philips, LED, 566430, Wattage=75, 75W Led Med 50k 4pk",LED 75W,PHILIPS 566430 LED With LED,"PHILIPS, LED, With LED, 75","LED, LED","Upgrade your home with the Philips® LED, designed to deliver exceptional performance and reliability. Featuring LED, this LED combines innovative technology with sleek design to meet your everyday needs.",LED,,,,,,,,,,,,,,,,,,,,With LED,,,LED,,LED,Wattage,75,W,Wattage Rating,75,,Color,Yellow,,Feature,LED,,,,,,,,,,,,,,,,,,,,,,,,,,,,,,,,,,,,,,,,,,,,,,,,,,,,,,,,,,,,,,,,,,,,,,,,,,,,,,,,,,,,,,,,,,,,,,,,,,,,,,,,,,,,,,,,,,,,,,,,,,,,,,,,,,,,,,,,,,,,,,,39112100,,,,,,,,,,,,,,,,,,,70%,No
,,,,,,,Lighting,LED,,,568337,568337 120W Led Par38 Med 50k,,,Philips,Phillips Lighting (5831),Signify North America,Philips®,Philips®,568337,,Lighting>LED,"Signify North America, Philips, LED, 568337, Wattage=120, 120W Led Par38 Med 50k",LED 120W,PHILIPS 568337 LED With LED,"PHILIPS, LED, With LED, 120","LED, LED","Upgrade your home with the Philips® LED, designed to deliver exceptional performance and reliability. Featuring LED, this LED combines innovative technology with sleek design to meet your everyday needs.",LED,,,,,,,,,,,,,,,,,,,,With LED,,,LED,,LED,Wattage,120,W,Wattage Rating,120,,Color,Yellow,,Feature,LED,,,,,,,,,,,,,,,,,,,,,,,,,,,,,,,,,,,,,,,,,,,,,,,,,,,,,,,,,,,,,,,,,,,,,,,,,,,,,,,,,,,,,,,,,,,,,,,,,,,,,,,,,,,,,,,,,,,,,,,,,,,,,,,,,,,,,,,,,,,,,,,39112100,,,,,,,,,,,,,,,,,,,70%,No
,,,,,,,Lighting,LED,,,565788,565788 40W Led A19 Med 27k,,,Philips,Phillips Lighting (5831),Signify North America,Philips®,Philips®,565788,,Lighting>LED,"Signify North America, Philips, LED, 565788, Wattage=40, 40W Led A19 Med 27k",LED 40W,PHILIPS 565788 LED With LED,"PHILIPS, LED, With LED, 40","LED, LED","Upgrade your home with the Philips® LED, designed to deliver exceptional performance and reliability. Featuring LED, this LED combines innovative technology with sleek design to meet your everyday needs.",LED,,,,,,,,,,,,,,,,,,,,With LED,,,LED,,LED,Wattage,40,W,Wattage Rating,40,,Color,Yellow,,Feature,LED,,,,,,,,,,,,,,,,,,,,,,,,,,,,,,,,,,,,,,,,,,,,,,,,,,,,,,,,,,,,,,,,,,,,,,,,,,,,,,,,,,,,,,,,,,,,,,,,,,,,,,,,,,,,,,,,,,,,,,,,,,,,,,,,,,,,,,,,,,,,,,,39112100,,,,,,,,,,,,,,,,,,,70%,No
,,,,,,,Lighting,LED,,,565770,565770 40W Led A19 Med 50k,,,Philips,Phillips Lighting (5831),Signify North America,Philips®,Philips®,565770,,Lighting>LED,"Signify North America, Philips, LED, 565770, Wattage=40, 40W Led A19 Med 50k",LED 40W,PHILIPS 565770 LED With LED,"PHILIPS, LED, With LED, 40","LED, LED","Upgrade your home with the Philips® LED, designed to deliver exceptional performance and reliability. Featuring LED, this LED combines innovative technology with sleek design to meet your everyday needs.",LED,,,,,,,,,,,,,,,,,,,,With LED,,,LED,,LED,Wattage,40,W,Wattage Rating,40,,Color,Yellow,,Feature,LED,,,,,,,,,,,,,,,,,,,,,,,,,,,,,,,,,,,,,,,,,,,,,,,,,,,,,,,,,,,,,,,,,,,,,,,,,,,,,,,,,,,,,,,,,,,,,,,,,,,,,,,,,,,,,,,,,,,,,,,,,,,,,,,,,,,,,,,,,,,,,,,39112100,,,,,,,,,,,,,,,,,,,70%,No
,,,,,,,Lighting,LED,,,573436,573436 60W Led A19 Med 27k 2pk,,,Philips,Phillips Lighting (5831),Signify North America,Philips®,Philips®,573436,,Lighting>LED,"Signify North America, Philips, LED, 573436, Wattage=60, 60W Led A19 Med 27k 2pk",LED 60W,PHILIPS 573436 LED With LED,"PHILIPS, LED, With LED, 60","LED, LED","Upgrade your home with the Philips® LED, designed to deliver exceptional performance and reliability. Featuring LED, this LED combines innovative technology with sleek design to meet your everyday needs.",LED,,,,,,,,,,,,,,,,,,,,With LED,,,LED,,LED,Wattage,60,W,Wattage Rating,60,,Color,Yellow,,Feature,LED,,,,,,,,,,,,,,,,,,,,,,,,,,,,,,,,,,,,,,,,,,,,,,,,,,,,,,,,,,,,,,,,,,,,,,,,,,,,,,,,,,,,,,,,,,,,,,,,,,,,,,,,,,,,,,,,,,,,,,,,,,,,,,,,,,,,,,,,,,,,,,,39112100,,,,,,,,,,,,,,,,,,,70%,No
,,,,,,,Lighting,LED,,,576538,576538 65W Led BR30 Med 50k,,,Philips,Phillips Lighting (5831),Signify North America,Philips®,Philips®,576538,,Lighting>LED,"Signify North America, Philips, LED, 576538, Wattage=65, 65W Led BR30 Med 50k",LED 65W,PHILIPS 576538 LED With LED,"PHILIPS, LED, With LED, 65","LED, LED","Upgrade your home with the Philips® LED, designed to deliver exceptional performance and reliability. Featuring LED, this LED combines innovative technology with sleek design to meet your everyday needs.",LED,,,,,,,,,,,,,,,,,,,,With LED,,,LED,,LED,Wattage,65,W,Wattage Rating,65,,Color,Yellow,,Feature,LED,,,,,,,,,,,,,,,,,,,,,,,,,,,,,,,,,,,,,,,,,,,,,,,,,,,,,,,,,,,,,,,,,,,,,,,,,,,,,,,,,,,,,,,,,,,,,,,,,,,,,,,,,,,,,,,,,,,,,,,,,,,,,,,,,,,,,,,,,,,,,,,39112100,,,,,,,,,,,,,,,,,,,70%,No
,,,,,,,Lighting,LED,,,573451,573451 40W Led Med 27k 2pk,,,Philips,Phillips Lighting (5831),Signify North America,Philips®,Philips®,573451,,Lighting>LED,"Signify North America, Philips, LED, 573451, Wattage=40, 40W Led Med 27k 2pk",LED 40W,PHILIPS 573451 LED With LED,"PHILIPS, LED, With LED, 40","LED, LED","Upgrade your home with the Philips® LED, designed to deliver exceptional performance and reliability. Featuring LED, this LED combines innovative technology with sleek design to meet your everyday needs.",LED,,,,,,,,,,,,,,,,,,,,With LED,,,LED,,LED,Wattage,40,W,Wattage Rating,40,,Color,Yellow,,Feature,LED,,,,,,,,,,,,,,,,,,,,,,,,,,,,,,,,,,,,,,,,,,,,,,,,,,,,,,,,,,,,,,,,,,,,,,,,,,,,,,,,,,,,,,,,,,,,,,,,,,,,,,,,,,,,,,,,,,,,,,,,,,,,,,,,,,,,,,,,,,,,,,,39112100,,,,,,,,,,,,,,,,,,,70%,No
,,,,,,,Lighting,LED,,,586883,586883 100W Led Multi CCT 2pk,,,Philips,Phillips Lighting (5831),Signify North America,Philips®,Philips®,586883,,Lighting>LED,"Signify North America, Philips, LED, 586883, Wattage=100, CCT=Multi CCT",LED 100W,PHILIPS 586883 LED With LED,"PHILIPS, LED, With LED, 100","LED, LED","Upgrade your home with the Philips® LED, designed to deliver exceptional performance and reliability. Featuring LED, this LED combines innovative technology with sleek design to meet your everyday needs.",LED,,,,,,,,,,,,,,,,,,,,With LED,,,LED,,LED,Wattage,100,W,CCT,Multi CCT,,Wattage Rating,100,,Color,Yellow,,Feature,LED,,,,,,,,,,,,,,,,,,,,,,,,,,,,,,,,,,,,,,,,,,,,,,,,,,,,,,,,,,,,,,,,,,,,,,,,,,,,,,,,,,,,,,,,,,,,,,,,,,,,,,,,,,,,,,,,,,,,,,,,,,,,,,,,,,,,,,,,,,,,39112100,,,,,,,,,,,,,,,,,,,75%,No
,,,,,,,Lighting,LED,,,586859,586859 40W Led Med 27K Back Up,,,Philips,Phillips Lighting (5831),Signify North America,Philips®,Philips®,586859,,Lighting>LED,"Signify North America, Philips, LED, 586859, Wattage=40, 40W Led Med 27K Back Up",LED 40W,PHILIPS 586859 LED With LED,"PHILIPS, LED, With LED, 40","LED, LED","Upgrade your home with the Philips® LED, designed to deliver exceptional performance and reliability. Featuring LED, this LED combines innovative technology with sleek design to meet your everyday needs.",LED,,,,,,,,,,,,,,,,,,,,With LED,,,LED,,LED,Wattage,40,W,Wattage Rating,40,,Color,Yellow,,Feature,LED,,,,,,,,,,,,,,,,,,,,,,,,,,,,,,,,,,,,,,,,,,,,,,,,,,,,,,,,,,,,,,,,,,,,,,,,,,,,,,,,,,,,,,,,,,,,,,,,,,,,,,,,,,,,,,,,,,,,,,,,,,,,,,,,,,,,,,,,,,,,,,,39112100,,,,,,,,,,,,,,,,,,,70%,No
,,,,,,,Lighting,LED,,,576488,576488 45W Led R20 Med 50k,,,Philips,Phillips Lighting (5831),Signify North America,Philips®,Philips®,576488,,Lighting>LED,"Signify North America, Philips, LED, 576488, Wattage=45, 45W Led R20 Med 50k",LED 45W,PHILIPS 576488 LED With LED,"PHILIPS, LED, With LED, 45","LED, LED","Upgrade your home with the Philips® LED, designed to deliver exceptional performance and reliability. Featuring LED, this LED combines innovative technology with sleek design to meet your everyday needs.",LED,,,,,,,,,,,,,,,,,,,,With LED,,,LED,,LED,Wattage,45,W,Wattage Rating,45,,Color,Yellow,,Feature,LED,,,,,,,,,,,,,,,,,,,,,,,,,,,,,,,,,,,,,,,,,,,,,,,,,,,,,,,,,,,,,,,,,,,,,,,,,,,,,,,,,,,,,,,,,,,,,,,,,,,,,,,,,,,,,,,,,,,,,,,,,,,,,,,,,,,,,,,,,,,,,,,39112100,,,,,,,,,,,,,,,,,,,70%,No
,,,,,,,Lighting,LED,,,575217,575217 60W Led Med 50k 2pk,,,Philips,Phillips Lighting (5831),Signify North America,Philips®,Philips®,575217,,Lighting>LED,"Signify North America, Philips, LED, 575217, Wattage=60, 60W Led Med 50k 2pk",LED 60W,PHILIPS 575217 LED With LED,"PHILIPS, LED, With LED, 60","LED, LED","Upgrade your home with the Philips® LED, designed to deliver exceptional performance and reliability. Featuring LED, this LED combines innovative technology with sleek design to meet your everyday needs.",LED,,,,,,,,,,,,,,,,,,,,With LED,,,LED,,LED,Wattage,60,W,Wattage Rating,60,,Color,Yellow,,Feature,LED,,,,,,,,,,,,,,,,,,,,,,,,,,,,,,,,,,,,,,,,,,,,,,,,,,,,,,,,,,,,,,,,,,,,,,,,,,,,,,,,,,,,,,,,,,,,,,,,,,,,,,,,,,,,,,,,,,,,,,,,,,,,,,,,,,,,,,,,,,,,,,,39112100,,,,,,,,,,,,,,,,,,,70%,No
,,,,,,,Lighting,LED,,,586479,586479 90W Led Med Multi CCT,,,Philips,Phillips Lighting (5831),Signify North America,Philips®,Philips®,586479,,Lighting>LED,"Signify North America, Philips, LED, 586479, Wattage=90, CCT=Multi CCT",LED 90W,PHILIPS 586479 LED With LED,"PHILIPS, LED, With LED, 90","LED, LED","Upgrade your home with the Philips® LED, designed to deliver exceptional performance and reliability. Featuring LED, this LED combines innovative technology with sleek design to meet your everyday needs.",LED,,,,,,,,,,,,,,,,,,,,With LED,,,LED,,LED,Wattage,90,W,CCT,Multi CCT,,Wattage Rating,90,,Color,Yellow,,Feature,LED,,,,,,,,,,,,,,,,,,,,,,,,,,,,,,,,,,,,,,,,,,,,,,,,,,,,,,,,,,,,,,,,,,,,,,,,,,,,,,,,,,,,,,,,,,,,,,,,,,,,,,,,,,,,,,,,,,,,,,,,,,,,,,,,,,,,,,,,,,,,39112100,,,,,,,,,,,,,,,,,,,75%,No
,,,,,,,Lighting,LED,,,571471,571471 100W Led BR30 Med 27k,,,Philips,Phillips Lighting (5831),Signify North America,Philips®,Philips®,571471,,Lighting>LED,"Signify North America, Philips, LED, 571471, Wattage=100, 100W Led BR30 Med 27k",LED 100W,PHILIPS 571471 LED With LED,"PHILIPS, LED, With LED, 100","LED, LED","Upgrade your home with the Philips® LED, designed to deliver exceptional performance and reliability. Featuring LED, this LED combines innovative technology with sleek design to meet your everyday needs.",LED,,,,,,,,,,,,,,,,,,,,With LED,,,LED,,LED,Wattage,100,W,Wattage Rating,100,,Color,Yellow,,Feature,LED,,,,,,,,,,,,,,,,,,,,,,,,,,,,,,,,,,,,,,,,,,,,,,,,,,,,,,,,,,,,,,,,,,,,,,,,,,,,,,,,,,,,,,,,,,,,,,,,,,,,,,,,,,,,,,,,,,,,,,,,,,,,,,,,,,,,,,,,,,,,,,,39112100,,,,,,,,,,,,,,,,,,,70%,No
,,,,,,,Lighting,LED,,,570762,570762 50W Led Par16 30k 3pk,,,Philips,Phillips Lighting (5831),Signify North America,Philips®,Philips®,570762,,Lighting>LED,"Signify North America, Philips, LED, 570762, Wattage=50, 50W Led Par16 30k 3pk",LED 50W,PHILIPS 570762 LED With LED,"PHILIPS, LED, With LED, 50","LED, LED","Upgrade your home with the Philips® LED, designed to deliver exceptional performance and reliability. Featuring LED, this LED combines innovative technology with sleek design to meet your everyday needs.",LED,,,,,,,,,,,,,,,,,,,,With LED,,,LED,,LED,Wattage,50,W,Wattage Rating,50,,Color,Yellow,,Feature,LED,,,,,,,,,,,,,,,,,,,,,,,,,,,,,,,,,,,,,,,,,,,,,,,,,,,,,,,,,,,,,,,,,,,,,,,,,,,,,,,,,,,,,,,,,,,,,,,,,,,,,,,,,,,,,,,,,,,,,,,,,,,,,,,,,,,,,,,,,,,,,,,39112100,,,,,,,,,,,,,,,,,,,70%,No
,,,,,,,Lighting,LED,,,533352,571505 150W Led Med 50k,,,Philips,Phillips Lighting (5831),Signify North America,Philips®,Philips®,533352,,Lighting>LED,"Signify North America, Philips, LED, 533352, Wattage=150",LED 150W,PHILIPS 533352 LED With LED,"PHILIPS, LED, With LED, 150","LED, LED","Upgrade your home with the Philips® LED, designed to deliver exceptional performance and reliability. Featuring LED, this LED combines innovative technology with sleek design to meet your everyday needs.",LED,,,,,,,,,,,,,,,,,,,,With LED,,,LED,,LED,Wattage,150,W,Wattage Rating,150,,Color,Yellow,,Feature,LED,,,,,,,,,,,,,,,,,,,,,,,,,,,,,,,,,,,,,,,,,,,,,,,,,,,,,,,,,,,,,,,,,,,,,,,,,,,,,,,,,,,,,,,,,,,,,,,,,,,,,,,,,,,,,,,,,,,,,,,,,,,,,,,,,,,,,,,,,,,,,,,39112100,,,,,,,,,,,,,,,,,,,63%,No
,,,,,,,Lighting,LED,,,573519,573519 100W Led A21 27k 2pk,,,Philips,Phillips Lighting (5831),Signify North America,Philips®,Philips®,573519,,Lighting>LED,"Signify North America, Philips, LED, 573519, Wattage=100, 100W Led A21 27k 2pk",LED 100W,PHILIPS 573519 LED With LED,"PHILIPS, LED, With LED, 100","LED, LED","Upgrade your home with the Philips® LED, designed to deliver exceptional performance and reliability. Featuring LED, this LED combines innovative technology with sleek design to meet your everyday needs.",LED,,,,,,,,,,,,,,,,,,,,With LED,,,LED,,LED,Wattage,100,W,Wattage Rating,100,,Color,Yellow,,Feature,LED,,,,,,,,,,,,,,,,,,,,,,,,,,,,,,,,,,,,,,,,,,,,,,,,,,,,,,,,,,,,,,,,,,,,,,,,,,,,,,,,,,,,,,,,,,,,,,,,,,,,,,,,,,,,,,,,,,,,,,,,,,,,,,,,,,,,,,,,,,,,,,,39112100,,,,,,,,,,,,,,,,,,,70%,No
,,,,,,,Lighting,LED,,,573378,573378 60W Led Med 27k 3pk,,,Philips,Phillips Lighting (5831),Signify North America,Philips®,Philips®,573378,,Lighting>LED,"Signify North America, Philips, LED, 573378, Wattage=60, 60W Led Med 27k 3pk",LED 60W,PHILIPS 573378 LED With LED,"PHILIPS, LED, With LED, 60","LED, LED","Upgrade your home with the Philips® LED, designed to deliver exceptional performance and reliability. Featuring LED, this LED combines innovative technology with sleek design to meet your everyday needs.",LED,,,,,,,,,,,,,,,,,,,,With LED,,,LED,,LED,Wattage,60,W,Wattage Rating,60,,Color,Yellow,,Feature,LED,,,,,,,,,,,,,,,,,,,,,,,,,,,,,,,,,,,,,,,,,,,,,,,,,,,,,,,,,,,,,,,,,,,,,,,,,,,,,,,,,,,,,,,,,,,,,,,,,,,,,,,,,,,,,,,,,,,,,,,,,,,,,,,,,,,,,,,,,,,,,,,39112100,,,,,,,,,,,,,,,,,,,70%,No
,,,,,,,Lighting,LED,,,565622,565622 60W Led Med 20k,,,Philips,Phillips Lighting (5831),Signify North America,Philips®,Philips®,565622,,Lighting>LED,"Signify North America, Philips, LED, 565622, Wattage=60, 60W Led Med 20k, Yellow",LED 60W,PHILIPS 565622 LED With LED,"PHILIPS, LED, With LED, 60","LED, LED","Upgrade your home with the Philips® LED, designed to deliver exceptional performance and reliability. Featuring LED, this LED combines innovative technology with sleek design to meet your everyday needs.",LED,,,,,,,,,,,,,,,,,,,,With LED,,,LED,,LED,Wattage,60,W,Wattage Rating,60,,Color,Yellow,,Feature,LED,,,,,,,,,,,,,,,,,,,,,,,,,,,,,,,,,,,,,,,,,,,,,,,,,,,,,,,,,,,,,,,,,,,,,,,,,,,,,,,,,,,,,,,,,,,,,,,,,,,,,,,,,,,,,,,,,,,,,,,,,,,,,,,,,,,,,,,,,,,,,,,39112100,,,,,,,,,,,,,,,,,,,70%,No
,,,,,,,Lighting,LED,,,586891,586891 Led 60W Med A19 27k,,,Philips,Phillips Lighting (5831),Signify North America,Philips®,Philips®,586891,,Lighting>LED,"Signify North America, Philips, LED, 586891, Wattage=60, Led 60W Med A19 27k",LED 60W,PHILIPS 586891 LED With LED,"PHILIPS, LED, With LED, 60","LED, LED","Upgrade your home with the Philips® LED, designed to deliver exceptional performance and reliability. Featuring LED, this LED combines innovative technology with sleek design to meet your everyday needs.",LED,,,,,,,,,,,,,,,,,,,,With LED,,,LED,,LED,Wattage,60,W,Wattage Rating,60,,Color,Yellow,,Feature,LED,,,,,,,,,,,,,,,,,,,,,,,,,,,,,,,,,,,,,,,,,,,,,,,,,,,,,,,,,,,,,,,,,,,,,,,,,,,,,,,,,,,,,,,,,,,,,,,,,,,,,,,,,,,,,,,,,,,,,,,,,,,,,,,,,,,,,,,,,,,,,,,39112100,,,,,,,,,,,,,,,,,,,70%,No
,,,,,,,Lighting,LED,,,585448,585448 120W Led Motion Bulb,,,Philips,Phillips Lighting (5831),Signify North America,Philips®,Philips®,585448,,Lighting>LED,"Signify North America, Philips, LED, 585448, Wattage=120, 120W Led Motion Bulb",LED 120W,PHILIPS 585448 LED With LED,"PHILIPS, LED, With LED, 120","LED, LED","Upgrade your home with the Philips® LED, designed to deliver exceptional performance and reliability. Featuring LED, this LED combines innovative technology with sleek design to meet your everyday needs.",LED,,,,,,,,,,,,,,,,,,,,With LED,,,LED,,LED,Wattage,120,W,Wattage Rating,120,,Color,Yellow,,Feature,LED,,,,,,,,,,,,,,,,,,,,,,,,,,,,,,,,,,,,,,,,,,,,,,,,,,,,,,,,,,,,,,,,,,,,,,,,,,,,,,,,,,,,,,,,,,,,,,,,,,,,,,,,,,,,,,,,,,,,,,,,,,,,,,,,,,,,,,,,,,,,,,,39112100,,,,,,,,,,,,,,,,,,,70%,No
,,,,,,,Lighting,LED,,,573444,573444 60W Led A19 Med 50k 2pk,,,Philips,Phillips Lighting (5831),Signify North America,Philips®,Philips®,573444,,Lighting>LED,"Signify North America, Philips, LED, 573444, Wattage=60, 60W Led A19 Med 50k 2pk",LED 60W,PHILIPS 573444 LED With LED,"PHILIPS, LED, With LED, 60","LED, LED","Upgrade your home with the Philips® LED, designed to deliver exceptional performance and reliability. Featuring LED, this LED combines innovative technology with sleek design to meet your everyday needs.",LED,,,,,,,,,,,,,,,,,,,,With LED,,,LED,,LED,Wattage,60,W,Wattage Rating,60,,Color,Yellow,,Feature,LED,,,,,,,,,,,,,,,,,,,,,,,,,,,,,,,,,,,,,,,,,,,,,,,,,,,,,,,,,,,,,,,,,,,,,,,,,,,,,,,,,,,,,,,,,,,,,,,,,,,,,,,,,,,,,,,,,,,,,,,,,,,,,,,,,,,,,,,,,,,,,,,39112100,,,,,,,,,,,,,,,,,,,70%,No
,,,,,,,Lighting,LED,,,566687,566687 60W Cand Led 27k 3pk,,,Philips,Phillips Lighting (5831),Signify North America,Philips®,Philips®,566687,,Lighting>LED,"Signify North America, Philips, LED, 566687, Wattage=60, 60W Cand Led 27k 3pk",LED 60W,PHILIPS 566687 LED With LED,"PHILIPS, LED, With LED, 60","LED, LED","Upgrade your home with the Philips® LED, designed to deliver exceptional performance and reliability. Featuring LED, this LED combines innovative technology with sleek design to meet your everyday needs.",LED,,,,,,,,,,,,,,,,,,,,With LED,,,LED,,LED,Wattage,60,W,Wattage Rating,60,,Color,Yellow,,Feature,LED,,,,,,,,,,,,,,,,,,,,,,,,,,,,,,,,,,,,,,,,,,,,,,,,,,,,,,,,,,,,,,,,,,,,,,,,,,,,,,,,,,,,,,,,,,,,,,,,,,,,,,,,,,,,,,,,,,,,,,,,,,,,,,,,,,,,,,,,,,,,,,,39112100,,,,,,,,,,,,,,,,,,,70%,No
,,,,,,,Lighting,LED,,,564385,564385 40w Led Med 27k 2pk,,,Philips,Phillips Lighting (5831),Signify North America,Philips®,Philips®,564385,,Lighting>LED,"Signify North America, Philips, LED, 564385, Wattage=40, 40w Led Med 27k 2pk",LED 40W,PHILIPS 564385 LED With LED,"PHILIPS, LED, With LED, 40","LED, LED","Upgrade your home with the Philips® LED, designed to deliver exceptional performance and reliability. Featuring LED, this LED combines innovative technology with sleek design to meet your everyday needs.",LED,,,,,,,,,,,,,,,,,,,,With LED,,,LED,,LED,Wattage,40,W,Wattage Rating,40,,Color,Yellow,,Feature,LED,,,,,,,,,,,,,,,,,,,,,,,,,,,,,,,,,,,,,,,,,,,,,,,,,,,,,,,,,,,,,,,,,,,,,,,,,,,,,,,,,,,,,,,,,,,,,,,,,,,,,,,,,,,,,,,,,,,,,,,,,,,,,,,,,,,,,,,,,,,,,,,39112100,,,,,,,,,,,,,,,,,,,70%,No
,,,,,,,Lighting,LED,,,566661,566661 40W LED Cand 27k 3pk,,,Philips,Phillips Lighting (5831),Signify North America,Philips®,Philips®,566661,,Lighting>LED,"Signify North America, Philips, LED, 566661, Wattage=40, 40W LED Cand 27k 3pk",LED 40W,PHILIPS 566661 LED With LED,"PHILIPS, LED, With LED, 40","LED, LED","Upgrade your home with the Philips® LED, designed to deliver exceptional performance and reliability. Featuring LED, this LED combines innovative technology with sleek design to meet your everyday needs.",LED,,,,,,,,,,,,,,,,,,,,With LED,,,LED,,LED,Wattage,40,W,Wattage Rating,40,,Color,Yellow,,Feature,LED,,,,,,,,,,,,,,,,,,,,,,,,,,,,,,,,,,,,,,,,,,,,,,,,,,,,,,,,,,,,,,,,,,,,,,,,,,,,,,,,,,,,,,,,,,,,,,,,,,,,,,,,,,,,,,,,,,,,,,,,,,,,,,,,,,,,,,,,,,,,,,,39112100,,,,,,,,,,,,,,,,,,,70%,No
,,,,,,,Lighting,LED,,,564898,564898 60W Cand Led 50k 3pk,,,Philips,Phillips Lighting (5831),Signify North America,Philips®,Philips®,564898,,Lighting>LED,"Signify North America, Philips, LED, 564898, Wattage=60, 60W Cand Led 50k 3pk",LED 60W,PHILIPS 564898 LED With LED,"PHILIPS, LED, With LED, 60","LED, LED","Upgrade your home with the Philips® LED, designed to deliver exceptional performance and reliability. Featuring LED, this LED combines innovative technology with sleek design to meet your everyday needs.",LED,,,,,,,,,,,,,,,,,,,,With LED,,,LED,,LED,Wattage,60,W,Wattage Rating,60,,Color,Yellow,,Feature,LED,,,,,,,,,,,,,,,,,,,,,,,,,,,,,,,,,,,,,,,,,,,,,,,,,,,,,,,,,,,,,,,,,,,,,,,,,,,,,,,,,,,,,,,,,,,,,,,,,,,,,,,,,,,,,,,,,,,,,,,,,,,,,,,,,,,,,,,,,,,,,,,39112100,,,,,,,,,,,,,,,,,,,70%,No
,,,,,,,Lighting,LED,,,538319,588525 40W Led Cand 3pk,,,Philips,Phillips Lighting (5831),Signify North America,Philips®,Philips®,538319,,Lighting>LED,"Signify North America, Philips, LED, 538319, Wattage=40, 588525 40W Led Cand 3pk",LED 40W,PHILIPS 538319 LED With LED,"PHILIPS, LED, With LED, 40","LED, LED","Upgrade your home with the Philips® LED, designed to deliver exceptional performance and reliability. Featuring LED, this LED combines innovative technology with sleek design to meet your everyday needs.",LED,,,,,,,,,,,,,,,,,,,,With LED,,,LED,,LED,Wattage,40,W,Wattage Rating,40,,Color,Yellow,,Feature,LED,,,,,,,,,,,,,,,,,,,,,,,,,,,,,,,,,,,,,,,,,,,,,,,,,,,,,,,,,,,,,,,,,,,,,,,,,,,,,,,,,,,,,,,,,,,,,,,,,,,,,,,,,,,,,,,,,,,,,,,,,,,,,,,,,,,,,,,,,,,,,,,39112100,,,,,,,,,,,,,,,,,,,70%,No
,,,,,,,Lighting,LED,,,576009,576009 100W Led Par30L Med 50k,,,Philips,Phillips Lighting (5831),Signify North America,Philips®,Philips®,576009,,Lighting>LED,"Signify North America, Philips, LED, 576009, Wattage=100",LED 100W,PHILIPS 576009 LED With LED,"PHILIPS, LED, With LED, 100","LED, LED","Upgrade your home with the Philips® LED, designed to deliver exceptional performance and reliability. Featuring LED, this LED combines innovative technology with sleek design to meet your everyday needs.",LED,,,,,,,,,,,,,,,,,,,,With LED,,,LED,,LED,Wattage,100,W,Wattage Rating,100,,Color,Yellow,,Feature,LED,,,,,,,,,,,,,,,,,,,,,,,,,,,,,,,,,,,,,,,,,,,,,,,,,,,,,,,,,,,,,,,,,,,,,,,,,,,,,,,,,,,,,,,,,,,,,,,,,,,,,,,,,,,,,,,,,,,,,,,,,,,,,,,,,,,,,,,,,,,,,,,39112100,,,,,,,,,,,,,,,,,,,63%,No
,,,,,,,Lighting,LED,,,564450,564450 40W Led Cand 27k 2pk,,,Philips,Phillips Lighting (5831),Signify North America,Philips®,Philips®,564450,,Lighting>LED,"Signify North America, Philips, LED, 564450, Wattage=40, 40W Led Cand 27k 2pk",LED 40W,PHILIPS 564450 LED With LED,"PHILIPS, LED, With LED, 40","LED, LED","Upgrade your home with the Philips® LED, designed to deliver exceptional performance and reliability. Featuring LED, this LED combines innovative technology with sleek design to meet your everyday needs.",LED,,,,,,,,,,,,,,,,,,,,With LED,,,LED,,LED,Wattage,40,W,Wattage Rating,40,,Color,Yellow,,Feature,LED,,,,,,,,,,,,,,,,,,,,,,,,,,,,,,,,,,,,,,,,,,,,,,,,,,,,,,,,,,,,,,,,,,,,,,,,,,,,,,,,,,,,,,,,,,,,,,,,,,,,,,,,,,,,,,,,,,,,,,,,,,,,,,,,,,,,,,,,,,,,,,,39112100,,,,,,,,,,,,,,,,,,,70%,No
,,,,,,,Lighting,LED,,,572669,572669 60W Led F15 Med 27k,,,Philips,Phillips Lighting (5831),Signify North America,Philips®,Philips®,572669,,Lighting>LED,"Signify North America, Philips, LED, 572669, Wattage=60, 60W Led F15 Med 27k",LED 60W,PHILIPS 572669 LED With LED,"PHILIPS, LED, With LED, 60","LED, LED","Upgrade your home with the Philips® LED, designed to deliver exceptional performance and reliability. Featuring LED, this LED combines innovative technology with sleek design to meet your everyday needs.",LED,,,,,,,,,,,,,,,,,,,,With LED,,,LED,,LED,Wattage,60,W,Wattage Rating,60,,Color,Yellow,,Feature,LED,,,,,,,,,,,,,,,,,,,,,,,,,,,,,,,,,,,,,,,,,,,,,,,,,,,,,,,,,,,,,,,,,,,,,,,,,,,,,,,,,,,,,,,,,,,,,,,,,,,,,,,,,,,,,,,,,,,,,,,,,,,,,,,,,,,,,,,,,,,,,,,39112100,,,,,,,,,,,,,,,,,,,70%,No
,,,,,,,Lighting,LED,,,564906,564906 60W Led Med 27k 2pk,,,Philips,Phillips Lighting (5831),Signify North America,Philips®,Philips®,564906,,Lighting>LED,"Signify North America, Philips, LED, 564906, Wattage=60, 60W Led Med 27k 2pk",LED 60W,PHILIPS 564906 LED With LED,"PHILIPS, LED, With LED, 60","LED, LED","Upgrade your home with the Philips® LED, designed to deliver exceptional performance and reliability. Featuring LED, this LED combines innovative technology with sleek design to meet your everyday needs.",LED,,,,,,,,,,,,,,,,,,,,With LED,,,LED,,LED,Wattage,60,W,Wattage Rating,60,,Color,Yellow,,Feature,LED,,,,,,,,,,,,,,,,,,,,,,,,,,,,,,,,,,,,,,,,,,,,,,,,,,,,,,,,,,,,,,,,,,,,,,,,,,,,,,,,,,,,,,,,,,,,,,,,,,,,,,,,,,,,,,,,,,,,,,,,,,,,,,,,,,,,,,,,,,,,,,,39112100,,,,,,,,,,,,,,,,,,,70%,No
,,,,,,,Lighting,LED,,,573410,573410 40W Led A19 Med 27k 2pk,,,Philips,Phillips Lighting (5831),Signify North America,Philips®,Philips®,573410,,Lighting>LED,"Signify North America, Philips, LED, 573410, Wattage=40, 40W Led A19 Med 27k 2pk",LED 40W,PHILIPS 573410 LED With LED,"PHILIPS, LED, With LED, 40","LED, LED","Upgrade your home with the Philips® LED, designed to deliver exceptional performance and reliability. Featuring LED, this LED combines innovative technology with sleek design to meet your everyday needs.",LED,,,,,,,,,,,,,,,,,,,,With LED,,,LED,,LED,Wattage,40,W,Wattage Rating,40,,Color,Yellow,,Feature,LED,,,,,,,,,,,,,,,,,,,,,,,,,,,,,,,,,,,,,,,,,,,,,,,,,,,,,,,,,,,,,,,,,,,,,,,,,,,,,,,,,,,,,,,,,,,,,,,,,,,,,,,,,,,,,,,,,,,,,,,,,,,,,,,,,,,,,,,,,,,,,,,39112100,,,,,,,,,,,,,,,,,,,70%,No
,,,,,,,Lighting,LED,,,576504,576504 65W Led BR40 Med 50k,,,Philips,Phillips Lighting (5831),Signify North America,Philips®,Philips®,576504,,Lighting>LED,"Signify North America, Philips, LED, 576504, Wattage=65, 65W Led BR40 Med 50k",LED 65W,PHILIPS 576504 LED With LED,"PHILIPS, LED, With LED, 65","LED, LED","Upgrade your home with the Philips® LED, designed to deliver exceptional performance and reliability. Featuring LED, this LED combines innovative technology with sleek design to meet your everyday needs.",LED,,,,,,,,,,,,,,,,,,,,With LED,,,LED,,LED,Wattage,65,W,Wattage Rating,65,,Color,Yellow,,Feature,LED,,,,,,,,,,,,,,,,,,,,,,,,,,,,,,,,,,,,,,,,,,,,,,,,,,,,,,,,,,,,,,,,,,,,,,,,,,,,,,,,,,,,,,,,,,,,,,,,,,,,,,,,,,,,,,,,,,,,,,,,,,,,,,,,,,,,,,,,,,,,,,,39112100,,,,,,,,,,,,,,,,,,,70%,No
,,,,,,,Lighting,LED,,,576017,576017 100W Led Par30L Med 30k,,,Philips,Phillips Lighting (5831),Signify North America,Philips®,Philips®,576017,,Lighting>LED,"Signify North America, Philips, LED, 576017, Wattage=100",LED 100W,PHILIPS 576017 LED With LED,"PHILIPS, LED, With LED, 100","LED, LED","Upgrade your home with the Philips® LED, designed to deliver exceptional performance and reliability. Featuring LED, this LED combines innovative technology with sleek design to meet your everyday needs.",LED,,,,,,,,,,,,,,,,,,,,With LED,,,LED,,LED,Wattage,100,W,Wattage Rating,100,,Color,Yellow,,Feature,LED,,,,,,,,,,,,,,,,,,,,,,,,,,,,,,,,,,,,,,,,,,,,,,,,,,,,,,,,,,,,,,,,,,,,,,,,,,,,,,,,,,,,,,,,,,,,,,,,,,,,,,,,,,,,,,,,,,,,,,,,,,,,,,,,,,,,,,,,,,,,,,,39112100,,,,,,,,,,,,,,,,,,,63%,No
,,,,,,,Lighting,LED,,,574392,574392 40W Led B11 Med 27k 3pk,,,Philips,Phillips Lighting (5831),Signify North America,Philips®,Philips®,574392,,Lighting>LED,"Signify North America, Philips, LED, 574392, Wattage=40, 40W Led B11 Med 27k 3pk",LED 40W,PHILIPS 574392 LED With LED,"PHILIPS, LED, With LED, 40","LED, LED","Upgrade your home with the Philips® LED, designed to deliver exceptional performance and reliability. Featuring LED, this LED combines innovative technology with sleek design to meet your everyday needs.",LED,,,,,,,,,,,,,,,,,,,,With LED,,,LED,,LED,Wattage,40,W,Wattage Rating,40,,Color,Yellow,,Feature,LED,,,,,,,,,,,,,,,,,,,,,,,,,,,,,,,,,,,,,,,,,,,,,,,,,,,,,,,,,,,,,,,,,,,,,,,,,,,,,,,,,,,,,,,,,,,,,,,,,,,,,,,,,,,,,,,,,,,,,,,,,,,,,,,,,,,,,,,,,,,,,,,39112100,,,,,,,,,,,,,,,,,,,70%,No
,,,,,,,Lighting,LED,,,576751,576751 65W Led BR30 Med 3pk,,,Philips,Phillips Lighting (5831),Signify North America,Philips®,Philips®,576751,,Lighting>LED,"Signify North America, Philips, LED, 576751, Wattage=65, 65W Led BR30 Med 3pk",LED 65W,PHILIPS 576751 LED With LED,"PHILIPS, LED, With LED, 65","LED, LED","Upgrade your home with the Philips® LED, designed to deliver exceptional performance and reliability. Featuring LED, this LED combines innovative technology with sleek design to meet your everyday needs.",LED,,,,,,,,,,,,,,,,,,,,With LED,,,LED,,LED,Wattage,65,W,Wattage Rating,65,,Color,Yellow,,Feature,LED,,,,,,,,,,,,,,,,,,,,,,,,,,,,,,,,,,,,,,,,,,,,,,,,,,,,,,,,,,,,,,,,,,,,,,,,,,,,,,,,,,,,,,,,,,,,,,,,,,,,,,,,,,,,,,,,,,,,,,,,,,,,,,,,,,,,,,,,,,,,,,,39112100,,,,,,,,,,,,,,,,,,,70%,No
,,,,,,,Lighting,LED,,,583161,583161 Led 65W Med BR30 3pk,,,Philips,Phillips Lighting (5831),Signify North America,Philips®,Philips®,583161,,Lighting>LED,"Signify North America, Philips, LED, 583161, Wattage=65, Led 65W Med BR30 3pk",LED 65W,PHILIPS 583161 LED With LED,"PHILIPS, LED, With LED, 65","LED, LED","Upgrade your home with the Philips® LED, designed to deliver exceptional performance and reliability. Featuring LED, this LED combines innovative technology with sleek design to meet your everyday needs.",LED,,,,,,,,,,,,,,,,,,,,With LED,,,LED,,LED,Wattage,65,W,Wattage Rating,65,,Color,Yellow,,Feature,LED,,,,,,,,,,,,,,,,,,,,,,,,,,,,,,,,,,,,,,,,,,,,,,,,,,,,,,,,,,,,,,,,,,,,,,,,,,,,,,,,,,,,,,,,,,,,,,,,,,,,,,,,,,,,,,,,,,,,,,,,,,,,,,,,,,,,,,,,,,,,,,,39112100,,,,,,,,,,,,,,,,,,,70%,No
,,,,,,,Lighting,LED,,,566695,566695 60W Led Med 27k 3pk,,,Philips,Phillips Lighting (5831),Signify North America,Philips®,Philips®,566695,,Lighting>LED,"Signify North America, Philips, LED, 566695, Wattage=60, 60W Led Med 27k 3pk",LED 60W,PHILIPS 566695 LED With LED,"PHILIPS, LED, With LED, 60","LED, LED","Upgrade your home with the Philips® LED, designed to deliver exceptional performance and reliability. Featuring LED, this LED combines innovative technology with sleek design to meet your everyday needs.",LED,,,,,,,,,,,,,,,,,,,,With LED,,,LED,,LED,Wattage,60,W,Wattage Rating,60,,Color,Yellow,,Feature,LED,,,,,,,,,,,,,,,,,,,,,,,,,,,,,,,,,,,,,,,,,,,,,,,,,,,,,,,,,,,,,,,,,,,,,,,,,,,,,,,,,,,,,,,,,,,,,,,,,,,,,,,,,,,,,,,,,,,,,,,,,,,,,,,,,,,,,,,,,,,,,,,39112100,,,,,,,,,,,,,,,,,,,70%,No
,,,,,,,Lighting,LED,,,577007,577007 125W Led Med 30k Flood,,,Philips,Phillips Lighting (5831),Signify North America,Philips®,Philips®,577007,,Lighting>LED,"Signify North America, Philips, LED, 577007, Wattage=125, 125W Led Med 30k Flood",LED 125W,PHILIPS 577007 LED With LED,"PHILIPS, LED, With LED, 125","LED, LED","Upgrade your home with the Philips® LED, designed to deliver exceptional performance and reliability. Featuring LED, this LED combines innovative technology with sleek design to meet your everyday needs.",LED,,,,,,,,,,,,,,,,,,,,With LED,,,LED,,LED,Wattage,125,W,Wattage Rating,125,,Color,Yellow,,Feature,LED,,,,,,,,,,,,,,,,,,,,,,,,,,,,,,,,,,,,,,,,,,,,,,,,,,,,,,,,,,,,,,,,,,,,,,,,,,,,,,,,,,,,,,,,,,,,,,,,,,,,,,,,,,,,,,,,,,,,,,,,,,,,,,,,,,,,,,,,,,,,,,,39112100,,,,,,,,,,,,,,,,,,,70%,No
,,,,,,,Lighting,LED,,,566653,566653 25W Led Cand 27k 3pk,,,Philips,Phillips Lighting (5831),Signify North America,Philips®,Philips®,566653,,Lighting>LED,"Signify North America, Philips, LED, 566653, Wattage=25, 25W Led Cand 27k 3pk",LED 25W,PHILIPS 566653 LED With LED,"PHILIPS, LED, With LED, 25","LED, LED","Upgrade your home with the Philips® LED, designed to deliver exceptional performance and reliability. Featuring LED, this LED combines innovative technology with sleek design to meet your everyday needs.",LED,,,,,,,,,,,,,,,,,,,,With LED,,,LED,,LED,Wattage,25,W,Wattage Rating,25,,Color,Yellow,,Feature,LED,,,,,,,,,,,,,,,,,,,,,,,,,,,,,,,,,,,,,,,,,,,,,,,,,,,,,,,,,,,,,,,,,,,,,,,,,,,,,,,,,,,,,,,,,,,,,,,,,,,,,,,,,,,,,,,,,,,,,,,,,,,,,,,,,,,,,,,,,,,,,,,39112100,,,,,,,,,,,,,,,,,,,70%,No
,,,,,,,Lighting,LED,,,566679,566679 40W Led Med 27k 3pk,,,Philips,Phillips Lighting (5831),Signify North America,Philips®,Philips®,566679,,Lighting>LED,"Signify North America, Philips, LED, 566679, Wattage=40, 40W Led Med 27k 3pk",LED 40W,PHILIPS 566679 LED With LED,"PHILIPS, LED, With LED, 40","LED, LED","Upgrade your home with the Philips® LED, designed to deliver exceptional performance and reliability. Featuring LED, this LED combines innovative technology with sleek design to meet your everyday needs.",LED,,,,,,,,,,,,,,,,,,,,With LED,,,LED,,LED,Wattage,40,W,Wattage Rating,40,,Color,Yellow,,Feature,LED,,,,,,,,,,,,,,,,,,,,,,,,,,,,,,,,,,,,,,,,,,,,,,,,,,,,,,,,,,,,,,,,,,,,,,,,,,,,,,,,,,,,,,,,,,,,,,,,,,,,,,,,,,,,,,,,,,,,,,,,,,,,,,,,,,,,,,,,,,,,,,,39112100,,,,,,,,,,,,,,,,,,,70%,No
,,,,,,,Lighting,LED,,,573311,573311 60W Led Med 27k 2pk,,,Philips,Phillips Lighting (5831),Signify North America,Philips®,Philips®,573311,,Lighting>LED,"Signify North America, Philips, LED, 573311, Wattage=60, 60W Led Med 27k 2pk",LED 60W,PHILIPS 573311 LED With LED,"PHILIPS, LED, With LED, 60","LED, LED","Upgrade your home with the Philips® LED, designed to deliver exceptional performance and reliability. Featuring LED, this LED combines innovative technology with sleek design to meet your everyday needs.",LED,,,,,,,,,,,,,,,,,,,,With LED,,,LED,,LED,Wattage,60,W,Wattage Rating,60,,Color,Yellow,,Feature,LED,,,,,,,,,,,,,,,,,,,,,,,,,,,,,,,,,,,,,,,,,,,,,,,,,,,,,,,,,,,,,,,,,,,,,,,,,,,,,,,,,,,,,,,,,,,,,,,,,,,,,,,,,,,,,,,,,,,,,,,,,,,,,,,,,,,,,,,,,,,,,,,39112100,,,,,,,,,,,,,,,,,,,70%,No
,,,,,,,Lighting,LED,,,573394,573394 60W Led Cand 27k 2pk,,,Philips,Phillips Lighting (5831),Signify North America,Philips®,Philips®,573394,,Lighting>LED,"Signify North America, Philips, LED, 573394, Wattage=60, 60W Led Cand 27k 2pk",LED 60W,PHILIPS 573394 LED With LED,"PHILIPS, LED, With LED, 60","LED, LED","Upgrade your home with the Philips® LED, designed to deliver exceptional performance and reliability. Featuring LED, this LED combines innovative technology with sleek design to meet your everyday needs.",LED,,,,,,,,,,,,,,,,,,,,With LED,,,LED,,LED,Wattage,60,W,Wattage Rating,60,,Color,Yellow,,Feature,LED,,,,,,,,,,,,,,,,,,,,,,,,,,,,,,,,,,,,,,,,,,,,,,,,,,,,,,,,,,,,,,,,,,,,,,,,,,,,,,,,,,,,,,,,,,,,,,,,,,,,,,,,,,,,,,,,,,,,,,,,,,,,,,,,,,,,,,,,,,,,,,,39112100,,,,,,,,,,,,,,,,,,,70%,No
,,,,,,,Lighting,LED,,,573329,573329 60W Cand Led 27k 2pk,,,Philips,Phillips Lighting (5831),Signify North America,Philips®,Philips®,573329,,Lighting>LED,"Signify North America, Philips, LED, 573329, Wattage=60, 60W Cand Led 27k 2pk",LED 60W,PHILIPS 573329 LED With LED,"PHILIPS, LED, With LED, 60","LED, LED","Upgrade your home with the Philips® LED, designed to deliver exceptional performance and reliability. Featuring LED, this LED combines innovative technology with sleek design to meet your everyday needs.",LED,,,,,,,,,,,,,,,,,,,,With LED,,,LED,,LED,Wattage,60,W,Wattage Rating,60,,Color,Yellow,,Feature,LED,,,,,,,,,,,,,,,,,,,,,,,,,,,,,,,,,,,,,,,,,,,,,,,,,,,,,,,,,,,,,,,,,,,,,,,,,,,,,,,,,,,,,,,,,,,,,,,,,,,,,,,,,,,,,,,,,,,,,,,,,,,,,,,,,,,,,,,,,,,,,,,39112100,,,,,,,,,,,,,,,,,,,70%,No
,,,,,,,Lighting,LED,,,564930,564930 40W Cand Led 50k 3pk,,,Philips,Phillips Lighting (5831),Signify North America,Philips®,Philips®,564930,,Lighting>LED,"Signify North America, Philips, LED, 564930, Wattage=40, 40W Cand Led 50k 3pk",LED 40W,PHILIPS 564930 LED With LED,"PHILIPS, LED, With LED, 40","LED, LED","Upgrade your home with the Philips® LED, designed to deliver exceptional performance and reliability. Featuring LED, this LED combines innovative technology with sleek design to meet your everyday needs.",LED,,,,,,,,,,,,,,,,,,,,With LED,,,LED,,LED,Wattage,40,W,Wattage Rating,40,,Color,Yellow,,Feature,LED,,,,,,,,,,,,,,,,,,,,,,,,,,,,,,,,,,,,,,,,,,,,,,,,,,,,,,,,,,,,,,,,,,,,,,,,,,,,,,,,,,,,,,,,,,,,,,,,,,,,,,,,,,,,,,,,,,,,,,,,,,,,,,,,,,,,,,,,,,,,,,,39112100,,,,,,,,,,,,,,,,,,,70%,No
,,,,,,,Lighting,LED,,,565000,565000 60W Led Med 27k 2pk,,,Philips,Phillips Lighting (5831),Signify North America,Philips®,Philips®,565000,,Lighting>LED,"Signify North America, Philips, LED, 565000, Wattage=60, 60W Led Med 27k 2pk",LED 60W,PHILIPS 565000 LED With LED,"PHILIPS, LED, With LED, 60","LED, LED","Upgrade your home with the Philips® LED, designed to deliver exceptional performance and reliability. Featuring LED, this LED combines innovative technology with sleek design to meet your everyday needs.",LED,,,,,,,,,,,,,,,,,,,,With LED,,,LED,,LED,Wattage,60,W,Wattage Rating,60,,Color,Yellow,,Feature,LED,,,,,,,,,,,,,,,,,,,,,,,,,,,,,,,,,,,,,,,,,,,,,,,,,,,,,,,,,,,,,,,,,,,,,,,,,,,,,,,,,,,,,,,,,,,,,,,,,,,,,,,,,,,,,,,,,,,,,,,,,,,,,,,,,,,,,,,,,,,,,,,39112100,,,,,,,,,,,,,,,,,,,70%,No
,,,,,,,Lighting,LED,,,564922,564922 60W Led BA11 50k 3pk,,,Philips,Phillips Lighting (5831),Signify North America,Philips®,Philips®,564922,,Lighting>LED,"Signify North America, Philips, LED, 564922, Wattage=60, 60W Led BA11 50k 3pk",LED 60W,PHILIPS 564922 LED With LED,"PHILIPS, LED, With LED, 60","LED, LED","Upgrade your home with the Philips® LED, designed to deliver exceptional performance and reliability. Featuring LED, this LED combines innovative technology with sleek design to meet your everyday needs.",LED,,,,,,,,,,,,,,,,,,,,With LED,,,LED,,LED,Wattage,60,W,Wattage Rating,60,,Color,Yellow,,Feature,LED,,,,,,,,,,,,,,,,,,,,,,,,,,,,,,,,,,,,,,,,,,,,,,,,,,,,,,,,,,,,,,,,,,,,,,,,,,,,,,,,,,,,,,,,,,,,,,,,,,,,,,,,,,,,,,,,,,,,,,,,,,,,,,,,,,,,,,,,,,,,,,,39112100,,,,,,,,,,,,,,,,,,,70%,No
,,,,,,,Lighting,LED,,,573295,573295 40W Led Med 27k 2pk,,,Philips,Phillips Lighting (5831),Signify North America,Philips®,Philips®,573295,,Lighting>LED,"Signify North America, Philips, LED, 573295, Wattage=40, 40W Led Med 27k 2pk",LED 40W,PHILIPS 573295 LED With LED,"PHILIPS, LED, With LED, 40","LED, LED","Upgrade your home with the Philips® LED, designed to deliver exceptional performance and reliability. Featuring LED, this LED combines innovative technology with sleek design to meet your everyday needs.",LED,,,,,,,,,,,,,,,,,,,,With LED,,,LED,,LED,Wattage,40,W,Wattage Rating,40,,Color,Yellow,,Feature,LED,,,,,,,,,,,,,,,,,,,,,,,,,,,,,,,,,,,,,,,,,,,,,,,,,,,,,,,,,,,,,,,,,,,,,,,,,,,,,,,,,,,,,,,,,,,,,,,,,,,,,,,,,,,,,,,,,,,,,,,,,,,,,,,,,,,,,,,,,,,,,,,39112100,,,,,,,,,,,,,,,,,,,70%,No
,,,,,,,Lighting,LED,,,564914,564914 60W Med Led 50k 2pk,,,Philips,Phillips Lighting (5831),Signify North America,Philips®,Philips®,564914,,Lighting>LED,"Signify North America, Philips, LED, 564914, Wattage=60, 60W Med Led 50k 2pk",LED 60W,PHILIPS 564914 LED With LED,"PHILIPS, LED, With LED, 60","LED, LED","Upgrade your home with the Philips® LED, designed to deliver exceptional performance and reliability. Featuring LED, this LED combines innovative technology with sleek design to meet your everyday needs.",LED,,,,,,,,,,,,,,,,,,,,With LED,,,LED,,LED,Wattage,60,W,Wattage Rating,60,,Color,Yellow,,Feature,LED,,,,,,,,,,,,,,,,,,,,,,,,,,,,,,,,,,,,,,,,,,,,,,,,,,,,,,,,,,,,,,,,,,,,,,,,,,,,,,,,,,,,,,,,,,,,,,,,,,,,,,,,,,,,,,,,,,,,,,,,,,,,,,,,,,,,,,,,,,,,,,,39112100,,,,,,,,,,,,,,,,,,,70%,No
,,,,,,,Lighting,LED,,,573485,573485 60W Led A19 Med 50k 2pk,,,Philips,Phillips Lighting (5831),Signify North America,Philips®,Philips®,573485,,Lighting>LED,"Signify North America, Philips, LED, 573485, Wattage=60, 60W Led A19 Med 50k 2pk",LED 60W,PHILIPS 573485 LED With LED,"PHILIPS, LED, With LED, 60","LED, LED","Upgrade your home with the Philips® LED, designed to deliver exceptional performance and reliability. Featuring LED, this LED combines innovative technology with sleek design to meet your everyday needs.",LED,,,,,,,,,,,,,,,,,,,,With LED,,,LED,,LED,Wattage,60,W,Wattage Rating,60,,Color,Yellow,,Feature,LED,,,,,,,,,,,,,,,,,,,,,,,,,,,,,,,,,,,,,,,,,,,,,,,,,,,,,,,,,,,,,,,,,,,,,,,,,,,,,,,,,,,,,,,,,,,,,,,,,,,,,,,,,,,,,,,,,,,,,,,,,,,,,,,,,,,,,,,,,,,,,,,39112100,,,,,,,,,,,,,,,,,,,70%,No
,,,,,,,Lighting,LED,,,573337,573337 40W Led G25 Med 50k 2pk,,,Philips,Phillips Lighting (5831),Signify North America,Philips®,Philips®,573337,,Lighting>LED,"Signify North America, Philips, LED, 573337, Wattage=40, 40W Led G25 Med 50k 2pk",LED 40W,PHILIPS 573337 LED With LED,"PHILIPS, LED, With LED, 40","LED, LED","Upgrade your home with the Philips® LED, designed to deliver exceptional performance and reliability. Featuring LED, this LED combines innovative technology with sleek design to meet your everyday needs.",LED,,,,,,,,,,,,,,,,,,,,With LED,,,LED,,LED,Wattage,40,W,Wattage Rating,40,,Color,Yellow,,Feature,LED,,,,,,,,,,,,,,,,,,,,,,,,,,,,,,,,,,,,,,,,,,,,,,,,,,,,,,,,,,,,,,,,,,,,,,,,,,,,,,,,,,,,,,,,,,,,,,,,,,,,,,,,,,,,,,,,,,,,,,,,,,,,,,,,,,,,,,,,,,,,,,,39112100,,,,,,,,,,,,,,,,,,,70%,No
,,,,,,,Lighting,LED,,,544874,544874 32W Led T8 UBulb 40k,,,Philips,Phillips Lighting (5831),Signify North America,Philips®,Philips®,544874,,Lighting>LED,"Signify North America, Philips, LED, 544874, Wattage=32, 32W Led T8 UBulb 40k",LED 32W,PHILIPS 544874 LED With LED,"PHILIPS, LED, With LED, 32","LED, LED","Upgrade your home with the Philips® LED, designed to deliver exceptional performance and reliability. Featuring LED, this LED combines innovative technology with sleek design to meet your everyday needs.",LED,,,,,,,,,,,,,,,,,,,,With LED,,,LED,,LED,Wattage,32,W,Wattage Rating,32,,Color,Yellow,,Feature,LED,,,,,,,,,,,,,,,,,,,,,,,,,,,,,,,,,,,,,,,,,,,,,,,,,,,,,,,,,,,,,,,,,,,,,,,,,,,,,,,,,,,,,,,,,,,,,,,,,,,,,,,,,,,,,,,,,,,,,,,,,,,,,,,,,,,,,,,,,,,,,,,39112100,,,,,,,,,,,,,,,,,,,70%,No
,,,,,,,Lighting,LED,,,570846,570846 50W Led Med 22K 2pk,,,Philips,Phillips Lighting (5831),Signify North America,Philips®,Philips®,570846,,Lighting>LED,"Signify North America, Philips, LED, 570846, Wattage=50, 50W Led Med 22K 2pk",LED 50W,PHILIPS 570846 LED With LED,"PHILIPS, LED, With LED, 50","LED, LED","Upgrade your home with the Philips® LED, designed to deliver exceptional performance and reliability. Featuring LED, this LED combines innovative technology with sleek design to meet your everyday needs.",LED,,,,,,,,,,,,,,,,,,,,With LED,,,LED,,LED,Wattage,50,W,Wattage Rating,50,,Color,Yellow,,Feature,LED,,,,,,,,,,,,,,,,,,,,,,,,,,,,,,,,,,,,,,,,,,,,,,,,,,,,,,,,,,,,,,,,,,,,,,,,,,,,,,,,,,,,,,,,,,,,,,,,,,,,,,,,,,,,,,,,,,,,,,,,,,,,,,,,,,,,,,,,,,,,,,,39112100,,,,,,,,,,,,,,,,,,,70%,No
,,,,,,,Lighting,LED,,,565473,565473 60W Led A19 Bulb 2pk,,,Philips,Phillips Lighting (5831),Signify North America,Philips®,Philips®,565473,,Lighting>LED,"Signify North America, Philips, LED, 565473, Wattage=60, 60W Led A19 Bulb 2pk",LED 60W,PHILIPS 565473 LED With LED,"PHILIPS, LED, With LED, 60","LED, LED","Upgrade your home with the Philips® LED, designed to deliver exceptional performance and reliability. Featuring LED, this LED combines innovative technology with sleek design to meet your everyday needs.",LED,,,,,,,,,,,,,,,,,,,,With LED,,,LED,,LED,Wattage,60,W,Wattage Rating,60,,Color,Yellow,,Feature,LED,,,,,,,,,,,,,,,,,,,,,,,,,,,,,,,,,,,,,,,,,,,,,,,,,,,,,,,,,,,,,,,,,,,,,,,,,,,,,,,,,,,,,,,,,,,,,,,,,,,,,,,,,,,,,,,,,,,,,,,,,,,,,,,,,,,,,,,,,,,,,,,39112100,,,,,,,,,,,,,,,,,,,70%,No
,,,,,,,Lighting,LED,,,573402,573402 60W Led Med 50k 2pk,,,Philips,Phillips Lighting (5831),Signify North America,Philips®,Philips®,573402,,Lighting>LED,"Signify North America, Philips, LED, 573402, Wattage=60, 60W Led Med 50k 2pk",LED 60W,PHILIPS 573402 LED With LED,"PHILIPS, LED, With LED, 60","LED, LED","Upgrade your home with the Philips® LED, designed to deliver exceptional performance and reliability. Featuring LED, this LED combines innovative technology with sleek design to meet your everyday needs.",LED,,,,,,,,,,,,,,,,,,,,With LED,,,LED,,LED,Wattage,60,W,Wattage Rating,60,,Color,Yellow,,Feature,LED,,,,,,,,,,,,,,,,,,,,,,,,,,,,,,,,,,,,,,,,,,,,,,,,,,,,,,,,,,,,,,,,,,,,,,,,,,,,,,,,,,,,,,,,,,,,,,,,,,,,,,,,,,,,,,,,,,,,,,,,,,,,,,,,,,,,,,,,,,,,,,,39112100,,,,,,,,,,,,,,,,,,,70%,No
,,,,,,,Lighting,LED,,,573352,573352 40W Led Med 27k 2pk,,,Philips,Phillips Lighting (5831),Signify North America,Philips®,Philips®,573352,,Lighting>LED,"Signify North America, Philips, LED, 573352, Wattage=40, 40W Led Med 27k 2pk",LED 40W,PHILIPS 573352 LED With LED,"PHILIPS, LED, With LED, 40","LED, LED","Upgrade your home with the Philips® LED, designed to deliver exceptional performance and reliability. Featuring LED, this LED combines innovative technology with sleek design to meet your everyday needs.",LED,,,,,,,,,,,,,,,,,,,,With LED,,,LED,,LED,Wattage,40,W,Wattage Rating,40,,Color,Yellow,,Feature,LED,,,,,,,,,,,,,,,,,,,,,,,,,,,,,,,,,,,,,,,,,,,,,,,,,,,,,,,,,,,,,,,,,,,,,,,,,,,,,,,,,,,,,,,,,,,,,,,,,,,,,,,,,,,,,,,,,,,,,,,,,,,,,,,,,,,,,,,,,,,,,,,39112100,,,,,,,,,,,,,,,,,,,70%,No
,,,,,,,Lighting,LED,,,573428,573428 40W Med Led 50k 2pk,,,Philips,Phillips Lighting (5831),Signify North America,Philips®,Philips®,573428,,Lighting>LED,"Signify North America, Philips, LED, 573428, Wattage=40, 40W Med Led 50k 2pk",LED 40W,PHILIPS 573428 LED With LED,"PHILIPS, LED, With LED, 40","LED, LED","Upgrade your home with the Philips® LED, designed to deliver exceptional performance and reliability. Featuring LED, this LED combines innovative technology with sleek design to meet your everyday needs.",LED,,,,,,,,,,,,,,,,,,,,With LED,,,LED,,LED,Wattage,40,W,Wattage Rating,40,,Color,Yellow,,Feature,LED,,,,,,,,,,,,,,,,,,,,,,,,,,,,,,,,,,,,,,,,,,,,,,,,,,,,,,,,,,,,,,,,,,,,,,,,,,,,,,,,,,,,,,,,,,,,,,,,,,,,,,,,,,,,,,,,,,,,,,,,,,,,,,,,,,,,,,,,,,,,,,,39112100,,,,,,,,,,,,,,,,,,,70%,No
,,,,,,,Lighting,LED,,,573386,573386 60W Led Med 27k 2pk,,,Philips,Phillips Lighting (5831),Signify North America,Philips®,Philips®,573386,,Lighting>LED,"Signify North America, Philips, LED, 573386, Wattage=60, 60W Led Med 27k 2pk",LED 60W,PHILIPS 573386 LED With LED,"PHILIPS, LED, With LED, 60","LED, LED","Upgrade your home with the Philips® LED, designed to deliver exceptional performance and reliability. Featuring LED, this LED combines innovative technology with sleek design to meet your everyday needs.",LED,,,,,,,,,,,,,,,,,,,,With LED,,,LED,,LED,Wattage,60,W,Wattage Rating,60,,Color,Yellow,,Feature,LED,,,,,,,,,,,,,,,,,,,,,,,,,,,,,,,,,,,,,,,,,,,,,,,,,,,,,,,,,,,,,,,,,,,,,,,,,,,,,,,,,,,,,,,,,,,,,,,,,,,,,,,,,,,,,,,,,,,,,,,,,,,,,,,,,,,,,,,,,,,,,,,39112100,,,,,,,,,,,,,,,,,,,70%,No
,,,,,,,Lighting,LED,,,564948,564948 40W Led Med 50k 3pk,,,Philips,Phillips Lighting (5831),Signify North America,Philips®,Philips®,564948,,Lighting>LED,"Signify North America, Philips, LED, 564948, Wattage=40, 40W Led Med 50k 3pk",LED 40W,PHILIPS 564948 LED With LED,"PHILIPS, LED, With LED, 40","LED, LED","Upgrade your home with the Philips® LED, designed to deliver exceptional performance and reliability. Featuring LED, this LED combines innovative technology with sleek design to meet your everyday needs.",LED,,,,,,,,,,,,,,,,,,,,With LED,,,LED,,LED,Wattage,40,W,Wattage Rating,40,,Color,Yellow,,Feature,LED,,,,,,,,,,,,,,,,,,,,,,,,,,,,,,,,,,,,,,,,,,,,,,,,,,,,,,,,,,,,,,,,,,,,,,,,,,,,,,,,,,,,,,,,,,,,,,,,,,,,,,,,,,,,,,,,,,,,,,,,,,,,,,,,,,,,,,,,,,,,,,,39112100,,,,,,,,,,,,,,,,,,,70%,No
,,,,,,,Lighting,LED,,,573303,573303 40W Led Cand 27k 2pk,,,Philips,Phillips Lighting (5831),Signify North America,Philips®,Philips®,573303,,Lighting>LED,"Signify North America, Philips, LED, 573303, Wattage=40, 40W Led Cand 27k 2pk",LED 40W,PHILIPS 573303 LED With LED,"PHILIPS, LED, With LED, 40","LED, LED","Upgrade your home with the Philips® LED, designed to deliver exceptional performance and reliability. Featuring LED, this LED combines innovative technology with sleek design to meet your everyday needs.",LED,,,,,,,,,,,,,,,,,,,,With LED,,,LED,,LED,Wattage,40,W,Wattage Rating,40,,Color,Yellow,,Feature,LED,,,,,,,,,,,,,,,,,,,,,,,,,,,,,,,,,,,,,,,,,,,,,,,,,,,,,,,,,,,,,,,,,,,,,,,,,,,,,,,,,,,,,,,,,,,,,,,,,,,,,,,,,,,,,,,,,,,,,,,,,,,,,,,,,,,,,,,,,,,,,,,39112100,,,,,,,,,,,,,,,,,,,70%,No
,,,,,,,Lighting,LED,,,573188,573188 250W Led Par38 Med 50k,,,Philips,Phillips Lighting (5831),Signify North America,Philips®,Philips®,573188,,Lighting>LED,"Signify North America, Philips, LED, 573188, Wattage=250, 250W Led Par38 Med 50k",LED 250W,PHILIPS 573188 LED With LED,"PHILIPS, LED, With LED, 250","LED, LED","Upgrade your home with the Philips® LED, designed to deliver exceptional performance and reliability. Featuring LED, this LED combines innovative technology with sleek design to meet your everyday needs.",LED,,,,,,,,,,,,,,,,,,,,With LED,,,LED,,LED,Wattage,250,W,Wattage Rating,250,,Color,Yellow,,Feature,LED,,,,,,,,,,,,,,,,,,,,,,,,,,,,,,,,,,,,,,,,,,,,,,,,,,,,,,,,,,,,,,,,,,,,,,,,,,,,,,,,,,,,,,,,,,,,,,,,,,,,,,,,,,,,,,,,,,,,,,,,,,,,,,,,,,,,,,,,,,,,,,,39112100,,,,,,,,,,,,,,,,,,,70%,No
,,,,,,,Lighting,LED,,,573469,573469 40W Led A19 Med 50k 2pk,,,Philips,Phillips Lighting (5831),Signify North America,Philips®,Philips®,573469,,Lighting>LED,"Signify North America, Philips, LED, 573469, Wattage=40, 40W Led A19 Med 50k 2pk",LED 40W,PHILIPS 573469 LED With LED,"PHILIPS, LED, With LED, 40","LED, LED","Upgrade your home with the Philips® LED, designed to deliver exceptional performance and reliability. Featuring LED, this LED combines innovative technology with sleek design to meet your everyday needs.",LED,,,,,,,,,,,,,,,,,,,,With LED,,,LED,,LED,Wattage,40,W,Wattage Rating,40,,Color,Yellow,,Feature,LED,,,,,,,,,,,,,,,,,,,,,,,,,,,,,,,,,,,,,,,,,,,,,,,,,,,,,,,,,,,,,,,,,,,,,,,,,,,,,,,,,,,,,,,,,,,,,,,,,,,,,,,,,,,,,,,,,,,,,,,,,,,,,,,,,,,,,,,,,,,,,,,39112100,,,,,,,,,,,,,,,,,,,70%,No
,,,,,,,Lighting,LED,,,565671,565671 25W Led Med 20K,,,Philips,Phillips Lighting (5831),Signify North America,Philips®,Philips®,565671,,Lighting>LED,"Signify North America, Philips, LED, 565671, Wattage=25, 25W Led Med 20K, Yellow",LED 25W,PHILIPS 565671 LED With LED,"PHILIPS, LED, With LED, 25","LED, LED","Upgrade your home with the Philips® LED, designed to deliver exceptional performance and reliability. Featuring LED, this LED combines innovative technology with sleek design to meet your everyday needs.",LED,,,,,,,,,,,,,,,,,,,,With LED,,,LED,,LED,Wattage,25,W,Wattage Rating,25,,Color,Yellow,,Feature,LED,,,,,,,,,,,,,,,,,,,,,,,,,,,,,,,,,,,,,,,,,,,,,,,,,,,,,,,,,,,,,,,,,,,,,,,,,,,,,,,,,,,,,,,,,,,,,,,,,,,,,,,,,,,,,,,,,,,,,,,,,,,,,,,,,,,,,,,,,,,,,,,39112100,,,,,,,,,,,,,,,,,,,70%,No
,,,,,,,Lighting,LED,,,573204,573204 75W Led Par20 Med 50k,,,Philips,Phillips Lighting (5831),Signify North America,Philips®,Philips®,573204,,Lighting>LED,"Signify North America, Philips, LED, 573204, Wattage=75, 75W Led Par20 Med 50k",LED 75W,PHILIPS 573204 LED With LED,"PHILIPS, LED, With LED, 75","LED, LED","Upgrade your home with the Philips® LED, designed to deliver exceptional performance and reliability. Featuring LED, this LED combines innovative technology with sleek design to meet your everyday needs.",LED,,,,,,,,,,,,,,,,,,,,With LED,,,LED,,LED,Wattage,75,W,Wattage Rating,75,,Color,Yellow,,Feature,LED,,,,,,,,,,,,,,,,,,,,,,,,,,,,,,,,,,,,,,,,,,,,,,,,,,,,,,,,,,,,,,,,,,,,,,,,,,,,,,,,,,,,,,,,,,,,,,,,,,,,,,,,,,,,,,,,,,,,,,,,,,,,,,,,,,,,,,,,,,,,,,,39112100,,,,,,,,,,,,,,,,,,,70%,No
,,,,,,,Lighting,LED,,,581199,581199 60W Led Med 2pk,,,Philips,Phillips Lighting (5831),Signify North America,Philips®,Philips®,581199,,Lighting>LED,"Signify North America, Philips, LED, 581199, Wattage=60, 60W Led Med 2pk, Yellow",LED 60W,PHILIPS 581199 LED With LED,"PHILIPS, LED, With LED, 60","LED, LED","Upgrade your home with the Philips® LED, designed to deliver exceptional performance and reliability. Featuring LED, this LED combines innovative technology with sleek design to meet your everyday needs.",LED,,,,,,,,,,,,,,,,,,,,With LED,,,LED,,LED,Wattage,60,W,Wattage Rating,60,,Color,Yellow,,Feature,LED,,,,,,,,,,,,,,,,,,,,,,,,,,,,,,,,,,,,,,,,,,,,,,,,,,,,,,,,,,,,,,,,,,,,,,,,,,,,,,,,,,,,,,,,,,,,,,,,,,,,,,,,,,,,,,,,,,,,,,,,,,,,,,,,,,,,,,,,,,,,,,,39112100,,,,,,,,,,,,,,,,,,,70%,No
,,,,,,,Lighting,LED,,,565887,565887 60W Led Med 20k,,,Philips,Phillips Lighting (5831),Signify North America,Philips®,Philips®,565887,,Lighting>LED,"Signify North America, Philips, LED, 565887, Wattage=60, 60W Led Med 20k, Yellow",LED 60W,PHILIPS 565887 LED With LED,"PHILIPS, LED, With LED, 60","LED, LED","Upgrade your home with the Philips® LED, designed to deliver exceptional performance and reliability. Featuring LED, this LED combines innovative technology with sleek design to meet your everyday needs.",LED,,,,,,,,,,,,,,,,,,,,With LED,,,LED,,LED,Wattage,60,W,Wattage Rating,60,,Color,Yellow,,Feature,LED,,,,,,,,,,,,,,,,,,,,,,,,,,,,,,,,,,,,,,,,,,,,,,,,,,,,,,,,,,,,,,,,,,,,,,,,,,,,,,,,,,,,,,,,,,,,,,,,,,,,,,,,,,,,,,,,,,,,,,,,,,,,,,,,,,,,,,,,,,,,,,,39112100,,,,,,,,,,,,,,,,,,,70%,No
,,,,,,,Lighting,LED,,,586867,586867 60W Led Med 27K,,,Philips,Phillips Lighting (5831),Signify North America,Philips®,Philips®,586867,,Lighting>LED,"Signify North America, Philips, LED, 586867, Wattage=60, 60W Led Med 27K, Yellow",LED 60W,PHILIPS 586867 LED With LED,"PHILIPS, LED, With LED, 60","LED, LED","Upgrade your home with the Philips® LED, designed to deliver exceptional performance and reliability. Featuring LED, this LED combines innovative technology with sleek design to meet your everyday needs.",LED,,,,,,,,,,,,,,,,,,,,With LED,,,LED,,LED,Wattage,60,W,Wattage Rating,60,,Color,Yellow,,Feature,LED,,,,,,,,,,,,,,,,,,,,,,,,,,,,,,,,,,,,,,,,,,,,,,,,,,,,,,,,,,,,,,,,,,,,,,,,,,,,,,,,,,,,,,,,,,,,,,,,,,,,,,,,,,,,,,,,,,,,,,,,,,,,,,,,,,,,,,,,,,,,,,,39112100,,,,,,,,,,,,,,,,,,,70%,No
,,,,,,,Lighting,LED,,,568451,5686451 50W Led Med 50k 2pk,,,Philips,Phillips Lighting (5831),Signify North America,Philips®,Philips®,568451,,Lighting>LED,"Philips®, LED, Yellow, LED, 5686451 50W Med 50k 2pk, 568451",LED 50W,PHILIPS 568451 LED With LED,"PHILIPS, LED, With LED, 50","LED, LED","Upgrade your home with the Philips® LED, designed to deliver exceptional performance and reliability. Featuring LED, this LED combines innovative technology with sleek design to meet your everyday needs.",LED,,,,,,,,,,,,,,,,,,,,With LED,,,LED,,LED,Wattage,50,W,Wattage Rating,50,,Color,Yellow,,Feature,LED,,,,,,,,,,,,,,,,,,,,,,,,,,,,,,,,,,,,,,,,,,,,,,,,,,,,,,,,,,,,,,,,,,,,,,,,,,,,,,,,,,,,,,,,,,,,,,,,,,,,,,,,,,,,,,,,,,,,,,,,,,,,,,,,,,,,,,,,,,,,,,,39112100,,,,,,,,,,,,,,,,,,,63%,No
,,,,,,,Lighting,LED,,,568444,568444 90W Led Par38 50k 2pk,,,Philips,Phillips Lighting (5831),Signify North America,Philips®,Philips®,568444,,Lighting>LED,"Signify North America, Philips, LED, 568444, Wattage=90, 90W Led Par38 50k 2pk",LED 90W,PHILIPS 568444 LED With LED,"PHILIPS, LED, With LED, 90","LED, LED","Upgrade your home with the Philips® LED, designed to deliver exceptional performance and reliability. Featuring LED, this LED combines innovative technology with sleek design to meet your everyday needs.",LED,,,,,,,,,,,,,,,,,,,,With LED,,,LED,,LED,Wattage,90,W,Wattage Rating,90,,Color,Yellow,,Feature,LED,,,,,,,,,,,,,,,,,,,,,,,,,,,,,,,,,,,,,,,,,,,,,,,,,,,,,,,,,,,,,,,,,,,,,,,,,,,,,,,,,,,,,,,,,,,,,,,,,,,,,,,,,,,,,,,,,,,,,,,,,,,,,,,,,,,,,,,,,,,,,,,39112100,,,,,,,,,,,,,,,,,,,70%,No
,,,,,,,Lighting,LED,,,573196,573196 75W Led Med 30K,,,Philips,Phillips Lighting (5831),Signify North America,Philips®,Philips®,573196,,Lighting>LED,"Signify North America, Philips, LED, 573196, Wattage=75, 75W Led Med 30K, Yellow",LED 75W,PHILIPS 573196 LED With LED,"PHILIPS, LED, With LED, 75","LED, LED","Upgrade your home with the Philips® LED, designed to deliver exceptional performance and reliability. Featuring LED, this LED combines innovative technology with sleek design to meet your everyday needs.",LED,,,,,,,,,,,,,,,,,,,,With LED,,,LED,,LED,Wattage,75,W,Wattage Rating,75,,Color,Yellow,,Feature,LED,,,,,,,,,,,,,,,,,,,,,,,,,,,,,,,,,,,,,,,,,,,,,,,,,,,,,,,,,,,,,,,,,,,,,,,,,,,,,,,,,,,,,,,,,,,,,,,,,,,,,,,,,,,,,,,,,,,,,,,,,,,,,,,,,,,,,,,,,,,,,,,39112100,,,,,,,,,,,,,,,,,,,70%,No
,,,,,,,Lighting,LED,,,564500,564500 75W Adj Base 50k 3pk,,,Philips,Phillips Lighting (5831),Signify North America,Philips®,Philips®,564500,,Lighting>LED,"Signify North America, Philips, 564500, Wattage=75, 75W Adj Base 50k 3pk, Yellow",75 YELLOW,PHILIPS 564500,"PHILIPS, 75",,"Discover the Philips® product, engineered for outstanding performance and lasting durability. With a focus on quality and efficiency, this product is the perfect addition to any modern home.",,,,,,,,,,,,,,,,,,,,,,,,,,,Wattage,75,W,Wattage Rating,75,,Color,Yellow,,,,,,,,,,,,,,,,,,,,,,,,,,,,,,,,,,,,,,,,,,,,,,,,,,,,,,,,,,,,,,,,,,,,,,,,,,,,,,,,,,,,,,,,,,,,,,,,,,,,,,,,,,,,,,,,,,,,,,,,,,,,,,,,,,,,,,,,,,,,,,,,,,39112100,,,,,,,,,,,,,,,,,,,70%,No
,,,,,,,Lighting,LED,,,571513,571513 40/60/100 Led Med 27k,,,Philips,Phillips Lighting (5831),Signify North America,Philips®,Philips®,571513,,Lighting>LED,"Signify North America, Philips, LED, 571513, 40/60/100 Led Med 27k, Yellow",LED YELLOW,PHILIPS 571513 LED With LED,"PHILIPS, LED, With LED","LED, LED","Upgrade your home with the Philips® LED, designed to deliver exceptional performance and reliability. Featuring LED, this LED combines innovative technology with sleek design to meet your everyday needs.",LED,,,,,,,,,,,,,,,,,,,,With LED,,,LED,,LED,Color,Yellow,,Feature,LED,,,,,,,,,,,,,,,,,,,,,,,,,,,,,,,,,,,,,,,,,,,,,,,,,,,,,,,,,,,,,,,,,,,,,,,,,,,,,,,,,,,,,,,,,,,,,,,,,,,,,,,,,,,,,,,,,,,,,,,,,,,,,,,,,,,,,,,,,,,,,,,,,,,,,39112100,,,,,,,,,,,,,,,,,,,65%,No
,,,,,,,Lighting,LED,,,588566,588566 40W Led Med 55k 3pk,,,Philips,Phillips Lighting (5831),Signify North America,Philips®,Philips®,588566,,Lighting>LED,"Signify North America, Philips, LED, 588566, Wattage=40, 40W Led Med 55k 3pk",LED 40W,PHILIPS 588566 LED With LED,"PHILIPS, LED, With LED, 40","LED, LED","Upgrade your home with the Philips® LED, designed to deliver exceptional performance and reliability. Featuring LED, this LED combines innovative technology with sleek design to meet your everyday needs.",LED,,,,,,,,,,,,,,,,,,,,With LED,,,LED,,LED,Wattage,40,W,Wattage Rating,40,,Color,Yellow,,Feature,LED,,,,,,,,,,,,,,,,,,,,,,,,,,,,,,,,,,,,,,,,,,,,,,,,,,,,,,,,,,,,,,,,,,,,,,,,,,,,,,,,,,,,,,,,,,,,,,,,,,,,,,,,,,,,,,,,,,,,,,,,,,,,,,,,,,,,,,,,,,,,,,,39112100,,,,,,,,,,,,,,,,,,,70%,No
,,,,,,,Lighting,LED,,,565655,565655 25W Led A15 Med 20k,,,Philips,Phillips Lighting (5831),Signify North America,Philips®,Philips®,565655,,Lighting>LED,"Signify North America, Philips, LED, 565655, Wattage=25, 25W Led A15 Med 20k",LED 25W,PHILIPS 565655 LED With LED,"PHILIPS, LED, With LED, 25","LED, LED","Upgrade your home with the Philips® LED, designed to deliver exceptional performance and reliability. Featuring LED, this LED combines innovative technology with sleek design to meet your everyday needs.",LED,,,,,,,,,,,,,,,,,,,,With LED,,,LED,,LED,Wattage,25,W,Wattage Rating,25,,Color,Yellow,,Feature,LED,,,,,,,,,,,,,,,,,,,,,,,,,,,,,,,,,,,,,,,,,,,,,,,,,,,,,,,,,,,,,,,,,,,,,,,,,,,,,,,,,,,,,,,,,,,,,,,,,,,,,,,,,,,,,,,,,,,,,,,,,,,,,,,,,,,,,,,,,,,,,,,39112100,,,,,,,,,,,,,,,,,,,70%,No
,,,,,,,Lighting,LED,,,565812,565812 60W Med Led 50k,,,Philips,Phillips Lighting (5831),Signify North America,Philips®,Philips®,565812,,Lighting>LED,"Signify North America, Philips, LED, 565812, Wattage=60, 60W Med Led 50k, Yellow",LED 60W,PHILIPS 565812 LED With LED,"PHILIPS, LED, With LED, 60","LED, LED","Upgrade your home with the Philips® LED, designed to deliver exceptional performance and reliability. Featuring LED, this LED combines innovative technology with sleek design to meet your everyday needs.",LED,,,,,,,,,,,,,,,,,,,,With LED,,,LED,,LED,Wattage,60,W,Wattage Rating,60,,Color,Yellow,,Feature,LED,,,,,,,,,,,,,,,,,,,,,,,,,,,,,,,,,,,,,,,,,,,,,,,,,,,,,,,,,,,,,,,,,,,,,,,,,,,,,,,,,,,,,,,,,,,,,,,,,,,,,,,,,,,,,,,,,,,,,,,,,,,,,,,,,,,,,,,,,,,,,,,39112100,,,,,,,,,,,,,,,,,,,70%,No
,,,,,,,Lighting,LED,,,586917,586917 40W Led Cand 27K 2pk,,,Philips,Phillips Lighting (5831),Signify North America,Philips®,Philips®,586917,,Lighting>LED,"Signify North America, Philips, LED, 586917, Wattage=40, 40W Led Cand 27K 2pk",LED 40W,PHILIPS 586917 LED With LED,"PHILIPS, LED, With LED, 40","LED, LED","Upgrade your home with the Philips® LED, designed to deliver exceptional performance and reliability. Featuring LED, this LED combines innovative technology with sleek design to meet your everyday needs.",LED,,,,,,,,,,,,,,,,,,,,With LED,,,LED,,LED,Wattage,40,W,Wattage Rating,40,,Color,Yellow,,Feature,LED,,,,,,,,,,,,,,,,,,,,,,,,,,,,,,,,,,,,,,,,,,,,,,,,,,,,,,,,,,,,,,,,,,,,,,,,,,,,,,,,,,,,,,,,,,,,,,,,,,,,,,,,,,,,,,,,,,,,,,,,,,,,,,,,,,,,,,,,,,,,,,,39112100,,,,,,,,,,,,,,,,,,,70%,No
,,,,,,,Lighting,Wall Lights,,,46719,49719 Wall Light Motion Wh,,,,Maxsa Innovations (MAXIN),Channellock Inc,Channellock®,Channellock®,46719,,Lighting>Wall Lights,"Channellock Inc, Channellock, 46719, 49719 Wall Light Motion Wh, Yellow",49719 WALL LIGHT MOTION WH YELLOW,CHANNELLOCK 46719,CHANNELLOCK,,"Discover the Channellock® product, engineered for outstanding performance and lasting durability. With a focus on quality and efficiency, this product is the perfect addition to any modern home.",,,,,,,,,,,,,,,,,,,,,,,,,,,Color,Yellow,,,,,,,,,,,,,,,,,,,,,,,,,,,,,,,,,,,,,,,,,,,,,,,,,,,,,,,,,,,,,,,,,,,,,,,,,,,,,,,,,,,,,,,,,,,,,,,,,,,,,,,,,,,,,,,,,,,,,,,,,,,,,,,,,,,,,,,,,,,,,,,,,,,,,,,,39111600,,,,,,,,,,,,,,,,,,,65%,No
,,,,,,,Lighting,Wall Lights,,,59061BSL,59061BSL Kichler Ext Wall Lt,,,,Kichler Lighting (KICLI),Kichler Lighting,Kichler®,Kichler®,59061BSL,,Lighting>Wall Lights,"Kichler Lighting, Kichler, 59061BSL, Color=Slate, Kichler Ext Wall Lt",59061BSL KICHLER EXT WALL LT,KICHLER 59061BSL,KICHLER,,"Discover the Kichler® product, engineered for outstanding performance and lasting durability. With a focus on quality and efficiency, this product is the perfect addition to any modern home.",,,,,,,,,,,,,,,,,,,,,,,,,,,Color,Slate,,,,,,,,,,,,,,,,,,,,,,,,,,,,,,,,,,,,,,,,,,,,,,,,,,,,,,,,,,,,,,,,,,,,,,,,,,,,,,,,,,,,,,,,,,,,,,,,,,,,,,,,,,,,,,,,,,,,,,,,,,,,,,,,,,,,,,,,,,,,,,,,,,,,,,,,39111600,,,,,,,,,,,,,,,,,,,65%,No
,,,,,,,Lighting,Wall Lights,,,59062BSL,59062BSL Kichler Ext Wall Lt,,,,Kichler Lighting (KICLI),Kichler Lighting,Kichler®,Kichler®,59062BSL,,Lighting>Wall Lights,"Kichler Lighting, Kichler, 59062BSL, Color=Slate, Kichler Ext Wall Lt",59062BSL KICHLER EXT WALL LT,KICHLER 59062BSL,KICHLER,,"Discover the Kichler® product, engineered for outstanding performance and lasting durability. With a focus on quality and efficiency, this product is the perfect addition to any modern home.",,,,,,,,,,,,,,,,,,,,,,,,,,,Color,Slate,,,,,,,,,,,,,,,,,,,,,,,,,,,,,,,,,,,,,,,,,,,,,,,,,,,,,,,,,,,,,,,,,,,,,,,,,,,,,,,,,,,,,,,,,,,,,,,,,,,,,,,,,,,,,,,,,,,,,,,,,,,,,,,,,,,,,,,,,,,,,,,,,,,,,,,,39111600,,,,,,,,,,,,,,,,,,,65%,No
,,,,,,,Lighting,Wall Lights,,,59124BKT,59124BKT Kichler Ext Wall Lt,,,,Kichler Lighting (KICLI),Kichler Lighting,Kichler®,Kichler®,59124BKT,,Lighting>Wall Lights,"Kichler Lighting, Kichler, 59124BKT, Kichler Ext Wall Lt, Yellow",59124BKT KICHLER EXT WALL LT YELLOW,KICHLER 59124BKT,KICHLER,,"Discover the Kichler® product, engineered for outstanding performance and lasting durability. With a focus on quality and efficiency, this product is the perfect addition to any modern home.",,,,,,,,,,,,,,,,,,,,,,,,,,,Color,Yellow,,,,,,,,,,,,,,,,,,,,,,,,,,,,,,,,,,,,,,,,,,,,,,,,,,,,,,,,,,,,,,,,,,,,,,,,,,,,,,,,,,,,,,,,,,,,,,,,,,,,,,,,,,,,,,,,,,,,,,,,,,,,,,,,,,,,,,,,,,,,,,,,,,,,,,,,39111600,,,,,,,,,,,,,,,,,,,65%,No
,,,,,,,Building Materials,Lumber & Sheathing,Posts,,59025BK,59025BK Kichler Post Lt,,,,Kichler Lighting (KICLI),Kichler Lighting,Kichler®,Kichler®,59025BK,,Building Materials & Hardscape>Lumber & Sheathing>Posts,"Kichler Lighting, Kichler, Post, 59025BK, Color=Black, Kichler Post Lt",POST BLACK,KICHLER 59025BK Post,"KICHLER, Post",Post,"Discover the Kichler® Post, engineered for outstanding performance and lasting durability. With a focus on quality and efficiency, this Post is the perfect addition to any modern home.",,,,,,,,,,,,,,,,,,,,,,,,Post,,Post,Color,Black,,,,,,,,,,,,,,,,,,,,,,,,,,,,,,,,,,,,,,,,,,,,,,,,,,,,,,,,,,,,,,,,,,,,,,,,,,,,,,,,,,,,,,,,,,,,,,,,,,,,,,,,,,,,,,,,,,,,,,,,,,,,,,,,,,,,,,,,,,,,,,,,,,,,,,,,30112300,,,,,,,,,,,,,,,,,,,75%,No
,,,,,,,Building Materials & Hardscape,,,,DCL183,Dewalt DCL183 Light - Rechargeable,,,DEWALT,Black & Decker/dewlt (2585),Black & Decker/dewlt,DeWalt®,DeWalt®,DCL183,,Building Materials & Hardscape,"Black & Decker/dewlt, DeWalt, DCL183, Dewalt DCL183 Light - Rechargeable, Yellow",DEWALT DCL183 LIGHT - RECHARGEABLE,DEWALT DCL183 With Rechargeable,"DEWALT, With Rechargeable",Rechargeable,"Upgrade your home with the DeWalt® product, designed to deliver exceptional performance and reliability. Featuring Rechargeable, this product combines innovative technology with sleek design to meet your everyday needs.",Rechargeable,,,,,,,,,,,,,,,,,,,,With Rechargeable,,,,,,Color,Yellow,,Feature,Rechargeable,,,,,,,,,,,,,,,,,,,,,,,,,,,,,,,,,,,,,,,,,,,,,,,,,,,,,,,,,,,,,,,,,,,,,,,,,,,,,,,,,,,,,,,,,,,,,,,,,,,,,,,,,,,,,,,,,,,,,,,,,,,,,,,,,,,,,,,,,,,,,,,,,,,,,30000000,,,,,,,,,,,,,,,,,,Low Confidence,55%,No
,,,,,,,Lighting,Clips,,,73020,73020 Nano Clip Light Bk,,,,Streamlight (7277),Knipex Tools,Knipex®,Knipex®,73020,,Lighting>Clips,"Knipex Tools, Knipex, 73020, Nano Clip Light Bk, Yellow",73020 NANO CLIP LIGHT BK YELLOW,KNIPEX 73020,KNIPEX,,"Discover the Knipex® product, engineered for outstanding performance and lasting durability. With a focus on quality and efficiency, this product is the perfect addition to any modern home.",,,,,,,,,,,,,,,,,,,,,,,,,,,Color,Yellow,,,,,,,,,,,,,,,,,,,,,,,,,,,,,,,,,,,,,,,,,,,,,,,,,,,,,,,,,,,,,,,,,,,,,,,,,,,,,,,,,,,,,,,,,,,,,,,,,,,,,,,,,,,,,,,,,,,,,,,,,,,,,,,,,,,,,,,,,,,,,,,,,,,,,,,,39111600,,,,,,,,,,,,,,,,,,Low Confidence,58%,No
,,,,,,,Lighting,Flashlights,,,NEB-FLT-1021,NEBFLT1021 Slyde King FlashLt,,,,ACG Brands (1154),ACG Brands,ACG Brands®,ACG Brands®,NEB-FLT-1021,,Lighting>Flashlights,"ACG Brands, Flashlight, NEB-FLT-1021, NEBFLT1021 Slyde King FlashLt, Yellow",FLASHLIGHT,ACG BRANDS NEB-FLT-1021 Flashlight,"ACG BRANDS, Flashlight",Flashlight,"Discover the ACG Brands® Flashlight, engineered for outstanding performance and lasting durability. With a focus on quality and efficiency, this Flashlight is the perfect addition to any modern home.",,,,,,,,,,,,,,,,,,,,,,,,Flashlight,,Flashlight,Color,Yellow,,,,,,,,,,,,,,,,,,,,,,,,,,,,,,,,,,,,,,,,,,,,,,,,,,,,,,,,,,,,,,,,,,,,,,,,,,,,,,,,,,,,,,,,,,,,,,,,,,,,,,,,,,,,,,,,,,,,,,,,,,,,,,,,,,,,,,,,,,,,,,,,,,,,,,,,39112102,,,,,,,,,,,,,,,,,,Low Confidence,55%,No
,,,,,,,Lighting,Flashlights,,,NEB-FLT-0053,NEBFLT0053 2600L Flash Light,,,,ACG Brands (1154),ACG Brands,ACG Brands®,ACG Brands®,NEB-FLT-0053,,Lighting>Flashlights,"ACG Brands, Flashlight, NEB-FLT-0053, NEBFLT0053 2600L Flash Light, Yellow",FLASHLIGHT,ACG BRANDS NEB-FLT-0053 Flashlight,"ACG BRANDS, Flashlight",Flashlight,"Discover the ACG Brands® Flashlight, engineered for outstanding performance and lasting durability. With a focus on quality and efficiency, this Flashlight is the perfect addition to any modern home.",,,,,,,,,,,,,,,,,,,,,,,,Flashlight,,Flashlight,Color,Yellow,,,,,,,,,,,,,,,,,,,,,,,,,,,,,,,,,,,,,,,,,,,,,,,,,,,,,,,,,,,,,,,,,,,,,,,,,,,,,,,,,,,,,,,,,,,,,,,,,,,,,,,,,,,,,,,,,,,,,,,,,,,,,,,,,,,,,,,,,,,,,,,,,,,,,,,,39112102,,,,,,,,,,,,,,,,,,Low Confidence,55%,No
,,,,,,,Lighting,Headlamps,,,97708,97708 Police 800L Headlight,,,Police Security,Police Security (9470),Police Security,Police Security®,Police Security®,97708,,Lighting>Headlamps,"Police Security, Headlamp, 97708, Police 800L Headlight, Yellow",HEADLAMP,POLICE SECURITY 97708 Headlamp,"POLICE SECURITY, Headlamp",Headlamp,"Discover the Police Security® Headlamp, engineered for outstanding performance and lasting durability. With a focus on quality and efficiency, this Headlamp is the perfect addition to any modern home.",,,,,,,,,,,,,,,,,,,,,,,,Headlamp,,Headlamp,Color,Yellow,,,,,,,,,,,,,,,,,,,,,,,,,,,,,,,,,,,,,,,,,,,,,,,,,,,,,,,,,,,,,,,,,,,,,,,,,,,,,,,,,,,,,,,,,,,,,,,,,,,,,,,,,,,,,,,,,,,,,,,,,,,,,,,,,,,,,,,,,,,,,,,,,,,,,,,,39112103,,,,,,,,,,,,,,,,,,Low Confidence,55%,No
,,,,,,,Electrical,,,,WORK6000XLTPPLUG,6000L Twin Head Work Light,,,Feit Electric,Feit Electric (3468),Feit Electric,Feit Electric,Feit Electric,WORK6000XLTPPLUG,,Electrical,"Feit Electric, WORK6000XLTPPLUG, 6000L Twin Head Work Light, Yellow",6000L TWIN HEAD WORK LIGHT YELLOW,FEIT ELECTRIC WORK6000XLTPPLUG,FEIT ELECTRIC,,"Discover the Feit Electric product, engineered for outstanding performance and lasting durability. With a focus on quality and efficiency, this product is the perfect addition to any modern home.",,,,,,,,,,,,,,,,,,,,,,,,,,,Color,Yellow,,,,,,,,,,,,,,,,,,,,,,,,,,,,,,,,,,,,,,,,,,,,,,,,,,,,,,,,,,,,,,,,,,,,,,,,,,,,,,,,,,,,,,,,,,,,,,,,,,,,,,,,,,,,,,,,,,,,,,,,,,,,,,,,,,,,,,,,,,,,,,,,,,,,,,,,39120000,,,,,,,,,,,,,,,,,,Low Confidence,45%,Yes
,,,,,,,Electrical,Load Centers,,,HOM2040M200PRB,HOM2040M200PRB 200A Load Cntr,,,,Square D Con Prod Dv (6825),Square D Con Prod Dv,Square D®,Square D®,HOM2040M200PRB,,Electrical>Load Centers,"Square D Con Prod Dv, Square D, Load Center, HOM2040M200PRB, Amperage=200",LOAD CENTER 200,SQUARE D HOM2040M200PRB Load Center,"SQUARE D, Load Center, 200 Amperage",Load Center,"Discover the Square D® Load Center, engineered for outstanding performance and lasting durability. With a focus on quality and efficiency, this Load Center is the perfect addition to any modern home.",,,,,,,,,,,,,,,,,,,,,,,,Load Center,,Load Center,Amperage,200,A,Load Center,200,A,Amperage Rating,200,,Color,Yellow,,,,,,,,,,,,,,,,,,,,,,,,,,,,,,,,,,,,,,,,,,,,,,,,,,,,,,,,,,,,,,,,,,,,,,,,,,,,,,,,,,,,,,,,,,,,,,,,,,,,,,,,,,,,,,,,,,,,,,,,,,,,,,,,,,,,,,,,,,,,,,,39121601,,,,,,,,,,,,,,,,,,,60%,No
,,,,,,,Electrical,Load Centers,,,HOM3060L225PGC,HOM3060L225PGC 225 Load Center,,,Square D,Square D Con Prod Dv (6825),Square D Con Prod Dv,Square D®,Square D®,HOM3060L225PGC,,Electrical>Load Centers,"Square D Con Prod Dv, Square D, Load Center, HOM3060L225PGC, 225 Load Center",LOAD CENTER,SQUARE D HOM3060L225PGC Load Center,"SQUARE D, Load Center",Load Center,"Discover the Square D® Load Center, engineered for outstanding performance and lasting durability. With a focus on quality and efficiency, this Load Center is the perfect addition to any modern home.",,,,,,,,,,,,,,,,,,,,,,,,Load Center,,Load Center,Color,Yellow,,,,,,,,,,,,,,,,,,,,,,,,,,,,,,,,,,,,,,,,,,,,,,,,,,,,,,,,,,,,,,,,,,,,,,,,,,,,,,,,,,,,,,,,,,,,,,,,,,,,,,,,,,,,,,,,,,,,,,,,,,,,,,,,,,,,,,,,,,,,,,,,,,,,,,,,39121601,,,,,,,,,,,,,,,,,,Low Confidence,55%,No
,,,,,,,Electrical,Load Centers,,,QO612L100RBCP,QO612L100RBCP 100A Load Center,,,Square D,Square D Con Prod Dv (6825),Square D Con Prod Dv,Square D®,Square D®,QO612L100RBCP,,Electrical>Load Centers,"Square D Con Prod Dv, Square D, Load Center, QO612L100RBCP, Amperage=100",LOAD CENTER 100 CHROME,SQUARE D QO612L100RBCP Load Center,"SQUARE D, Load Center, 100 Amperage",Load Center,"Discover the Square D® Load Center, engineered for outstanding performance and lasting durability. With a focus on quality and efficiency, this Load Center is the perfect addition to any modern home.",,,,,,,,,,,,,,,,,,,,,,,,Load Center,,Load Center,Amperage,100,A,Load Center,100,A,Color,Chrome,,Amperage Rating,100,,,,,,,,,,,,,,,,,,,,,,,,,,,,,,,,,,,,,,,,,,,,,,,,,,,,,,,,,,,,,,,,,,,,,,,,,,,,,,,,,,,,,,,,,,,,,,,,,,,,,,,,,,,,,,,,,,,,,,,,,,,,,,,,,,,,,,,,,,,,,,,39121601,,,,,,,,,,,,,,,,,,,60%,No
,,,,,,,Electrical,Wire,Cable,,13093005,4/0 Aluminum Entrance Cable (Linear Foot),,,,Southwire/g Turner (6603),Masco Corporation,Delta®,Delta®,13093005,,Electrical>Wire>Cable,"Masco Corporation, Delta, Cable, 13093005, Material=Aluminum",CABLE ALUMINUM,DELTA 13093005 Cable,"DELTA, Cable",Cable,"Discover the Delta® Cable, engineered for outstanding performance and lasting durability. With a focus on quality and efficiency, this Cable is the perfect addition to any modern home.",,,,,,,,,,,,,,,,,,,,,,,,Cable,,Cable,Material,Aluminum,,Color,Yellow,,,,,,,,,,,,,,,,,,,,,,,,,,,,,,,,,,,,,,,,,,,,,,,,,,,,,,,,,,,,,,,,,,,,,,,,,,,,,,,,,,,,,,,,,,,,,,,,,,,,,,,,,,,,,,,,,,,,,,,,,,,,,,,,,,,,,,,,,,,,,,,,,,,,,26121601,,,,,,,,,,,,,,,,,,,65%,No
,,,,,,,Electrical,Wire,,,12-4 SO,12-4 SO Cord (Linear Foot),,,,,,,,12-4 SO,,Electrical>Wire,"Wire, Yellow, Cord (Linear Foot), 12-4 SO",WIRE YELLOW,12-4 SO Wire,Wire,Wire,"Discover the  Wire, engineered for outstanding performance and lasting durability. With a focus on quality and efficiency, this Wire is the perfect addition to any modern home.",,,,,,,,,,,,,,,,,,,,,,,,Wire,,Wire,Color,Yellow,,,,,,,,,,,,,,,,,,,,,,,,,,,,,,,,,,,,,,,,,,,,,,,,,,,,,,,,,,,,,,,,,,,,,,,,,,,,,,,,,,,,,,,,,,,,,,,,,,,,,,,,,,,,,,,,,,,,,,,,,,,,,,,,,,,,,,,,,,,,,,,,,,,,,,,,26121600,,,,,,,,,,,,,,,,,,No Brand Found + Low Confidence,38%,Yes
,,,,,,,Electrical,Wire,,,96263-46-06,96263-46-06 CAT5E Wire (Linear Foot),,,,Woods Wire Southwire (7579),Woods Wire Southwire,Freud®,Freud®,96263-46-06,,Electrical>Wire,"Woods Wire Southwire, Freud, Wire, 96263-46-06, Connector Type=CAT5E",WIRE YELLOW,FREUD 96263-46-06 Wire,"FREUD, Wire",Wire,"Discover the Freud® Wire, engineered for outstanding performance and lasting durability. With a focus on quality and efficiency, this Wire is the perfect addition to any modern home.",,,,,,,,,,,,,,,,,,,,,,,,Wire,,Wire,Connector Type,CAT5E,,Color,Yellow,,,,,,,,,,,,,,,,,,,,,,,,,,,,,,,,,,,,,,,,,,,,,,,,,,,,,,,,,,,,,,,,,,,,,,,,,,,,,,,,,,,,,,,,,,,,,,,,,,,,,,,,,,,,,,,,,,,,,,,,,,,,,,,,,,,,,,,,,,,,,,,,,,,,,26121600,,,,,,,,,,,,,,,,,,,65%,No
,,,,,,,Electrical,Wire,,,R50003-ID,16-2 Stranded Wire CL3 500' (Linear Foot),,,,Southwire/g Turner (6603),Southwire/g Turner,Southwire/g Turner,Southwire/g Turner,R50003-ID,,Electrical>Wire,"Southwire/g Turner, Wire, R50003-ID, 16-2 Stranded Wire CL3 500' (Linear Foot",WIRE YELLOW,SOUTHWIRE/G TURNER R50003-ID Wire,"SOUTHWIRE/G TURNER, Wire",Wire,"Discover the Southwire/g Turner Wire, engineered for outstanding performance and lasting durability. With a focus on quality and efficiency, this Wire is the perfect addition to any modern home.",,,,,,,,,,,,,,,,,,,,,,,,Wire,,Wire,Color,Yellow,,,,,,,,,,,,,,,,,,,,,,,,,,,,,,,,,,,,,,,,,,,,,,,,,,,,,,,,,,,,,,,,,,,,,,,,,,,,,,,,,,,,,,,,,,,,,,,,,,,,,,,,,,,,,,,,,,,,,,,,,,,,,,,,,,,,,,,,,,,,,,,,,,,,,,,,26121600,,,,,,,,,,,,,,,,,,Low Confidence,55%,No
,,,,,,,Electrical,Wire,,,10-4 SO,10-4 SO Cord (Linear Foot),,,,Southwire/g Turner (6603),Southwire Company,Southwire®,Southwire®,10-4 SO,,Electrical>Wire,"Southwire Company, Southwire, Wire, 10-4 SO, Cord (Linear Foot), Yellow",WIRE YELLOW,SOUTHWIRE 10-4 SO Wire,"SOUTHWIRE, Wire",Wire,"Discover the Southwire® Wire, engineered for outstanding performance and lasting durability. With a focus on quality and efficiency, this Wire is the perfect addition to any modern home.",,,,,,,,,,,,,,,,,,,,,,,,Wire,,Wire,Color,Yellow,,,,,,,,,,,,,,,,,,,,,,,,,,,,,,,,,,,,,,,,,,,,,,,,,,,,,,,,,,,,,,,,,,,,,,,,,,,,,,,,,,,,,,,,,,,,,,,,,,,,,,,,,,,,,,,,,,,,,,,,,,,,,,,,,,,,,,,,,,,,,,,,,,,,,,,,26121600,,,,,,,,,,,,,,,,,,,65%,No
,,,,,,,Electrical,Wire,,,23346-0408,23346-0408 Wire 16/3 SJEWA 250 (Linear Foot),,,,,,,,23346-0408,,Electrical>Wire,"Wire, 23346-0408, Wire 16/3 SJEWA 250 (Linear Foot), Yellow",WIRE YELLOW,23346-0408 Wire,Wire,Wire,"Discover the  Wire, engineered for outstanding performance and lasting durability. With a focus on quality and efficiency, this Wire is the perfect addition to any modern home.",,,,,,,,,,,,,,,,,,,,,,,,Wire,,Wire,Color,Yellow,,,,,,,,,,,,,,,,,,,,,,,,,,,,,,,,,,,,,,,,,,,,,,,,,,,,,,,,,,,,,,,,,,,,,,,,,,,,,,,,,,,,,,,,,,,,,,,,,,,,,,,,,,,,,,,,,,,,,,,,,,,,,,,,,,,,,,,,,,,,,,,,,,,,,,,,26121600,,,,,,,,,,,,,,,,,,No Brand Found + Low Confidence,38%,Yes
,,,,,,,Electrical,Wire,,,2/2/4 UD ALUM,2/2/4 UD Aluminum Triplex Wire (Linear Foot),,,,Southwire/g Turner (6603),Southwire/g Turner,Southwire/g Turner,Southwire/g Turner,2/2/4 UD ALUM,,Electrical>Wire,"Southwire/g Turner, Wire, Aluminum, Yellow, 2/2/4 UD Triplex (Linear Foot)",WIRE ALUMINUM,SOUTHWIRE/G TURNER 2/2/4 UD ALUM Wire,"SOUTHWIRE/G TURNER, Wire",Wire,"Discover the Southwire/g Turner Wire, engineered for outstanding performance and lasting durability. With a focus on quality and efficiency, this Wire is the perfect addition to any modern home.",,,,,,,,,,,,,,,,,,,,,,,,Wire,,Wire,Material,Aluminum,,Color,Yellow,,,,,,,,,,,,,,,,,,,,,,,,,,,,,,,,,,,,,,,,,,,,,,,,,,,,,,,,,,,,,,,,,,,,,,,,,,,,,,,,,,,,,,,,,,,,,,,,,,,,,,,,,,,,,,,,,,,,,,,,,,,,,,,,,,,,,,,,,,,,,,,,,,,,,26121600,,,,,,,,,,,,,,,,,,Low Confidence,55%,No
,,,,,,,Electrical,Wire,,,55418901,6/6/6 UD Triplex Aluminum Wire,,,,Southwire/g Turner (6603),Signify North America,Philips®,Philips®,55418901,,Electrical>Wire,"Signify North America, Philips, Wire, 55418901, Material=Aluminum",WIRE ALUMINUM,PHILIPS 55418901 Wire,"PHILIPS, Wire",Wire,"Discover the Philips® Wire, engineered for outstanding performance and lasting durability. With a focus on quality and efficiency, this Wire is the perfect addition to any modern home.",,,,,,,,,,,,,,,,,,,,,,,,Wire,,Wire,Material,Aluminum,,Color,Yellow,,,,,,,,,,,,,,,,,,,,,,,,,,,,,,,,,,,,,,,,,,,,,,,,,,,,,,,,,,,,,,,,,,,,,,,,,,,,,,,,,,,,,,,,,,,,,,,,,,,,,,,,,,,,,,,,,,,,,,,,,,,,,,,,,,,,,,,,,,,,,,,,,,,,,26121600,,,,,,,,,,,,,,,,,,,65%,No
,,,,,,,Electrical,Wire,,,CG50K,"CG50K 1/2"" Cord Grip Kit",,,,Fenton Bros Electric Inc (FENBR),Fenton Bros Electric Inc,Fenton Bros®,Fenton Bros®,CG50K,,Electrical>Wire,"Fenton Bros Electric Inc, Fenton Bros, Wire, CG50K, Pack Type=Kit",WIRE YELLOW,FENTON BROS CG50K Wire,"FENTON BROS, Wire",Wire,"Discover the Fenton Bros® Wire, engineered for outstanding performance and lasting durability. With a focus on quality and efficiency, this Wire is the perfect addition to any modern home.",,,,,,,,,,,,,,,,,,,,,,,,Wire,,Wire,Pack Type,Kit,,Color,Yellow,,,,,,,,,,,,,,,,,,,,,,,,,,,,,,,,,,,,,,,,,,,,,,,,,,,,,,,,,,,,,,,,,,,,,,,,,,,,,,,,,,,,,,,,,,,,,,,,,,,,,,,,,,,,,,,,,,,,,,,,,,,,,,,,,,,,,,,,,,,,,,,,,,,,,26121600,,,,,,,,,,,,,,,,,,Low Confidence,55%,No
,,,,,,,Electrical,Outlets,,,R02-D215P-1RW,R02D215P1RW 15A Mini Outlet Wh,,,Leviton,Leviton Mfg Co (4927),Leviton Manufacturing,Leviton®,Leviton®,R02-D215P-1RW,,Electrical>Outlets,"Leviton Manufacturing, Leviton, Outlet, R02-D215P-1RW, Amperage=15",OUTLET 15,LEVITON R02-D215P-1RW Outlet,"LEVITON, Outlet, 15 Amperage",Outlet,"Discover the Leviton® Outlet, engineered for outstanding performance and lasting durability. With a focus on quality and efficiency, this Outlet is the perfect addition to any modern home.",,,,,,,,,,,,,,,,,,,,,,,,Outlet,,Outlet,Amperage,15,A,Amperage Rating,15,,Color,Yellow,,,,,,,,,,,,,,,,,,,,,,,,,,,,,,,,,,,,,,,,,,,,,,,,,,,,,,,,,,,,,,,,,,,,,,,,,,,,,,,,,,,,,,,,,,,,,,,,,,,,,,,,,,,,,,,,,,,,,,,,,,,,,,,,,,,,,,,,,,,,,,,,,,39121401,,,,,,,,,,,,,,,,,,,70%,No
,,,,,,,Lighting,Wall Lights,,,PBUC013,PBUC013 15A Wall Tap w/USB,,,Prime,Prime Wire & Cable (3562),Prime Wire & Cable,Prime®,Prime®,PBUC013,,Lighting>Wall Lights,"Prime Wire & Cable, Prime, PBUC013, Amperage=15, 15A Wall Tap w/USB, Yellow",PRODUCT,PRIME PBUC013,"PRIME, 15 Amperage",,"Discover the Prime® product, engineered for outstanding performance and lasting durability. With a focus on quality and efficiency, this product is the perfect addition to any modern home.",,,,,,,,,,,,,,,,,,,,,,,,,,,Amperage,15,A,Amperage Rating,15,,Color,Yellow,,,,,,,,,,,,,,,,,,,,,,,,,,,,,,,,,,,,,,,,,,,,,,,,,,,,,,,,,,,,,,,,,,,,,,,,,,,,,,,,,,,,,,,,,,,,,,,,,,,,,,,,,,,,,,,,,,,,,,,,,,,,,,,,,,,,,,,,,,,,,,,,,,39111600,,,,,,,,,,,,,,,,,,,60%,No
,,,,,,,Electrical,Outlets,,,R00-GFNT1-00K,R00GFNT100K 15A Outlet Br,,,Leviton,Leviton Mfg Co (4927),Leviton Manufacturing,Leviton®,Leviton®,R00-GFNT1-00K,,Electrical>Outlets,"Leviton Manufacturing, Leviton, Outlet, R00-GFNT1-00K, Amperage=15",OUTLET 15,LEVITON R00-GFNT1-00K Outlet,"LEVITON, Outlet, 15 Amperage",Outlet,"Discover the Leviton® Outlet, engineered for outstanding performance and lasting durability. With a focus on quality and efficiency, this Outlet is the perfect addition to any modern home.",,,,,,,,,,,,,,,,,,,,,,,,Outlet,,Outlet,Amperage,15,A,Amperage Rating,15,,Color,Yellow,,,,,,,,,,,,,,,,,,,,,,,,,,,,,,,,,,,,,,,,,,,,,,,,,,,,,,,,,,,,,,,,,,,,,,,,,,,,,,,,,,,,,,,,,,,,,,,,,,,,,,,,,,,,,,,,,,,,,,,,,,,,,,,,,,,,,,,,,,,,,,,,,,39121401,,,,,,,,,,,,,,,,,,,70%,No
,,,,,,,Electrical,Outlets,,,R92-GFWT1-0KW,R92GFWT10KW 15A GFCI Outlet Wh,,,Leviton,Leviton Mfg Co (4927),Leviton Manufacturing,Leviton®,Leviton®,R92-GFWT1-0KW,,Electrical>Outlets,"Leviton Manufacturing, Leviton, Outlet, R92-GFWT1-0KW, Amperage=15",OUTLET 15,LEVITON R92-GFWT1-0KW Outlet,"LEVITON, Outlet, 15 Amperage",Outlet,"Discover the Leviton® Outlet, engineered for outstanding performance and lasting durability. With a focus on quality and efficiency, this Outlet is the perfect addition to any modern home.",,,,,,,,,,,,,,,,,,,,,,,,Outlet,,Outlet,Amperage,15,A,Circuit Type,GFCI,,Amperage Rating,15,,Color,Yellow,,,,,,,,,,,,,,,,,,,,,,,,,,,,,,,,,,,,,,,,,,,,,,,,,,,,,,,,,,,,,,,,,,,,,,,,,,,,,,,,,,,,,,,,,,,,,,,,,,,,,,,,,,,,,,,,,,,,,,,,,,,,,,,,,,,,,,,,,,,,,,,39121401,,,,,,,,,,,,,,,,,,,70%,No
,,,,,,,Electrical,Outlets,GFCI,,R12-AGTR1-0KW,R12AGTR10KW 15A GFCI Outler Wh,,,Leviton,Leviton Mfg Co (4927),Leviton Manufacturing,Leviton®,Leviton®,R12-AGTR1-0KW,,Electrical>Outlets>GFCI,"Leviton Manufacturing, Leviton, GFCI Outlet, R12-AGTR1-0KW, Amperage=15",GFCI OUTLET 15,LEVITON R12-AGTR1-0KW GFCI Outlet,"LEVITON, GFCI Outlet, 15 Amperage",GFCI Outlet,"Discover the Leviton® GFCI Outlet, engineered for outstanding performance and lasting durability. With a focus on quality and efficiency, this GFCI Outlet is the perfect addition to any modern home.",,,,,,,,,,,,,,,,,,,,,,,,GFCI Outlet,,GFCI Outlet,Amperage,15,A,Circuit Type,GFCI,,Amperage Rating,15,,Color,Yellow,,,,,,,,,,,,,,,,,,,,,,,,,,,,,,,,,,,,,,,,,,,,,,,,,,,,,,,,,,,,,,,,,,,,,,,,,,,,,,,,,,,,,,,,,,,,,,,,,,,,,,,,,,,,,,,,,,,,,,,,,,,,,,,,,,,,,,,,,,,,,,,39121400,,,,,,,,,,,,,,,,,,,80%,No
,,,,,,,Electrical,Outlets,,,R62-GFTA1-0KW,R92GFTA10KW 15A GFCI Outlet Wh,,,Leviton,Leviton Mfg Co (4927),Leviton Manufacturing,Leviton®,Leviton®,R62-GFTA1-0KW,,Electrical>Outlets,"Leviton Manufacturing, Leviton, Outlet, R62-GFTA1-0KW, Amperage=15",OUTLET 15,LEVITON R62-GFTA1-0KW Outlet,"LEVITON, Outlet, 15 Amperage",Outlet,"Discover the Leviton® Outlet, engineered for outstanding performance and lasting durability. With a focus on quality and efficiency, this Outlet is the perfect addition to any modern home.",,,,,,,,,,,,,,,,,,,,,,,,Outlet,,Outlet,Amperage,15,A,Circuit Type,GFCI,,Amperage Rating,15,,Color,Yellow,,,,,,,,,,,,,,,,,,,,,,,,,,,,,,,,,,,,,,,,,,,,,,,,,,,,,,,,,,,,,,,,,,,,,,,,,,,,,,,,,,,,,,,,,,,,,,,,,,,,,,,,,,,,,,,,,,,,,,,,,,,,,,,,,,,,,,,,,,,,,,,39121401,,,,,,,,,,,,,,,,,,,70%,No
,,,,,,,Electrical,Wire,,,165-04729-00C,1650472900C 15A 125V Cord Conn,,,Leviton,Leviton Mfg Co (4927),Leviton Manufacturing,Leviton®,Leviton®,165-04729-00C,,Electrical>Wire,"Leviton Manufacturing, Leviton, Wire, 165-04729-00C, Voltage=125, Amperage=15",WIRE 125 15,LEVITON 165-04729-00C Wire,"LEVITON, Wire, 125 Voltage, 15 Amperage",Wire,"Discover the Leviton® Wire, engineered for outstanding performance and lasting durability. With a focus on quality and efficiency, this Wire is the perfect addition to any modern home.",,,,,,,,,,,,,,,,,,,,,,,,Wire,,Wire,Voltage,125,V,Amperage,15,A,Voltage Rating,125,,Amperage Rating,15,,Color,Yellow,,,,,,,,,,,,,,,,,,,,,,,,,,,,,,,,,,,,,,,,,,,,,,,,,,,,,,,,,,,,,,,,,,,,,,,,,,,,,,,,,,,,,,,,,,,,,,,,,,,,,,,,,,,,,,,,,,,,,,,,,,,,,,,,,,,,,,,,,,,,26121600,,,,,,,,,,,,,,,,,,,75%,No
,,,,,,,Electrical,Wire,,,161-04720-00C,1610472000C 15A 125V Cord Conn,,,Leviton,Leviton Mfg Co (4927),Leviton Manufacturing,Leviton®,Leviton®,161-04720-00C,,Electrical>Wire,"Leviton Manufacturing, Leviton, Wire, 161-04720-00C, Voltage=125, Amperage=15",WIRE 125 15,LEVITON 161-04720-00C Wire,"LEVITON, Wire, 125 Voltage, 15 Amperage",Wire,"Discover the Leviton® Wire, engineered for outstanding performance and lasting durability. With a focus on quality and efficiency, this Wire is the perfect addition to any modern home.",,,,,,,,,,,,,,,,,,,,,,,,Wire,,Wire,Voltage,125,V,Amperage,15,A,Voltage Rating,125,,Amperage Rating,15,,Color,Yellow,,,,,,,,,,,,,,,,,,,,,,,,,,,,,,,,,,,,,,,,,,,,,,,,,,,,,,,,,,,,,,,,,,,,,,,,,,,,,,,,,,,,,,,,,,,,,,,,,,,,,,,,,,,,,,,,,,,,,,,,,,,,,,,,,,,,,,,,,,,,26121600,,,,,,,,,,,,,,,,,,,75%,No
,,,,,,,Electrical,Outlets,,,R02-GUAC1-0BW,R02GUAC10BW 15A/USB Outlet Wh,,,Leviton,Leviton Mfg Co (4927),Leviton Manufacturing,Leviton®,Leviton®,R02-GUAC1-0BW,,Electrical>Outlets,"Leviton Manufacturing, Leviton, Outlet, R02-GUAC1-0BW, Amperage=15",OUTLET 15,LEVITON R02-GUAC1-0BW Outlet,"LEVITON, Outlet, 15 Amperage",Outlet,"Discover the Leviton® Outlet, engineered for outstanding performance and lasting durability. With a focus on quality and efficiency, this Outlet is the perfect addition to any modern home.",,,,,,,,,,,,,,,,,,,,,,,,Outlet,,Outlet,Amperage,15,A,Amperage Rating,15,,Color,Yellow,,,,,,,,,,,,,,,,,,,,,,,,,,,,,,,,,,,,,,,,,,,,,,,,,,,,,,,,,,,,,,,,,,,,,,,,,,,,,,,,,,,,,,,,,,,,,,,,,,,,,,,,,,,,,,,,,,,,,,,,,,,,,,,,,,,,,,,,,,,,,,,,,,39121401,,,,,,,,,,,,,,,,,,,70%,No
,,,,,,,Electrical,Outlets,,,R56-CBR15-00T,R56CBR1500T 15A Outlet LA,,,Leviton,Leviton Mfg Co (4927),Leviton Manufacturing,Leviton®,Leviton®,R56-CBR15-00T,,Electrical>Outlets,"Leviton Manufacturing, Leviton, Outlet, R56-CBR15-00T, Amperage=15",OUTLET 15,LEVITON R56-CBR15-00T Outlet,"LEVITON, Outlet, 15 Amperage",Outlet,"Discover the Leviton® Outlet, engineered for outstanding performance and lasting durability. With a focus on quality and efficiency, this Outlet is the perfect addition to any modern home.",,,,,,,,,,,,,,,,,,,,,,,,Outlet,,Outlet,Amperage,15,A,Amperage Rating,15,,Color,Yellow,,,,,,,,,,,,,,,,,,,,,,,,,,,,,,,,,,,,,,,,,,,,,,,,,,,,,,,,,,,,,,,,,,,,,,,,,,,,,,,,,,,,,,,,,,,,,,,,,,,,,,,,,,,,,,,,,,,,,,,,,,,,,,,,,,,,,,,,,,,,,,,,,,39121401,,,,,,,,,,,,,,,,,,,70%,No
,,,,,,,Electrical,,,,R20-05378-P00,R2005378P00 6-50R Welder Outet,,,Leviton,Leviton Mfg Co (4927),Leviton Manufacturing,Leviton®,Leviton®,R20-05378-P00,,Electrical,"Leviton Manufacturing, Leviton, R20-05378-P00, R2005378P00 6-50R Welder Outet",R2005378P00 6-50R WELDER OUTET YELLOW,LEVITON R20-05378-P00,LEVITON,,"Discover the Leviton® product, engineered for outstanding performance and lasting durability. With a focus on quality and efficiency, this product is the perfect addition to any modern home.",,,,,,,,,,,,,,,,,,,,,,,,,,,Color,Yellow,,,,,,,,,,,,,,,,,,,,,,,,,,,,,,,,,,,,,,,,,,,,,,,,,,,,,,,,,,,,,,,,,,,,,,,,,,,,,,,,,,,,,,,,,,,,,,,,,,,,,,,,,,,,,,,,,,,,,,,,,,,,,,,,,,,,,,,,,,,,,,,,,,,,,,,,39120000,,,,,,,,,,,,,,,,,,Low Confidence,55%,No
,,,,,,,Electrical,Cover Plates,,,WC1V12W-SG-UPC,WC1V12WSGUPC 1G Cover Wh,,,Southwire,Southwire/g Turner (6603),Southwire Company,Southwire®,Southwire®,WC1V12W-SG-UPC,,Electrical>Cover Plates,"Southwire Company, Southwire, WC1V12W-SG-UPC, Gang=1, WC1V12WSGUPC 1G Cover Wh",WC1V12WSGUPC 1G COVER WH YELLOW,SOUTHWIRE WC1V12W-SG-UPC,SOUTHWIRE,,"Discover the Southwire® product, engineered for outstanding performance and lasting durability. With a focus on quality and efficiency, this product is the perfect addition to any modern home.",,,,,,,,,,,,,,,,,,,,,,,,,,,Gang,1,,Color,Yellow,,,,,,,,,,,,,,,,,,,,,,,,,,,,,,,,,,,,,,,,,,,,,,,,,,,,,,,,,,,,,,,,,,,,,,,,,,,,,,,,,,,,,,,,,,,,,,,,,,,,,,,,,,,,,,,,,,,,,,,,,,,,,,,,,,,,,,,,,,,,,,,,,,,,,39121800,,,,,,,,,,,,,,,,,,,65%,No
,,,,,,,Electrical,Outlets,GFCI,,R51-GSRA1-THD,R5GSRA1THD 15A GFCI Plug,,,Leviton,Leviton Mfg Co (4927),Leviton Manufacturing,Leviton®,Leviton®,R51-GSRA1-THD,,Electrical>Outlets>GFCI,"Leviton Manufacturing, Leviton, GFCI Outlet, R51-GSRA1-THD, Amperage=15",GFCI OUTLET 15,LEVITON R51-GSRA1-THD GFCI Outlet,"LEVITON, GFCI Outlet, 15 Amperage",GFCI Outlet,"Discover the Leviton® GFCI Outlet, engineered for outstanding performance and lasting durability. With a focus on quality and efficiency, this GFCI Outlet is the perfect addition to any modern home.",,,,,,,,,,,,,,,,,,,,,,,,GFCI Outlet,,GFCI Outlet,Amperage,15,A,Circuit Type,GFCI,,Amperage Rating,15,,Color,Yellow,,,,,,,,,,,,,,,,,,,,,,,,,,,,,,,,,,,,,,,,,,,,,,,,,,,,,,,,,,,,,,,,,,,,,,,,,,,,,,,,,,,,,,,,,,,,,,,,,,,,,,,,,,,,,,,,,,,,,,,,,,,,,,,,,,,,,,,,,,,,,,,39121400,,,,,,,,,,,,,,,,,,,80%,No
,,,,,,,Electrical,Outlets,,,R62-CBR15-00W,R62CBR1500W 15A Outlet Wh,,,Leviton,Leviton Mfg Co (4927),Leviton Manufacturing,Leviton®,Leviton®,R62-CBR15-00W,,Electrical>Outlets,"Leviton Manufacturing, Leviton, Outlet, R62-CBR15-00W, Amperage=15, Wattage=1500",OUTLET 15 1500,LEVITON R62-CBR15-00W Outlet,"LEVITON, Outlet, 15 Amperage, 1500",Outlet,"Discover the Leviton® Outlet, engineered for outstanding performance and lasting durability. With a focus on quality and efficiency, this Outlet is the perfect addition to any modern home.",,,,,,,,,,,,,,,,,,,,,,,,Outlet,,Outlet,Amperage,15,A,Wattage,1500,W,Amperage Rating,15,,Wattage Rating,1500,,Color,Yellow,,,,,,,,,,,,,,,,,,,,,,,,,,,,,,,,,,,,,,,,,,,,,,,,,,,,,,,,,,,,,,,,,,,,,,,,,,,,,,,,,,,,,,,,,,,,,,,,,,,,,,,,,,,,,,,,,,,,,,,,,,,,,,,,,,,,,,,,,,,,39121401,,,,,,,,,,,,,,,,,,,75%,No
,,,,,,,Electrical,Switches,,,S03-05226-IS,S0305226IS IV Switch / Pilot,,,Leviton,Leviton Mfg Co (4927),Leviton Manufacturing,Leviton®,Leviton®,S03-05226-IS,,Electrical>Switches,"Leviton®, Switch, Yellow, S0305226IS IV / Pilot, S03-05226-IS",SWITCH YELLOW,LEVITON S03-05226-IS Switch,"LEVITON, Switch",Switch,"Discover the Leviton® Switch, engineered for outstanding performance and lasting durability. With a focus on quality and efficiency, this Switch is the perfect addition to any modern home.",,,,,,,,,,,,,,,,,,,,,,,,Switch,,Switch,Color,Yellow,,,,,,,,,,,,,,,,,,,,,,,,,,,,,,,,,,,,,,,,,,,,,,,,,,,,,,,,,,,,,,,,,,,,,,,,,,,,,,,,,,,,,,,,,,,,,,,,,,,,,,,,,,,,,,,,,,,,,,,,,,,,,,,,,,,,,,,,,,,,,,,,,,,,,,,,39121500,,,,,,,,,,,,,,,,,,,65%,No
,,,,,,,Electrical,Switches,,,174-0CSB3-15W,174-OCSB3-15A Toggle 3-Way Switch Wh,,,,Leviton Mfg Co (4927),Masco Corporation,Delta®,Delta®,174-0CSB3-15W,,Electrical>Switches,"Masco Corporation, Delta, Switch, 174-0CSB3-15W, Amperage=15",SWITCH 15,DELTA 174-0CSB3-15W Switch,"DELTA, Switch, 15 Amperage",Switch,"Discover the Delta® Switch, engineered for outstanding performance and lasting durability. With a focus on quality and efficiency, this Switch is the perfect addition to any modern home.",,,,,,,,,,,,,,,,,,,,,,,,Switch,,Switch,Amperage,15,A,Amperage Rating,15,,Color,Yellow,,,,,,,,,,,,,,,,,,,,,,,,,,,,,,,,,,,,,,,,,,,,,,,,,,,,,,,,,,,,,,,,,,,,,,,,,,,,,,,,,,,,,,,,,,,,,,,,,,,,,,,,,,,,,,,,,,,,,,,,,,,,,,,,,,,,,,,,,,,,,,,,,,39121500,,,,,,,,,,,,,,,,,,,60%,No
,,,,,,,Lighting,Wall Lights,,,R50-0SL13-000,T50-0SL13000 1G Wallplate SS - Blank,,,Leviton,Leviton Mfg Co (4927),Leviton Manufacturing,Leviton®,Leviton®,R50-0SL13-000,,Lighting>Wall Lights,"Leviton®, Stainless Steel, Yellow, T50-0SL13000 1G Wallplate - Blank",T50-0SL13000 1G WALLPLATE SS - BLANK,LEVITON R50-0SL13-000,LEVITON,,"Discover the Leviton® product, engineered for outstanding performance and lasting durability. With a focus on quality and efficiency, this product is the perfect addition to any modern home.",,,,,,,,,,,,,,,,,,,,,,,,,,,Material,Stainless Steel,,Color,Yellow,,,,,,,,,,,,,,,,,,,,,,,,,,,,,,,,,,,,,,,,,,,,,,,,,,,,,,,,,,,,,,,,,,,,,,,,,,,,,,,,,,,,,,,,,,,,,,,,,,,,,,,,,,,,,,,,,,,,,,,,,,,,,,,,,,,,,,,,,,,,,,,,,,,,,39111600,,,,,,,,,,,,,,,,,,,65%,No
,,,,,,,Lighting,Wall Lights,,,R52-0PJ13-00W,R520PJ1300W 1G Wallplate Wh - Blank,,,Leviton,Leviton Mfg Co (4927),Leviton Manufacturing,Leviton®,Leviton®,R52-0PJ13-00W,,Lighting>Wall Lights,"Leviton®, Yellow, R520PJ1300W 1G Wallplate Wh - Blank, R52-0PJ13-00W",1300 YELLOW,LEVITON R52-0PJ13-00W,"LEVITON, 1300",,"Discover the Leviton® product, engineered for outstanding performance and lasting durability. With a focus on quality and efficiency, this product is the perfect addition to any modern home.",,,,,,,,,,,,,,,,,,,,,,,,,,,Wattage,1300,W,Wattage Rating,1300,,Color,Yellow,,,,,,,,,,,,,,,,,,,,,,,,,,,,,,,,,,,,,,,,,,,,,,,,,,,,,,,,,,,,,,,,,,,,,,,,,,,,,,,,,,,,,,,,,,,,,,,,,,,,,,,,,,,,,,,,,,,,,,,,,,,,,,,,,,,,,,,,,,,,,,,,,,39111600,,,,,,,,,,,,,,,,,,,70%,No
,,,,,,,Appliances & Consumer Electronics,,,,XOU2470BCGS,XOU2470BCGS Tall Beverage Center SS,,,,Appliance Dealers Cooperative (APPDE),GE Appliances,GE®,GE®,XOU2470BCGS,,Appliances & Consumer Electronics,"GE Appliances, GE, XOU2470BCGS, Color=SS, Tall Beverage Center SS",XOU2470BCGS TALL BEVERAGE CENTER SS,GE XOU2470BCGS,GE,,"Discover the GE® product, engineered for outstanding performance and lasting durability. With a focus on quality and efficiency, this product is the perfect addition to any modern home.",,,,,,,,,,,,,,,,,,,,,,,,,,,Color,SS,,Material,Stainless Steel,,,,,,,,,,,,,,,,,,,,,,,,,,,,,,,,,,,,,,,,,,,,,,,,,,,,,,,,,,,,,,,,,,,,,,,,,,,,,,,,,,,,,,,,,,,,,,,,,,,,,,,,,,,,,,,,,,,,,,,,,,,,,,,,,,,,,,,,,,,,,,,,,,,,,52141500,,,,,,,,,,,,,,,,,,Low Confidence,55%,No
,,,,,,,Appliances & Consumer Electronics,,,,XOU24BCGSR,XOU24BCGSR Beverage Center SS,,,,Appliance Dealers Cooperative (APPDE),GE Appliances,GE®,GE®,XOU24BCGSR,,Appliances & Consumer Electronics,"GE Appliances, GE, XOU24BCGSR, Color=SS, Beverage Center SS, Stainless Steel",XOU24BCGSR BEVERAGE CENTER SS,GE XOU24BCGSR,GE,,"Discover the GE® product, engineered for outstanding performance and lasting durability. With a focus on quality and efficiency, this product is the perfect addition to any modern home.",,,,,,,,,,,,,,,,,,,,,,,,,,,Color,SS,,Material,Stainless Steel,,,,,,,,,,,,,,,,,,,,,,,,,,,,,,,,,,,,,,,,,,,,,,,,,,,,,,,,,,,,,,,,,,,,,,,,,,,,,,,,,,,,,,,,,,,,,,,,,,,,,,,,,,,,,,,,,,,,,,,,,,,,,,,,,,,,,,,,,,,,,,,,,,,,,52141500,,,,,,,,,,,,,,,,,,Low Confidence,55%,No
,,,,,,,Appliances & Consumer Electronics,,,,XOU24WDZGBR,XOU24WDZGBR Beverage Center Bk,,,,Appliance Dealers Cooperative (APPDE),GE Appliances,GE®,GE®,XOU24WDZGBR,,Appliances & Consumer Electronics,"GE Appliances, GE, XOU24WDZGBR, Color=Bk, Beverage Center Bk, Black",XOU24WDZGBR BEVERAGE CENTER BK BLACK,GE XOU24WDZGBR,GE,,"Discover the GE® product, engineered for outstanding performance and lasting durability. With a focus on quality and efficiency, this product is the perfect addition to any modern home.",,,,,,,,,,,,,,,,,,,,,,,,,,,Color,Bk,,,,,,,,,,,,,,,,,,,,,,,,,,,,,,,,,,,,,,,,,,,,,,,,,,,,,,,,,,,,,,,,,,,,,,,,,,,,,,,,,,,,,,,,,,,,,,,,,,,,,,,,,,,,,,,,,,,,,,,,,,,,,,,,,,,,,,,,,,,,,,,,,,,,,,,,52141500,,,,,,,,,,,,,,,,,,Low Confidence,55%,No
,,,,,,,Appliances & Consumer Electronics,,,,C7CDAAS3PD3,C7CDAAS3PD3 Café Drip Coffee Maker MB,,,,Appliance Dealers Cooperative (APPDE),Appliance Dealers Cooperative,Metabo HPT,Metabo HPT,C7CDAAS3PD3,,Appliances & Consumer Electronics,"Metabo HPT, Yellow, Café Drip Coffee Maker MB, C7CDAAS3PD3",C7CDAAS3PD3 CAF  DRIP COFFEE MAKER MB,METABO HPT C7CDAAS3PD3,METABO HPT,,"Discover the Metabo HPT product, engineered for outstanding performance and lasting durability. With a focus on quality and efficiency, this product is the perfect addition to any modern home.",,,,,,,,,,,,,,,,,,,,,,,,,,,Color,Yellow,,,,,,,,,,,,,,,,,,,,,,,,,,,,,,,,,,,,,,,,,,,,,,,,,,,,,,,,,,,,,,,,,,,,,,,,,,,,,,,,,,,,,,,,,,,,,,,,,,,,,,,,,,,,,,,,,,,,,,,,,,,,,,,,,,,,,,,,,,,,,,,,,,,,,,,,52141500,,,,,,,,,,,,,,,,,,Low Confidence,38%,Yes
,,,,,,,Appliances & Consumer Electronics,,,,C7CDAAS4PW3,C7CDAAS4PW3 Café Drip Coffee Maker MW,,,,Appliance Dealers Cooperative (APPDE),Appliance Dealers Cooperative,Metabo HPT,Metabo HPT,C7CDAAS4PW3,,Appliances & Consumer Electronics,"Metabo HPT, Yellow, Café Drip Coffee Maker MW, C7CDAAS4PW3",C7CDAAS4PW3 CAF  DRIP COFFEE MAKER MW,METABO HPT C7CDAAS4PW3,METABO HPT,,"Discover the Metabo HPT product, engineered for outstanding performance and lasting durability. With a focus on quality and efficiency, this product is the perfect addition to any modern home.",,,,,,,,,,,,,,,,,,,,,,,,,,,Color,Yellow,,,,,,,,,,,,,,,,,,,,,,,,,,,,,,,,,,,,,,,,,,,,,,,,,,,,,,,,,,,,,,,,,,,,,,,,,,,,,,,,,,,,,,,,,,,,,,,,,,,,,,,,,,,,,,,,,,,,,,,,,,,,,,,,,,,,,,,,,,,,,,,,,,,,,,,,52141500,,,,,,,,,,,,,,,,,,Low Confidence,38%,Yes
,,,,,,,Appliances & Consumer Electronics,,,,C7CDABS2RS3,C7CDABS2RS3 Cafe Coffee Maker,,,,Appliance Dealers Cooperative (APPDE),Appliance Dealers Cooperative,Metabo HPT,Metabo HPT,C7CDABS2RS3,,Appliances & Consumer Electronics,"Appliance Dealers Cooperative, Metabo HPT, C7CDABS2RS3, Cafe Coffee Maker",C7CDABS2RS3 CAFE COFFEE MAKER YELLOW,METABO HPT C7CDABS2RS3,METABO HPT,,"Discover the Metabo HPT product, engineered for outstanding performance and lasting durability. With a focus on quality and efficiency, this product is the perfect addition to any modern home.",,,,,,,,,,,,,,,,,,,,,,,,,,,Material,ABS,,Color,Yellow,,,,,,,,,,,,,,,,,,,,,,,,,,,,,,,,,,,,,,,,,,,,,,,,,,,,,,,,,,,,,,,,,,,,,,,,,,,,,,,,,,,,,,,,,,,,,,,,,,,,,,,,,,,,,,,,,,,,,,,,,,,,,,,,,,,,,,,,,,,,,,,,,,,,,52141500,,,,,,,,,,,,,,,,,,Low Confidence,45%,Yes
,,,,,,,Appliances & Consumer Electronics,,,,C7CDABS3RD3,C7CDABS3RD3 Café Coffee Maker MB,,,,Appliance Dealers Cooperative (APPDE),Appliance Dealers Cooperative,Metabo HPT,Metabo HPT,C7CDABS3RD3,,Appliances & Consumer Electronics,"Appliance Dealers Cooperative, Metabo HPT, C7CDABS3RD3, Café Coffee Maker MB",C7CDABS3RD3 CAF  COFFEE MAKER MB YELLOW,METABO HPT C7CDABS3RD3,METABO HPT,,"Discover the Metabo HPT product, engineered for outstanding performance and lasting durability. With a focus on quality and efficiency, this product is the perfect addition to any modern home.",,,,,,,,,,,,,,,,,,,,,,,,,,,Material,ABS,,Color,Yellow,,,,,,,,,,,,,,,,,,,,,,,,,,,,,,,,,,,,,,,,,,,,,,,,,,,,,,,,,,,,,,,,,,,,,,,,,,,,,,,,,,,,,,,,,,,,,,,,,,,,,,,,,,,,,,,,,,,,,,,,,,,,,,,,,,,,,,,,,,,,,,,,,,,,,52141500,,,,,,,,,,,,,,,,,,Low Confidence,45%,Yes
,,,,,,,Appliances & Consumer Electronics,,,,C7CDABS4RW3,C7CDABS4RW3 Café Coffee Maker MW,,,,Appliance Dealers Cooperative (APPDE),Appliance Dealers Cooperative,Metabo HPT,Metabo HPT,C7CDABS4RW3,,Appliances & Consumer Electronics,"Appliance Dealers Cooperative, Metabo HPT, C7CDABS4RW3, Café Coffee Maker MW",C7CDABS4RW3 CAF  COFFEE MAKER MW YELLOW,METABO HPT C7CDABS4RW3,METABO HPT,,"Discover the Metabo HPT product, engineered for outstanding performance and lasting durability. With a focus on quality and efficiency, this product is the perfect addition to any modern home.",,,,,,,,,,,,,,,,,,,,,,,,,,,Material,ABS,,Color,Yellow,,,,,,,,,,,,,,,,,,,,,,,,,,,,,,,,,,,,,,,,,,,,,,,,,,,,,,,,,,,,,,,,,,,,,,,,,,,,,,,,,,,,,,,,,,,,,,,,,,,,,,,,,,,,,,,,,,,,,,,,,,,,,,,,,,,,,,,,,,,,,,,,,,,,,52141500,,,,,,,,,,,,,,,,,,Low Confidence,45%,Yes
,,,,,,,Appliances & Consumer Electronics,,,,C7CEBBS2RS3,C7CEBBS2RS3 Cafe Auto Espresso Machine SS,,,,Appliance Dealers Cooperative (APPDE),Appliance Dealers Cooperative,Metabo HPT,Metabo HPT,C7CEBBS2RS3,,Appliances & Consumer Electronics,"Appliance Dealers Cooperative, Metabo HPT, C7CEBBS2RS3, Color=ss",C7CEBBS2RS3 CAFE AUTO ESPRESSO MACHINE S,METABO HPT C7CEBBS2RS3,METABO HPT,,"Discover the Metabo HPT product, engineered for outstanding performance and lasting durability. With a focus on quality and efficiency, this product is the perfect addition to any modern home.",,,,,,,,,,,,,,,,,,,,,,,,,,,Color,ss,,Material,Stainless Steel,,,,,,,,,,,,,,,,,,,,,,,,,,,,,,,,,,,,,,,,,,,,,,,,,,,,,,,,,,,,,,,,,,,,,,,,,,,,,,,,,,,,,,,,,,,,,,,,,,,,,,,,,,,,,,,,,,,,,,,,,,,,,,,,,,,,,,,,,,,,,,,,,,,,,52141500,,,,,,,,,,,,,,,,,,Low Confidence,45%,Yes
,,,,,,,Appliances & Consumer Electronics,,,,C7CEBBS4RW3,C7CEBBS4RW3 Café Auto Espresso Machine Wh,,,,Appliance Dealers Cooperative (APPDE),Appliance Dealers Cooperative,Metabo HPT,Metabo HPT,C7CEBBS4RW3,,Appliances & Consumer Electronics,"Appliance Dealers Cooperative, Metabo HPT, C7CEBBS4RW3, Color=ss",C7CEBBS4RW3 CAF  AUTO ESPRESSO MACHINE W,METABO HPT C7CEBBS4RW3,METABO HPT,,"Discover the Metabo HPT product, engineered for outstanding performance and lasting durability. With a focus on quality and efficiency, this product is the perfect addition to any modern home.",,,,,,,,,,,,,,,,,,,,,,,,,,,Color,ss,,,,,,,,,,,,,,,,,,,,,,,,,,,,,,,,,,,,,,,,,,,,,,,,,,,,,,,,,,,,,,,,,,,,,,,,,,,,,,,,,,,,,,,,,,,,,,,,,,,,,,,,,,,,,,,,,,,,,,,,,,,,,,,,,,,,,,,,,,,,,,,,,,,,,,,,52141500,,,,,,,,,,,,,,,,,,Low Confidence,45%,Yes
,,,,,,,Appliances & Consumer Electronics,,,,C7CESAS2RS3,C7CESAS2RS3 Café Espresso SS,,,,Appliance Dealers Cooperative (APPDE),Appliance Dealers Cooperative,Metabo HPT,Metabo HPT,C7CESAS2RS3,,Appliances & Consumer Electronics,"Appliance Dealers Cooperative, Metabo HPT, C7CESAS2RS3, Color=ss",C7CESAS2RS3 CAF  ESPRESSO SS,METABO HPT C7CESAS2RS3,METABO HPT,,"Discover the Metabo HPT product, engineered for outstanding performance and lasting durability. With a focus on quality and efficiency, this product is the perfect addition to any modern home.",,,,,,,,,,,,,,,,,,,,,,,,,,,Color,ss,,Material,Stainless Steel,,,,,,,,,,,,,,,,,,,,,,,,,,,,,,,,,,,,,,,,,,,,,,,,,,,,,,,,,,,,,,,,,,,,,,,,,,,,,,,,,,,,,,,,,,,,,,,,,,,,,,,,,,,,,,,,,,,,,,,,,,,,,,,,,,,,,,,,,,,,,,,,,,,,,52141500,,,,,,,,,,,,,,,,,,Low Confidence,45%,Yes
,,,,,,,Appliances & Consumer Electronics,,,,C7CESAS3RD3,C7CESAS3RD3 Café Espresso Machine MB,,,,Appliance Dealers Cooperative (APPDE),Appliance Dealers Cooperative,Metabo HPT,Metabo HPT,C7CESAS3RD3,,Appliances & Consumer Electronics,"Appliance Dealers Cooperative, Metabo HPT, C7CESAS3RD3, Color=ss",C7CESAS3RD3 CAF  ESPRESSO MACHINE MB,METABO HPT C7CESAS3RD3,METABO HPT,,"Discover the Metabo HPT product, engineered for outstanding performance and lasting durability. With a focus on quality and efficiency, this product is the perfect addition to any modern home.",,,,,,,,,,,,,,,,,,,,,,,,,,,Color,ss,,,,,,,,,,,,,,,,,,,,,,,,,,,,,,,,,,,,,,,,,,,,,,,,,,,,,,,,,,,,,,,,,,,,,,,,,,,,,,,,,,,,,,,,,,,,,,,,,,,,,,,,,,,,,,,,,,,,,,,,,,,,,,,,,,,,,,,,,,,,,,,,,,,,,,,,52141500,,,,,,,,,,,,,,,,,,Low Confidence,45%,Yes
,,,,,,,Appliances & Consumer Electronics,,,,C7CESAS4RW3,C7CESAS4RW3 Cafe Espresso Wh,,,,Appliance Dealers Cooperative (APPDE),Appliance Dealers Cooperative,Metabo HPT,Metabo HPT,C7CESAS4RW3,,Appliances & Consumer Electronics,"Appliance Dealers Cooperative, Metabo HPT, C7CESAS4RW3, Color=ss",C7CESAS4RW3 CAFE ESPRESSO WH WHITE,METABO HPT C7CESAS4RW3,METABO HPT,,"Discover the Metabo HPT product, engineered for outstanding performance and lasting durability. With a focus on quality and efficiency, this product is the perfect addition to any modern home.",,,,,,,,,,,,,,,,,,,,,,,,,,,Color,ss,,,,,,,,,,,,,,,,,,,,,,,,,,,,,,,,,,,,,,,,,,,,,,,,,,,,,,,,,,,,,,,,,,,,,,,,,,,,,,,,,,,,,,,,,,,,,,,,,,,,,,,,,,,,,,,,,,,,,,,,,,,,,,,,,,,,,,,,,,,,,,,,,,,,,,,,52141500,,,,,,,,,,,,,,,,,,Low Confidence,45%,Yes
,,,,,,,Appliances,Kitchen Appliances,Wall Ovens,,WOSP30100SS,WOSP30100SS Beko Wall Oven SS,,,,Appliance Dealers Cooperative (APPDE),Appliance Dealers Cooperative,Whiteside®,Whiteside®,WOSP30100SS,,Appliances & Consumer Electronics>Kitchen Appliances>Wall Ovens,"Appliance Dealers Cooperative, Whiteside, Wall Oven, WOSP30100SS",WALL OVEN SST,WHITESIDE WOSP30100SS Wall Oven,"WHITESIDE, Wall Oven",Wall Oven,"Discover the Whiteside® Wall Oven, engineered for outstanding performance and lasting durability. With a focus on quality and efficiency, this Wall Oven is the perfect addition to any modern home.",,,,,,,,,,,,,,,,,,,,,,,,Wall Oven,,Wall Oven,Color,SS,,Type,Oven,,Material,Stainless Steel,,,,,,,,,,,,,,,,,,,,,,,,,,,,,,,,,,,,,,,,,,,,,,,,,,,,,,,,,,,,,,,,,,,,,,,,,,,,,,,,,,,,,,,,,,,,,,,,,,,,,,,,,,,,,,,,,,,,,,,,,,,,,,,,,,,,,,,,,,,,,,,,,,52141508,,,,,,,,,,,,,,,,,,,70%,No
,,,,,,,Appliances,Kitchen Appliances,Microwaves,,MSER2090S,MSER2090S LG Microwave SS,,,,Appliance Dealers Cooperative (APPDE),LG Electronics,LG®,LG®,MSER2090S,,Appliances & Consumer Electronics>Kitchen Appliances>Microwaves,"LG Electronics, LG, Microwave, MSER2090S, Color=SS, Type=Microwave",MICROWAVE SST 120V 15A,LG MSER2090S Microwave,"LG, Microwave, 120 Voltage, 15 Amperage, 24 Width, 2.0 Capacity",Microwave,"Discover the LG® Microwave, engineered for outstanding performance and lasting durability. With a focus on quality and efficiency, this Microwave is the perfect addition to any modern home.",,,,,,,,,,,,,,,,,,,,,,,,Microwave,,Microwave,Color,SS,,Type,Microwave,,Voltage Rating,120,,Amperage Rating,15,,Capacity,2.0,,Width,24,,Material,Stainless Steel,,,,,,,,,,,,,,,,,,,,,,,,,,,,,,,,,,,,,,,,,,,,,,,,,,,,,,,,,,,,,,,,,,,,,,,,,,,,,,,,,,,,,,,,,,,,,,,,,,,,,,,,,,,,,,,,,,,,,,,,,,,,,,,,,,,,,,52141503,,,,,,,,,24,,,,,,,,,,85%,No
,,,,,,,Appliances,Kitchen Appliances,Microwaves,,GCST16S1WSS,GCST16S1WSS GE Microwave SS,,,,Appliance Dealers Cooperative (APPDE),GE Appliances,GE®,GE®,GCST16S1WSS,,Appliances & Consumer Electronics>Kitchen Appliances>Microwaves,"GE Appliances, GE, Microwave, GCST16S1WSS, Color=SS, Type=Microwave",MICROWAVE SST 120V 15A,GE GCST16S1WSS Microwave,"GE, Microwave, 120 Voltage, 15 Amperage, 24 Width, 1.6 Capacity",Microwave,"Discover the GE® Microwave, engineered for outstanding performance and lasting durability. With a focus on quality and efficiency, this Microwave is the perfect addition to any modern home.",,,,,,,,,,,,,,,,,,,,,,,,Microwave,,Microwave,Color,SS,,Type,Microwave,,Voltage Rating,120,,Amperage Rating,15,,Capacity,1.6,,Width,24,,Material,Stainless Steel,,,,,,,,,,,,,,,,,,,,,,,,,,,,,,,,,,,,,,,,,,,,,,,,,,,,,,,,,,,,,,,,,,,,,,,,,,,,,,,,,,,,,,,,,,,,,,,,,,,,,,,,,,,,,,,,,,,,,,,,,,,,,,,,,,,,,,52141503,,,,,,,,,24,,,,,,,,,,85%,No
,,,,,,,Appliances,Kitchen Appliances,Microwaves,,PCWK15C1WSS,PCWK15C1WSS GE Microwave,,,,Appliance Dealers Cooperative (APPDE),GE Appliances,GE®,GE®,PCWK15C1WSS,,Appliances & Consumer Electronics>Kitchen Appliances>Microwaves,"GE Appliances, GE, Microwave, PCWK15C1WSS, Color=SS, Type=Microwave",MICROWAVE SST 120V 15A,GE PCWK15C1WSS Microwave,"GE, Microwave, 120 Voltage, 15 Amperage, 24 Width, 1.5 Capacity",Microwave,"Discover the GE® Microwave, engineered for outstanding performance and lasting durability. With a focus on quality and efficiency, this Microwave is the perfect addition to any modern home.",,,,,,,,,,,,,,,,,,,,,,,,Microwave,,Microwave,Color,SS,,Type,Microwave,,Voltage Rating,120,,Amperage Rating,15,,Capacity,1.5,,Width,24,,,,,,,,,,,,,,,,,,,,,,,,,,,,,,,,,,,,,,,,,,,,,,,,,,,,,,,,,,,,,,,,,,,,,,,,,,,,,,,,,,,,,,,,,,,,,,,,,,,,,,,,,,,,,,,,,,,,,,,,,,,,,,,,,,,,,,,,,52141503,,,,,,,,,24,,,,,,,,,,85%,No
,,,,,,,Appliances,Kitchen Appliances,Microwaves,,SMC2266KS,SMC2266KS Microwave SS Display Only,,,,Appliance Dealers Cooperative (APPDE),Southwire Company,Southwire®,Southwire®,SMC2266KS,,Appliances & Consumer Electronics>Kitchen Appliances>Microwaves,"Southwire Company, Southwire, Microwave, SMC2266KS, Color=SS, Type=Microwave",MICROWAVE SST 120V 15A,SOUTHWIRE SMC2266KS Microwave,"SOUTHWIRE, Microwave, 120 Voltage, 15 Amperage, 24 Width, 2.2 Capacity",Microwave,"Discover the Southwire® Microwave, engineered for outstanding performance and lasting durability. With a focus on quality and efficiency, this Microwave is the perfect addition to any modern home.",,,,,,,,,,,,,,,,,,,,,,,,Microwave,,Microwave,Color,SS,,Type,Microwave,,Display Only,Display Only,,Voltage Rating,120,,Amperage Rating,15,,Capacity,2.2,,Width,24,,Material,Stainless Steel,,,,,,,,,,,,,,,,,,,,,,,,,,,,,,,,,,,,,,,,,,,,,,,,,,,,,,,,,,,,,,,,,,,,,,,,,,,,,,,,,,,,,,,,,,,,,,,,,,,,,,,,,,,,,,,,,,,,,,,,,,,,,,,,,,,52141503,,,,,,,,,24,,,,,,,,,,85%,No
,,,,,,,Appliances,Kitchen Appliances,Microwaves,,SMD2479JS,SMD2479JS Microwave Drawer SS Display Only,,,,Appliance Dealers Cooperative (APPDE),Southwire Company,Southwire®,Southwire®,SMD2479JS,,Appliances & Consumer Electronics>Kitchen Appliances>Microwaves,"Southwire Company, Southwire, Microwave, SMD2479JS, Color=SS, Type=Microwave",MICROWAVE SST 120V 15A,SOUTHWIRE SMD2479JS Microwave,"SOUTHWIRE, Microwave, 120 Voltage, 15 Amperage, 24 Width, 1.2 Capacity",Microwave,"Discover the Southwire® Microwave, engineered for outstanding performance and lasting durability. With a focus on quality and efficiency, this Microwave is the perfect addition to any modern home.",,,,,,,,,,,,,,,,,,,,,,,,Microwave,,Microwave,Color,SS,,Type,Microwave,,Display Only,Display Only,,Voltage Rating,120,,Amperage Rating,15,,Capacity,1.2,,Width,24,,Material,Stainless Steel,,,,,,,,,,,,,,,,,,,,,,,,,,,,,,,,,,,,,,,,,,,,,,,,,,,,,,,,,,,,,,,,,,,,,,,,,,,,,,,,,,,,,,,,,,,,,,,,,,,,,,,,,,,,,,,,,,,,,,,,,,,,,,,,,,,52141503,,,,,,,,,24,,,,,,,,,,85%,No
,,,,,,,Appliances,Kitchen Appliances,Cooktops,,PEP9030DTBB,"PEP9030DTBB 30"" GE Cooktop Bk",,,,Appliance Dealers Cooperative (APPDE),GE Appliances,GE®,GE®,PEP9030DTBB,,Appliances & Consumer Electronics>Kitchen Appliances>Cooktops,"GE Appliances, GE, Cooktop, PEP9030DTBB, Color=Bk, 30"" GE Cooktop Bk, Black",COOKTOP BK 240V 40A,GE PEP9030DTBB Cooktop,"GE, Cooktop, 240 Voltage, 40 Amperage, 30 Width, Black Material",Cooktop,"Discover the GE® Cooktop, engineered for outstanding performance and lasting durability. With a focus on quality and efficiency, this Cooktop is the perfect addition to any modern home.",,,,,,,,,,,,,,,,,,,,,,,,Cooktop,,Cooktop,Color,Bk,,Voltage Rating,240,,Amperage Rating,40,,Width,30,,material,Black,,,,,,,,,,,,,,,,,,,,,,,,,,,,,,,,,,,,,,,,,,,,,,,,,,,,,,,,,,,,,,,,,,,,,,,,,,,,,,,,,,,,,,,,,,,,,,,,,,,,,,,,,,,,,,,,,,,,,,,,,,,,,,,,,,,,,,,,,,,,52141507,,,,,,,,,30,,,,,,,,,,85%,No
,,,,,,,Appliances,Kitchen Appliances,Ranges,,CES700P3MD1,"CES700P3MD1 Cafe 30"" Range Bk - Display",,,,Appliance Dealers Cooperative (APPDE),GE Appliances,GE®,GE®,CES700P3MD1,,Appliances & Consumer Electronics>Kitchen Appliances>Ranges,"GE Appliances, GE, Range, CES700P3MD1, Color=Bk, Type=Range",RANGE BK,GE CES700P3MD1 Range,"GE, Range",Range,"Discover the GE® Range, engineered for outstanding performance and lasting durability. With a focus on quality and efficiency, this Range is the perfect addition to any modern home.",,,,,,,,,,,,,,,,,,,,,,,,Range,,Range,Color,Bk,,Type,Range,,,,,,,,,,,,,,,,,,,,,,,,,,,,,,,,,,,,,,,,,,,,,,,,,,,,,,,,,,,,,,,,,,,,,,,,,,,,,,,,,,,,,,,,,,,,,,,,,,,,,,,,,,,,,,,,,,,,,,,,,,,,,,,,,,,,,,,,,,,,,,,,,,,,,52141504,,,,,,,,,,,,,,,,,,,68%,No
,,,,,,,Appliances,Kitchen Appliances,Ranges,,PS960YPFS,"PS960YPFS 30"" GE Electric Range SS - Display Only",,,,Appliance Dealers Cooperative (APPDE),GE Appliances,GE®,GE®,PS960YPFS,,Appliances & Consumer Electronics>Kitchen Appliances>Ranges,"GE®, Range, Stainless Steel, Stainless Steel, 30"" Electric - Display Only",RANGE SST 240V 40A,GE PS960YPFS Range,"GE, Range, 240 Voltage, 40 Amperage, 30 Width, Stainless Steel Material",Range,"Discover the GE® Range, engineered for outstanding performance and lasting durability. With a focus on quality and efficiency, this Range is the perfect addition to any modern home.",,,,,,,,,,,,,,,,,,,,,,,,Range,,Range,Color,SS,,Type,Range,,Display Only,Display Only,,Voltage Rating,240,,Amperage Rating,40,,Width,30,,material,Stainless Steel,,,,,,,,,,,,,,,,,,,,,,,,,,,,,,,,,,,,,,,,,,,,,,,,,,,,,,,,,,,,,,,,,,,,,,,,,,,,,,,,,,,,,,,,,,,,,,,,,,,,,,,,,,,,,,,,,,,,,,,,,,,,,,,,,,,,,,52141504,,,,,,,,,30,,,,,,,,,,85%,No
,,,,,,,Appliances,Kitchen Appliances,Ranges,,PB900YVFS,"PB900YVFS Elect 30"" Range SS",,,,Appliance Dealers Cooperative (APPDE),GE Appliances,GE®,GE®,PB900YVFS,,Appliances & Consumer Electronics>Kitchen Appliances>Ranges,"GE Appliances, GE, Range, PB900YVFS, Color=SS, Type=Range, Elect 30"" Range SS",RANGE SST 240V 40A,GE PB900YVFS Range,"GE, Range, 240 Voltage, 40 Amperage, 30 Width, Stainless Steel Material",Range,"Discover the GE® Range, engineered for outstanding performance and lasting durability. With a focus on quality and efficiency, this Range is the perfect addition to any modern home.",,,,,,,,,,,,,,,,,,,,,,,,Range,,Range,Color,SS,,Type,Range,,Voltage Rating,240,,Amperage Rating,40,,Width,30,,material,Stainless Steel,,,,,,,,,,,,,,,,,,,,,,,,,,,,,,,,,,,,,,,,,,,,,,,,,,,,,,,,,,,,,,,,,,,,,,,,,,,,,,,,,,,,,,,,,,,,,,,,,,,,,,,,,,,,,,,,,,,,,,,,,,,,,,,,,,,,,,,,,52141504,,,,,,,,,30,,,,,,,,,,85%,No
,,,,,,,Appliances,Kitchen Appliances,Ranges,,PCFE3080AF,"PCFE3080AF 30"" Elect Range SS - Display Only",,,,Appliance Dealers Cooperative (APPDE),GE Appliances,GE®,GE®,PCFE3080AF,,Appliances & Consumer Electronics>Kitchen Appliances>Ranges,"GE®, Range, Stainless Steel, Stainless Steel, 30"" Elect - Display Only",RANGE SST 240V 40A,GE PCFE3080AF Range,"GE, Range, 240 Voltage, 40 Amperage, 30 Width, Stainless Steel Material",Range,"Discover the GE® Range, engineered for outstanding performance and lasting durability. With a focus on quality and efficiency, this Range is the perfect addition to any modern home.",,,,,,,,,,,,,,,,,,,,,,,,Range,,Range,Color,SS,,Type,Range,,Display Only,Display Only,,Voltage Rating,240,,Amperage Rating,40,,Width,30,,material,Stainless Steel,,,,,,,,,,,,,,,,,,,,,,,,,,,,,,,,,,,,,,,,,,,,,,,,,,,,,,,,,,,,,,,,,,,,,,,,,,,,,,,,,,,,,,,,,,,,,,,,,,,,,,,,,,,,,,,,,,,,,,,,,,,,,,,,,,,,,,52141504,,,,,,,,,30,,,,,,,,,,85%,No
,,,,,,,Appliances,Kitchen Appliances,Ranges,,SLER30524SS,"SLER30524SS 30"" Elect Range SS",,,,Appliance Dealers Cooperative (APPDE),GE Appliances,GE®,GE®,SLER30524SS,,Appliances & Consumer Electronics>Kitchen Appliances>Ranges,"GE Appliances, GE, Range, SLER30524SS, Color=SS, Type=Range, 30"" Elect Range SS",RANGE SST 240V 40A,GE SLER30524SS Range,"GE, Range, 240 Voltage, 40 Amperage, 30 Width, Stainless Steel Material",Range,"Discover the GE® Range, engineered for outstanding performance and lasting durability. With a focus on quality and efficiency, this Range is the perfect addition to any modern home.",,,,,,,,,,,,,,,,,,,,,,,,Range,,Range,Color,SS,,Type,Range,,Voltage Rating,240,,Amperage Rating,40,,Width,30,,material,Stainless Steel,,,,,,,,,,,,,,,,,,,,,,,,,,,,,,,,,,,,,,,,,,,,,,,,,,,,,,,,,,,,,,,,,,,,,,,,,,,,,,,,,,,,,,,,,,,,,,,,,,,,,,,,,,,,,,,,,,,,,,,,,,,,,,,,,,,,,,,,,52141504,,,,,,,,,30,,,,,,,,,,85%,No
,,,,,,,Appliances,Kitchen Appliances,Ranges,,LSEL6333ZE,"LSEL6333ZE LG 30"" Elec Range BS-Display Only",,,,Appliance Dealers Cooperative (APPDE),GE Appliances,GE®,GE®,LSEL6333ZE,,Appliances & Consumer Electronics>Kitchen Appliances>Ranges,"GE Appliances, GE, Range, LSEL6333ZE, Type=Range, Display Only=Display Only",RANGE BLACK STAINLESS STEEL 240V 40A,GE LSEL6333ZE Range,"GE, Range, 240 Voltage, 40 Amperage, 30 Width, Black Stainless Steel Material",Range,"Discover the GE® Range, engineered for outstanding performance and lasting durability. With a focus on quality and efficiency, this Range is the perfect addition to any modern home.",,,,,,,,,,,,,,,,,,,,,,,,Range,,Range,Type,Range,,Display Only,Display Only,,Voltage Rating,240,,Amperage Rating,40,,Width,30,,material,Black Stainless Steel,,Color,Yellow,,,,,,,,,,,,,,,,,,,,,,,,,,,,,,,,,,,,,,,,,,,,,,,,,,,,,,,,,,,,,,,,,,,,,,,,,,,,,,,,,,,,,,,,,,,,,,,,,,,,,,,,,,,,,,,,,,,,,,,,,,,,,,,,,,,,,,52141504,,,,,,,,,30,,,,,,,,,,85%,No
,,,,,,,Appliances,Kitchen Appliances,Ranges,,KSES530SBE,"KSES530SBE 30"" Elect Range BO Display Only",,,,Appliance Dealers Cooperative (APPDE),GE Appliances,GE®,GE®,KSES530SBE,,Appliances & Consumer Electronics>Kitchen Appliances>Ranges,"GE®, Range, Black Oxide, Bisque, 30"" Elect BO Display Only, KSES530SBE",RANGE BLACK OXIDE 240V 40A 30IN BISQUE,GE KSES530SBE Range,"GE, Range, 240 Voltage, 40 Amperage, 30 Width, Black Oxide Material",Range,"Discover the GE® Range, engineered for outstanding performance and lasting durability. With a focus on quality and efficiency, this Range is the perfect addition to any modern home.",,,,,,,,,,,,,,,,,,,,,,,,Range,,Range,Color,BO,,Type,Range,,Display Only,Display Only,,Voltage Rating,240,,Amperage Rating,40,,Width,30,,material,Black Oxide,,,,,,,,,,,,,,,,,,,,,,,,,,,,,,,,,,,,,,,,,,,,,,,,,,,,,,,,,,,,,,,,,,,,,,,,,,,,,,,,,,,,,,,,,,,,,,,,,,,,,,,,,,,,,,,,,,,,,,,,,,,,,,,,,,,,,,52141504,,,,,,,,,30,,,,,,,,,,85%,No
,,,,,,,Appliances,Kitchen Appliances,Ranges,,GCFG3661AF,"GCFG3661AF 36"" Frigidaire Gas Range SS",,,,Appliance Dealers Cooperative (APPDE),Appliance Dealers Cooperative,FRIGIDAIRE®,FRIGIDAIRE®,GCFG3661AF,,Appliances & Consumer Electronics>Kitchen Appliances>Ranges,"Appliance Dealers Cooperative, FRIGIDAIRE, Range, GCFG3661AF",RANGE SST 240V 40A,FRIGIDAIRE GCFG3661AF Range,"FRIGIDAIRE, Range, 240 Voltage, 40 Amperage, 36 Width, Stainless Steel Material",Range,"Discover the FRIGIDAIRE® Range, engineered for outstanding performance and lasting durability. With a focus on quality and efficiency, this Range is the perfect addition to any modern home.",,,,,,,,,,,,,,,,,,,,,,,,Range,,Range,Color,SS,,Type,Range,,Voltage Rating,240,,Amperage Rating,40,,Width,36,,material,Stainless Steel,,,,,,,,,,,,,,,,,,,,,,,,,,,,,,,,,,,,,,,,,,,,,,,,,,,,,,,,,,,,,,,,,,,,,,,,,,,,,,,,,,,,,,,,,,,,,,,,,,,,,,,,,,,,,,,,,,,,,,,,,,,,,,,,,,,,,,,,,52141504,,,,,,,,,36,,,,,,,,,,85%,No
,,,,,,,Appliances,Kitchen Appliances,Ranges,,WSGS7530RZ,"WSGS7530RZ 30"" Gas Range SS - Display Only",,,,Appliance Dealers Cooperative (APPDE),GE Appliances,GE®,GE®,WSGS7530RZ,,Appliances & Consumer Electronics>Kitchen Appliances>Ranges,"GE®, Range, Stainless Steel, Stainless Steel, 30"" Gas - Display Only",RANGE STAINLESS STEEL 120V 15A 30IN GAS,GE WSGS7530RZ Range,"GE, Range, 120 Voltage, 15 Amperage, 30 Width, Stainless Steel Material, Gas",Range,"Discover the GE® Range, engineered for outstanding performance and lasting durability. With a focus on quality and efficiency, this Range is the perfect addition to any modern home.",,,,,,,,,,,,,,,,,,,,,,,,Range,,Range,Color,SS,,Type,Range,,Display Only,Display Only,,Voltage Rating,120,,Amperage Rating,15,,Width,30,,Fuel Type,Gas,,material,Stainless Steel,,,,,,,,,,,,,,,,,,,,,,,,,,,,,,,,,,,,,,,,,,,,,,,,,,,,,,,,,,,,,,,,,,,,,,,,,,,,,,,,,,,,,,,,,,,,,,,,,,,,,,,,,,,,,,,,,,,,,,,,,,,,,,,,,,,52141504,,,,,,,,,30,,,,,,,,,,85%,No
,,,,,,,Appliances,Kitchen Appliances,Cooktops,,CHP90301TBB,CHP90301TBB Café Cooktop Bk,,,,Appliance Dealers Cooperative (APPDE),Channellock Inc,Channellock®,Channellock®,CHP90301TBB,,Appliances & Consumer Electronics>Kitchen Appliances>Cooktops,"Channellock Inc, Channellock, Cooktop, CHP90301TBB, Color=Bk",COOKTOP BK 240V 40A,CHANNELLOCK CHP90301TBB Cooktop,"CHANNELLOCK, Cooktop, 240 Voltage, 40 Amperage, 30 Width, Black Material",Cooktop,"Discover the Channellock® Cooktop, engineered for outstanding performance and lasting durability. With a focus on quality and efficiency, this Cooktop is the perfect addition to any modern home.",,,,,,,,,,,,,,,,,,,,,,,,Cooktop,,Cooktop,Color,Bk,,Voltage Rating,240,,Amperage Rating,40,,Width,30,,material,Black,,,,,,,,,,,,,,,,,,,,,,,,,,,,,,,,,,,,,,,,,,,,,,,,,,,,,,,,,,,,,,,,,,,,,,,,,,,,,,,,,,,,,,,,,,,,,,,,,,,,,,,,,,,,,,,,,,,,,,,,,,,,,,,,,,,,,,,,,,,,52141507,,,,,,,,,30,,,,,,,,,,85%,No
,,,,,,,Appliances,Kitchen Appliances,Microwaves,,CVM517P3RD1,CVM517P3RD1 Cafe Microwave Bk - Display,,,,Appliance Dealers Cooperative (APPDE),Appliance Dealers Cooperative,Appliance Dealers Cooperative®,Appliance Dealers Cooperative®,CVM517P3RD1,,Appliances & Consumer Electronics>Kitchen Appliances>Microwaves,"Appliance Dealers Cooperative, Microwave, CVM517P3RD1, Color=Bk, Type=Microwave",MICROWAVE BK 120V 15A,APPLIANCE DEALERS COOPERATIVE CVM517P3RD1 Microwave,"APPLIANCE DEALERS COOPERATIVE, Microwave, 120 Voltage, 15 Amperage, 30 Width, 1.7 Capacity",Microwave,"Discover the Appliance Dealers Cooperative® Microwave, engineered for outstanding performance and lasting durability. With a focus on quality and efficiency, this Microwave is the perfect addition to any modern home.",,,,,,,,,,,,,,,,,,,,,,,,Microwave,,Microwave,Color,Bk,,Type,Microwave,,Voltage Rating,120,,Amperage Rating,15,,Capacity,1.7,,Width,30,,,,,,,,,,,,,,,,,,,,,,,,,,,,,,,,,,,,,,,,,,,,,,,,,,,,,,,,,,,,,,,,,,,,,,,,,,,,,,,,,,,,,,,,,,,,,,,,,,,,,,,,,,,,,,,,,,,,,,,,,,,,,,,,,,,,,,,,,52141503,,,,,,,,,30,,,,,,,,,,75%,No
,,,,,,,Appliances,Kitchen Appliances,Microwaves,,PMOS1980AF,PMOS1980AF OTR Microwave SS - Display Only,,,,Appliance Dealers Cooperative (APPDE),Appliance Dealers Cooperative,Appliance Dealers Cooperative®,Appliance Dealers Cooperative®,PMOS1980AF,,Appliances & Consumer Electronics>Kitchen Appliances>Microwaves,"Appliance Dealers Cooperative, Microwave, PMOS1980AF, Over-the-Range",MICROWAVE OVER SST 120V 15A,APPLIANCE DEALERS COOPERATIVE PMOS1980AF Microwave,"APPLIANCE DEALERS COOPERATIVE, Microwave, 120 Voltage, 15 Amperage, Over-the-Range Mounting, 30 Width, 1.9 Capacity",Microwave,"Discover the Appliance Dealers Cooperative® Microwave, engineered for outstanding performance and lasting durability. With a focus on quality and efficiency, this Microwave is the perfect addition to any modern home.",,,,,,,,,,,,,,,,,,,,,,,,Microwave,,Microwave,Color,SS,,Type,Microwave,,Display Only,Display Only,,Voltage Rating,120,,Amperage Rating,15,,Capacity,1.9,,Mounting Type,Over-the-Range,,Width,30,,Material,Stainless Steel,,,,,,,,,,,,,,,,,,,,,,,,,,,,,,,,,,,,,,,,,,,,,,,,,,,,,,,,,,,,,,,,,,,,,,,,,,,,,,,,,,,,,,,,,,,,,,,,,,,,,,,,,,,,,,,,,,,,,,,,,,,,,,,,52141503,,,,,,,,,30,,,,,,,,,,75%,No
,,,,,,,Appliances & Consumer Electronics,Kitchen Appliances,Microwaves,,WMMS3330RZ,WMMS3330RZ OTR Mocrowave SS - Display Only,,,,Appliance Dealers Cooperative (APPDE),Appliance Dealers Cooperative,Whiteside®,Whiteside®,WMMS3330RZ,,Appliances & Consumer Electronics>Kitchen Appliances>Microwaves,"Appliance Dealers Cooperative, Whiteside, WMMS3330RZ, Color=SS",WMMS3330RZ OTR MOCROWAVE SS - DISPLAY ON,WHITESIDE WMMS3330RZ,WHITESIDE,,"Discover the Whiteside® product, engineered for outstanding performance and lasting durability. With a focus on quality and efficiency, this product is the perfect addition to any modern home.",,,,,,,,,,,,,,,,,,,,,,,,,,,Color,SS,,Display Only,Display Only,,Material,Stainless Steel,,,,,,,,,,,,,,,,,,,,,,,,,,,,,,,,,,,,,,,,,,,,,,,,,,,,,,,,,,,,,,,,,,,,,,,,,,,,,,,,,,,,,,,,,,,,,,,,,,,,,,,,,,,,,,,,,,,,,,,,,,,,,,,,,,,,,,,,,,,,,,,,,,52141503,,,,,,,,,,,,,,,,,,,70%,No
,,,,,,,Appliances,Kitchen Appliances,Microwaves,,KMMF530PBE,KMMF530PBE OTR Microwave BO Display Only,,,,Appliance Dealers Cooperative (APPDE),Appliance Dealers Cooperative,Appliance Dealers Cooperative®,Appliance Dealers Cooperative®,KMMF530PBE,,Appliances & Consumer Electronics>Kitchen Appliances>Microwaves,"Appliance Dealers Cooperative, Microwave, KMMF530PBE, Over-the-Range",MICROWAVE OVER BO 120V 15A,APPLIANCE DEALERS COOPERATIVE KMMF530PBE Microwave,"APPLIANCE DEALERS COOPERATIVE, Microwave, 120 Voltage, 15 Amperage, Over-the-Range Mounting, 30 Width, 1.9 Capacity",Microwave,"Discover the Appliance Dealers Cooperative® Microwave, engineered for outstanding performance and lasting durability. With a focus on quality and efficiency, this Microwave is the perfect addition to any modern home.",,,,,,,,,,,,,,,,,,,,,,,,Microwave,,Microwave,Color,BO,,Type,Microwave,,Display Only,Display Only,,Voltage Rating,120,,Amperage Rating,15,,Capacity,1.9,,Mounting Type,Over-the-Range,,Width,30,,,,,,,,,,,,,,,,,,,,,,,,,,,,,,,,,,,,,,,,,,,,,,,,,,,,,,,,,,,,,,,,,,,,,,,,,,,,,,,,,,,,,,,,,,,,,,,,,,,,,,,,,,,,,,,,,,,,,,,,,,,,,,,,,,,52141503,,,,,,,,,30,,,,,,,,,,75%,No
,,,,,,,Appliances,Kitchen Appliances,Ranges,,JXGRILL1,JXGRILL1 GE Range Grill,,,,Appliance Dealers Cooperative (APPDE),GE Appliances,GE®,GE®,JXGRILL1,,Appliances & Consumer Electronics>Kitchen Appliances>Ranges,"GE Appliances, GE, Range, JXGRILL1, Type=Range, GE Range Grill, Yellow",RANGE YELLOW,GE JXGRILL1 Range,"GE, Range",Range,"Discover the GE® Range, engineered for outstanding performance and lasting durability. With a focus on quality and efficiency, this Range is the perfect addition to any modern home.",,,,,,,,,,,,,,,,,,,,,,,,Range,,Range,Type,Range,,Color,Yellow,,,,,,,,,,,,,,,,,,,,,,,,,,,,,,,,,,,,,,,,,,,,,,,,,,,,,,,,,,,,,,,,,,,,,,,,,,,,,,,,,,,,,,,,,,,,,,,,,,,,,,,,,,,,,,,,,,,,,,,,,,,,,,,,,,,,,,,,,,,,,,,,,,,,,52141504,,,,,,,,,,,,,,,,,,,75%,No
,,,,,,,Appliances & Consumer Electronics,,,,C9TMA2S3PD3,C9TMA2S3PD3 Café Toaster MB,,,,Appliance Dealers Cooperative (APPDE),Appliance Dealers Cooperative,Appliance Dealers Cooperative®,Appliance Dealers Cooperative®,C9TMA2S3PD3,,Appliances & Consumer Electronics,"Appliance Dealers Cooperative, C9TMA2S3PD3, Café Toaster MB, Yellow",C9TMA2S3PD3 CAF  TOASTER MB YELLOW,APPLIANCE DEALERS COOPERATIVE C9TMA2S3PD3,APPLIANCE DEALERS COOPERATIVE,,"Discover the Appliance Dealers Cooperative® product, engineered for outstanding performance and lasting durability. With a focus on quality and efficiency, this product is the perfect addition to any modern home.",,,,,,,,,,,,,,,,,,,,,,,,,,,Color,Yellow,,,,,,,,,,,,,,,,,,,,,,,,,,,,,,,,,,,,,,,,,,,,,,,,,,,,,,,,,,,,,,,,,,,,,,,,,,,,,,,,,,,,,,,,,,,,,,,,,,,,,,,,,,,,,,,,,,,,,,,,,,,,,,,,,,,,,,,,,,,,,,,,,,,,,,,,52141500,,,,,,,,,,,,,,,,,,Low Confidence,45%,Yes
,,,,,,,Appliances & Consumer Electronics,,,,C9TMA2S4PW3,C9TMA2S4PW3 Café Toaster MW,,,,Appliance Dealers Cooperative (APPDE),Appliance Dealers Cooperative,Appliance Dealers Cooperative®,Appliance Dealers Cooperative®,C9TMA2S4PW3,,Appliances & Consumer Electronics,"Appliance Dealers Cooperative, C9TMA2S4PW3, Café Toaster MW, Yellow",C9TMA2S4PW3 CAF  TOASTER MW YELLOW,APPLIANCE DEALERS COOPERATIVE C9TMA2S4PW3,APPLIANCE DEALERS COOPERATIVE,,"Discover the Appliance Dealers Cooperative® product, engineered for outstanding performance and lasting durability. With a focus on quality and efficiency, this product is the perfect addition to any modern home.",,,,,,,,,,,,,,,,,,,,,,,,,,,Color,Yellow,,,,,,,,,,,,,,,,,,,,,,,,,,,,,,,,,,,,,,,,,,,,,,,,,,,,,,,,,,,,,,,,,,,,,,,,,,,,,,,,,,,,,,,,,,,,,,,,,,,,,,,,,,,,,,,,,,,,,,,,,,,,,,,,,,,,,,,,,,,,,,,,,,,,,,,,52141500,,,,,,,,,,,,,,,,,,Low Confidence,45%,Yes
,,,,,,,Appliances,Kitchen Appliances,Ovens,,C90AAAS2RS3,C90AAAS2RS3 Cafe Toast Oven SS,,,,Appliance Dealers Cooperative (APPDE),Appliance Dealers Cooperative,Appliance Dealers Cooperative®,Appliance Dealers Cooperative®,C90AAAS2RS3,,Appliances & Consumer Electronics>Kitchen Appliances>Ovens,"Appliance Dealers Cooperative, Oven, C90AAAS2RS3, Color=SS, Type=Oven",OVEN STAINLESS STEEL,APPLIANCE DEALERS COOPERATIVE C90AAAS2RS3 Oven,"APPLIANCE DEALERS COOPERATIVE, Oven",Oven,"Discover the Appliance Dealers Cooperative® Oven, engineered for outstanding performance and lasting durability. With a focus on quality and efficiency, this Oven is the perfect addition to any modern home.",,,,,,,,,,,,,,,,,,,,,,,,Oven,,Oven,Color,SS,,Type,Oven,,Material,Stainless Steel,,,,,,,,,,,,,,,,,,,,,,,,,,,,,,,,,,,,,,,,,,,,,,,,,,,,,,,,,,,,,,,,,,,,,,,,,,,,,,,,,,,,,,,,,,,,,,,,,,,,,,,,,,,,,,,,,,,,,,,,,,,,,,,,,,,,,,,,,,,,,,,,,,52141504,,,,,,,,,,,,,,,,,,,70%,No
,,,,,,,Appliances & Consumer Electronics,,,,C9TMA2SP2PS3,C9TMA2S2PS3 Cafe Toaster SS,,,,Appliance Dealers Cooperative (APPDE),Appliance Dealers Cooperative,Appliance Dealers Cooperative®,Appliance Dealers Cooperative®,C9TMA2SP2PS3,,Appliances & Consumer Electronics,"Appliance Dealers Cooperative®, Stainless Steel, Stainless Steel",C9TMA2S2PS3 CAFE TOASTER SS,APPLIANCE DEALERS COOPERATIVE C9TMA2SP2PS3,APPLIANCE DEALERS COOPERATIVE,,"Discover the Appliance Dealers Cooperative® product, engineered for outstanding performance and lasting durability. With a focus on quality and efficiency, this product is the perfect addition to any modern home.",,,,,,,,,,,,,,,,,,,,,,,,,,,Color,SS,,Material,Stainless Steel,,,,,,,,,,,,,,,,,,,,,,,,,,,,,,,,,,,,,,,,,,,,,,,,,,,,,,,,,,,,,,,,,,,,,,,,,,,,,,,,,,,,,,,,,,,,,,,,,,,,,,,,,,,,,,,,,,,,,,,,,,,,,,,,,,,,,,,,,,,,,,,,,,,,,52141500,,,,,,,,,,,,,,,,,,Low Confidence,45%,Yes
,,,,,,,Appliances,Kitchen Appliances,Refrigerators,,GDE21EMKES,GDE21EMKES GE 21CF Fridge SL Display Only,,,,Appliance Dealers Cooperative (APPDE),GE Appliances,GE®,GE®,GDE21EMKES,,Appliances & Consumer Electronics>Kitchen Appliances>Refrigerators,"GE Appliances, GE, Refrigerator, Bottom Freezer Series, GDE21EMKES",REFRIGERATOR DG 120V 15A,GE Bottom Freezer GDE21EMKES Refrigerator,"GE, Refrigerator, Bottom Freezer, 120 Voltage, 15 Amperage, 36 Width, 21 Capacity",Refrigerator,"Discover the GE® Refrigerator, engineered for outstanding performance and lasting durability. With a focus on quality and efficiency, this Refrigerator is the perfect addition to any modern home.",,,,,,,,,,,,,,,,,,,,,,,,Refrigerator,,Refrigerator,Color,dg,,Capacity,21,cu ft,Display Only,Display Only,,Voltage Rating,120,,Amperage Rating,15,,Width,36,,,,,,,,,,,,,,,,,,,,,,,,,,,,,,,,,,,,,,,,,,,,,,,,,,,,,,,,,,,,,,,,,,,,,,,,,,,,,,,,,,,,,,,,,,,,,,,,,,,,,,,,,,,,,,,,,,,,,,,,,,,,,,,,,,,,,,,,,52141502,,,,,,,,,36,,,,,,,,,,85%,No
,,,,,,,Appliances,Kitchen Appliances,Freezers,,FCM16SLWW,FCM16SLWW 16CF GE Freezer Chest MH,,,,Appliance Dealers Cooperative (APPDE),GE Appliances,GE®,GE®,FCM16SLWW,,Appliances & Consumer Electronics>Kitchen Appliances>Freezers,"GE Appliances, GE, Freezer, FCM16SLWW, Capacity=16, Type=Freezer",FREEZER 120V 15A,GE FCM16SLWW Freezer,"GE, Freezer, 120 Voltage, 15 Amperage, 30 Width, 16 Capacity",Freezer,"Discover the GE® Freezer, engineered for outstanding performance and lasting durability. With a focus on quality and efficiency, this Freezer is the perfect addition to any modern home.",,,,,,,,,,,,,,,,,,,,,,,,Freezer,,Freezer,Capacity,16,cu ft,Type,Freezer,,Voltage Rating,120,,Amperage Rating,15,,Width,30,,Color,Yellow,,,,,,,,,,,,,,,,,,,,,,,,,,,,,,,,,,,,,,,,,,,,,,,,,,,,,,,,,,,,,,,,,,,,,,,,,,,,,,,,,,,,,,,,,,,,,,,,,,,,,,,,,,,,,,,,,,,,,,,,,,,,,,,,,,,,,,,,,52141512,,,,,,,,,30,,,,,,,,,,85%,No
,,,,,,,Appliances,Kitchen Appliances,Refrigerators,,GNE27JYMFS,GNE27JYMFS GE Fridge SS,,,,Appliance Dealers Cooperative (APPDE),GE Appliances,GE®,GE®,GNE27JYMFS,,Appliances & Consumer Electronics>Kitchen Appliances>Refrigerators,"GE Appliances, GE, Refrigerator, French Door Series, GNE27JYMFS",REFRIGERATOR DG 120V 15A,GE French Door GNE27JYMFS Refrigerator,"GE, Refrigerator, French Door, 120 Voltage, 15 Amperage, 36 Width, 27.9 Capacity",Refrigerator,"Discover the GE® Refrigerator, engineered for outstanding performance and lasting durability. With a focus on quality and efficiency, this Refrigerator is the perfect addition to any modern home.",,,,,,,,,,,,,,,,,,,,,,,,Refrigerator,,Refrigerator,Color,dg,,Voltage Rating,120,,Amperage Rating,15,,Capacity,27.9,,Width,36,,Material,Stainless Steel,,,,,,,,,,,,,,,,,,,,,,,,,,,,,,,,,,,,,,,,,,,,,,,,,,,,,,,,,,,,,,,,,,,,,,,,,,,,,,,,,,,,,,,,,,,,,,,,,,,,,,,,,,,,,,,,,,,,,,,,,,,,,,,,,,,,,,,,,52141502,,,,,,,,,36,,,,,,,,,,85%,No
,,,,,,,Appliances,Kitchen Appliances,Refrigerators,,CVE28DP3ND1,CVE28DP3ND1 Cafe Fridge Bk,,,,Appliance Dealers Cooperative (APPDE),GE Appliances,GE®,GE®,CVE28DP3ND1,,Appliances & Consumer Electronics>Kitchen Appliances>Refrigerators,"GE Appliances, GE, Refrigerator, CVE28DP3ND1, Color=dg, Cafe Fridge Bk, Black",REFRIGERATOR DG 120V 15A,GE CVE28DP3ND1 Refrigerator,"GE, Refrigerator, 120 Voltage, 15 Amperage, 36 Width, 28.2 Capacity",Refrigerator,"Discover the GE® Refrigerator, engineered for outstanding performance and lasting durability. With a focus on quality and efficiency, this Refrigerator is the perfect addition to any modern home.",,,,,,,,,,,,,,,,,,,,,,,,Refrigerator,,Refrigerator,Color,dg,,Voltage Rating,120,,Amperage Rating,15,,Capacity,28.2,,Width,36,,,,,,,,,,,,,,,,,,,,,,,,,,,,,,,,,,,,,,,,,,,,,,,,,,,,,,,,,,,,,,,,,,,,,,,,,,,,,,,,,,,,,,,,,,,,,,,,,,,,,,,,,,,,,,,,,,,,,,,,,,,,,,,,,,,,,,,,,,,,52141502,,,,,,,,,36,,,,,,,,,,85%,No
,,,,,,,Appliances,Kitchen Appliances,Refrigerators,,GNE25JMKES,GNE25JMKES GE Fridge Slate - Display,,,,Appliance Dealers Cooperative (APPDE),GE Appliances,GE®,GE®,GNE25JMKES,,Appliances & Consumer Electronics>Kitchen Appliances>Refrigerators,"GE Appliances, GE, Refrigerator, French Door Series, GNE25JMKES",REFRIGERATOR DG 120V 15A,GE French Door GNE25JMKES Refrigerator,"GE, Refrigerator, French Door, 120 Voltage, 15 Amperage, 36 Width, 27.9 Capacity",Refrigerator,"Discover the GE® Refrigerator, engineered for outstanding performance and lasting durability. With a focus on quality and efficiency, this Refrigerator is the perfect addition to any modern home.",,,,,,,,,,,,,,,,,,,,,,,,Refrigerator,,Refrigerator,Color,dg,,Voltage Rating,120,,Amperage Rating,15,,Capacity,27.9,,Width,36,,,,,,,,,,,,,,,,,,,,,,,,,,,,,,,,,,,,,,,,,,,,,,,,,,,,,,,,,,,,,,,,,,,,,,,,,,,,,,,,,,,,,,,,,,,,,,,,,,,,,,,,,,,,,,,,,,,,,,,,,,,,,,,,,,,,,,,,,,,,52141502,,,,,,,,,36,,,,,,,,,,85%,No
,,,,,,,Appliances,Kitchen Appliances,Refrigerators,,PRFS2883AF,"PRFS2883AF 36"" Fridge SS - Display Only",,,,Appliance Dealers Cooperative (APPDE),GE Appliances,GE®,GE®,PRFS2883AF,,Appliances & Consumer Electronics>Kitchen Appliances>Refrigerators,"GE Appliances, GE, Refrigerator, PRFS2883AF, Color=dg, Display Only=Display Only",REFRIGERATOR DG 120V 15A,GE PRFS2883AF Refrigerator,"GE, Refrigerator, 120 Voltage, 15 Amperage, 36 Width, 28.8 Capacity",Refrigerator,"Discover the GE® Refrigerator, engineered for outstanding performance and lasting durability. With a focus on quality and efficiency, this Refrigerator is the perfect addition to any modern home.",,,,,,,,,,,,,,,,,,,,,,,,Refrigerator,,Refrigerator,Color,dg,,Display Only,Display Only,,Voltage Rating,120,,Amperage Rating,15,,Capacity,28.8,,Width,36,,Material,Stainless Steel,,,,,,,,,,,,,,,,,,,,,,,,,,,,,,,,,,,,,,,,,,,,,,,,,,,,,,,,,,,,,,,,,,,,,,,,,,,,,,,,,,,,,,,,,,,,,,,,,,,,,,,,,,,,,,,,,,,,,,,,,,,,,,,,,,,,,,52141502,,,,,,,,,36,,,,,,,,,,85%,No
,,,,,,,Appliances,Kitchen Appliances,Refrigerators,,PAD28BYTFS,PAD28BYTFS GE Fridge SS,,,,Appliance Dealers Cooperative (APPDE),GE Appliances,GE®,GE®,PAD28BYTFS,,Appliances & Consumer Electronics>Kitchen Appliances>Refrigerators,"GE Appliances, GE, Refrigerator, PAD28BYTFS, Color=dg, GE Fridge SS",REFRIGERATOR DG 120V 15A,GE PAD28BYTFS Refrigerator,"GE, Refrigerator, 120 Voltage, 15 Amperage, 36 Width, 27.9 Capacity",Refrigerator,"Discover the GE® Refrigerator, engineered for outstanding performance and lasting durability. With a focus on quality and efficiency, this Refrigerator is the perfect addition to any modern home.",,,,,,,,,,,,,,,,,,,,,,,,Refrigerator,,Refrigerator,Color,dg,,Voltage Rating,120,,Amperage Rating,15,,Capacity,27.9,,Width,36,,Material,Stainless Steel,,,,,,,,,,,,,,,,,,,,,,,,,,,,,,,,,,,,,,,,,,,,,,,,,,,,,,,,,,,,,,,,,,,,,,,,,,,,,,,,,,,,,,,,,,,,,,,,,,,,,,,,,,,,,,,,,,,,,,,,,,,,,,,,,,,,,,,,,52141502,,,,,,,,,36,,,,,,,,,,85%,No
,,,,,,,Appliances,Kitchen Appliances,Refrigerators,,PGE29BYTFS,PGE29BYTFS GE Fridge SS,,,,Appliance Dealers Cooperative (APPDE),GE Appliances,GE®,GE®,PGE29BYTFS,,Appliances & Consumer Electronics>Kitchen Appliances>Refrigerators,"GE Appliances, GE, Refrigerator, PGE29BYTFS, Color=dg, GE Fridge SS",REFRIGERATOR DG 120V 15A,GE PGE29BYTFS Refrigerator,"GE, Refrigerator, 120 Voltage, 15 Amperage, 36 Width, 28.8 Capacity",Refrigerator,"Discover the GE® Refrigerator, engineered for outstanding performance and lasting durability. With a focus on quality and efficiency, this Refrigerator is the perfect addition to any modern home.",,,,,,,,,,,,,,,,,,,,,,,,Refrigerator,,Refrigerator,Color,dg,,Voltage Rating,120,,Amperage Rating,15,,Capacity,28.8,,Width,36,,Material,Stainless Steel,,,,,,,,,,,,,,,,,,,,,,,,,,,,,,,,,,,,,,,,,,,,,,,,,,,,,,,,,,,,,,,,,,,,,,,,,,,,,,,,,,,,,,,,,,,,,,,,,,,,,,,,,,,,,,,,,,,,,,,,,,,,,,,,,,,,,,,,,52141502,,,,,,,,,36,,,,,,,,,,85%,No
,,,,,,,Appliances,Kitchen Appliances,Refrigerators,,ERFD19CGCS,ERFD19CGCS Element Fridge SS,,,,Appliance Dealers Cooperative (APPDE),GE Appliances,GE®,GE®,ERFD19CGCS,,Appliances & Consumer Electronics>Kitchen Appliances>Refrigerators,"GE Appliances, GE, Refrigerator, ERFD19CGCS, Color=dg, Element Fridge SS",REFRIGERATOR DG,GE ERFD19CGCS Refrigerator,"GE, Refrigerator",Refrigerator,"Discover the GE® Refrigerator, engineered for outstanding performance and lasting durability. With a focus on quality and efficiency, this Refrigerator is the perfect addition to any modern home.",,,,,,,,,,,,,,,,,,,,,,,,Refrigerator,,Refrigerator,Color,dg,,Material,Stainless Steel,,,,,,,,,,,,,,,,,,,,,,,,,,,,,,,,,,,,,,,,,,,,,,,,,,,,,,,,,,,,,,,,,,,,,,,,,,,,,,,,,,,,,,,,,,,,,,,,,,,,,,,,,,,,,,,,,,,,,,,,,,,,,,,,,,,,,,,,,,,,,,,,,,,,,52141502,,,,,,,,,,,,,,,,,,,75%,No
,,,,,,,Appliances,Kitchen Appliances,Refrigerators,,LT18S2100W,LT18S2100W LG Fridge Wh,,,,Appliance Dealers Cooperative (APPDE),GE Appliances,GE®,GE®,LT18S2100W,,Appliances & Consumer Electronics>Kitchen Appliances>Refrigerators,"GE Appliances, GE, Refrigerator, LT18S2100W, Color=dg, Wattage=2100",REFRIGERATOR DG 120V 10A,GE LT18S2100W Refrigerator,"GE, Refrigerator, 120 Voltage, 10 Amperage, 30 Width, 18.0 Capacity, 2100",Refrigerator,"Discover the GE® Refrigerator, engineered for outstanding performance and lasting durability. With a focus on quality and efficiency, this Refrigerator is the perfect addition to any modern home.",,,,,,,,,,,,,,,,,,,,,,,,Refrigerator,,Refrigerator,Color,dg,,Wattage,2100,W,Wattage Rating,2100,,Voltage Rating,120,,Amperage Rating,10,,Capacity,18.0,,Width,30,,,,,,,,,,,,,,,,,,,,,,,,,,,,,,,,,,,,,,,,,,,,,,,,,,,,,,,,,,,,,,,,,,,,,,,,,,,,,,,,,,,,,,,,,,,,,,,,,,,,,,,,,,,,,,,,,,,,,,,,,,,,,,,,,,,,,,52141502,,,,,,,,,30,,,,,,,,,,85%,No
,,,,,,,Appliances,Kitchen Appliances,Refrigerators,,LT18S2100SS,LT18S2100S 18CF LG Fridge SS,,,,Appliance Dealers Cooperative (APPDE),GE Appliances,GE®,GE®,LT18S2100SS,,Appliances & Consumer Electronics>Kitchen Appliances>Refrigerators,"GE Appliances, GE, Refrigerator, LT18S2100SS, Color=dg, Capacity=18",REFRIGERATOR DG 120V 10A,GE LT18S2100SS Refrigerator,"GE, Refrigerator, 120 Voltage, 10 Amperage, 30 Width, 18 Capacity",Refrigerator,"Discover the GE® Refrigerator, engineered for outstanding performance and lasting durability. With a focus on quality and efficiency, this Refrigerator is the perfect addition to any modern home.",,,,,,,,,,,,,,,,,,,,,,,,Refrigerator,,Refrigerator,Color,dg,,Capacity,18,cu ft,Voltage Rating,120,,Amperage Rating,10,,Width,30,,Material,Stainless Steel,,,,,,,,,,,,,,,,,,,,,,,,,,,,,,,,,,,,,,,,,,,,,,,,,,,,,,,,,,,,,,,,,,,,,,,,,,,,,,,,,,,,,,,,,,,,,,,,,,,,,,,,,,,,,,,,,,,,,,,,,,,,,,,,,,,,,,,,,52141502,,,,,,,,,30,,,,,,,,,,85%,No
,,,,,,,Appliances,Kitchen Appliances,Freezers,,EUF17CDBW,EUF17CDBW Element 17CF Freezer - Upright,,,,Appliance Dealers Cooperative (APPDE),Appliance Dealers Cooperative,Appliance Dealers Cooperative®,Appliance Dealers Cooperative®,EUF17CDBW,,Appliances & Consumer Electronics>Kitchen Appliances>Freezers,"Appliance Dealers Cooperative, Freezer, EUF17CDBW, Capacity=17, Type=Freezer",FREEZER 120V 15A,APPLIANCE DEALERS COOPERATIVE EUF17CDBW Freezer,"APPLIANCE DEALERS COOPERATIVE, Freezer, 120 Voltage, 15 Amperage, 30 Width, 17 Capacity",Freezer,"Discover the Appliance Dealers Cooperative® Freezer, engineered for outstanding performance and lasting durability. With a focus on quality and efficiency, this Freezer is the perfect addition to any modern home.",,,,,,,,,,,,,,,,,,,,,,,,Freezer,,Freezer,Capacity,17,cu ft,Type,Freezer,,Voltage Rating,120,,Amperage Rating,15,,Width,30,,Color,Yellow,,,,,,,,,,,,,,,,,,,,,,,,,,,,,,,,,,,,,,,,,,,,,,,,,,,,,,,,,,,,,,,,,,,,,,,,,,,,,,,,,,,,,,,,,,,,,,,,,,,,,,,,,,,,,,,,,,,,,,,,,,,,,,,,,,,,,,,,,52141512,,,,,,,,,30,,,,,,,,,,75%,No
,,,,,,,Appliances,Kitchen Appliances,Freezers,,EUF21CDBW,EUF21CDBW Element 21CF Freezer - Upright,,,,Appliance Dealers Cooperative (APPDE),Appliance Dealers Cooperative,Appliance Dealers Cooperative®,Appliance Dealers Cooperative®,EUF21CDBW,,Appliances & Consumer Electronics>Kitchen Appliances>Freezers,"Appliance Dealers Cooperative, Freezer, EUF21CDBW, Capacity=21, Type=Freezer",FREEZER 120V 15A,APPLIANCE DEALERS COOPERATIVE EUF21CDBW Freezer,"APPLIANCE DEALERS COOPERATIVE, Freezer, 120 Voltage, 15 Amperage, 30 Width, 21 Capacity",Freezer,"Discover the Appliance Dealers Cooperative® Freezer, engineered for outstanding performance and lasting durability. With a focus on quality and efficiency, this Freezer is the perfect addition to any modern home.",,,,,,,,,,,,,,,,,,,,,,,,Freezer,,Freezer,Capacity,21,cu ft,Type,Freezer,,Voltage Rating,120,,Amperage Rating,15,,Width,30,,Color,Yellow,,,,,,,,,,,,,,,,,,,,,,,,,,,,,,,,,,,,,,,,,,,,,,,,,,,,,,,,,,,,,,,,,,,,,,,,,,,,,,,,,,,,,,,,,,,,,,,,,,,,,,,,,,,,,,,,,,,,,,,,,,,,,,,,,,,,,,,,,52141512,,,,,,,,,30,,,,,,,,,,75%,No
,,,,,,,Power Tools,Drill Bits,Hole Saws,,TP-1935,TP-1935 Hole Drilling System,,,,,,,,TP-1935,,Power Tools>Drill Bits>Hole Saws,"Hole Saw, TP-1935, Hole Drilling System, Yellow",HOLE SAW,TP-1935 Hole Saw,Hole Saw,Hole Saw,"Discover the  Hole Saw, engineered for outstanding performance and lasting durability. With a focus on quality and efficiency, this Hole Saw is the perfect addition to any modern home.",,,,,,,,,,,,,,,,,,,,,,,,Hole Saw,,Hole Saw,Color,Yellow,,,,,,,,,,,,,,,,,,,,,,,,,,,,,,,,,,,,,,,,,,,,,,,,,,,,,,,,,,,,,,,,,,,,,,,,,,,,,,,,,,,,,,,,,,,,,,,,,,,,,,,,,,,,,,,,,,,,,,,,,,,,,,,,,,,,,,,,,,,,,,,,,,,,,,,,27111904,,,,,,,,,,,,,,,,,,No Brand Found + Low Confidence,48%,Yes
,,,,,,,Power Tools,,,,K527APBXR,"K527APBXR Senco .131x3"" SM BB - 500CT",,,,Senco Products Inc (4650),Senco Brands,Senco®,Senco®,K527APBXR,,Power Tools,"Senco Brands, Senco, K527APBXR, .131x3, Amperage=527, Quantity=500",PRODUCT .131X3,SENCO K527APBXR,"SENCO, 527 Amperage, 1/8 in Width, 3 in",,"Discover the Senco® product, engineered for outstanding performance and lasting durability. With a focus on quality and efficiency, this product is the perfect addition to any modern home.",,,,,,,,,,,,,,,,,,,,,,,,,,,Amperage,527,A,Quantity,500,EA,Width,1/8 in,,length,3 in,,Amperage Rating,527,,Color,Yellow,,,,,,,,,,,,,,,,,,,,,,,,,,,,,,,,,,,,,,,,,,,,,,,,,,,,,,,,,,,,,,,,,,,,,,,,,,,,,,,,,,,,,,,,,,,,,,,,,,,,,,,,,,,,,,,,,,,,,,,,,,,,,,,,,,,,,,,,,27111901,,,,,3 in,,,,1/8 in,,,,,,,,,,65%,No
,,,,,,,Fasteners,Nails,,,603150,"603150 2-1/2"" Finish Nail 15GA - 4M",,,,National Nail Corp (7439),National Nail Corp,National Nail,National Nail,603150,,Fasteners>Nails,"National Nail, Nail, Yellow, 2-1/2"" Finish 15GA - 4M, 603150",NAIL YELLOW,NATIONAL NAIL 603150 Nail,"NATIONAL NAIL, Nail",Nail,"Discover the National Nail Nail, engineered for outstanding performance and lasting durability. With a focus on quality and efficiency, this Nail is the perfect addition to any modern home.",,,,,,,,,,,,,,,,,,,,,,,,Nail,,Nail,Gauge,15,,Color,Yellow,,,,,,,,,,,,,,,,,,,,,,,,,,,,,,,,,,,,,,,,,,,,,,,,,,,,,,,,,,,,,,,,,,,,,,,,,,,,,,,,,,,,,,,,,,,,,,,,,,,,,,,,,,,,,,,,,,,,,,,,,,,,,,,,,,,,,,,,,,,,,,,,,,,,,31161600,,,,,,,,,,,,,,,,,,Low Confidence,55%,No
,,,,,,,Fasteners,,,,d10cnk,"D10CNK Prebena 1/2""x3/8"" - Staple",,,,Prebena (PREBE),Freud Inc,Diablo®,Diablo®,d10cnk,,Fasteners,"Freud Inc, Diablo, d10cnk, 1/2""x3/8, D10CNK Prebena 1/2""x3/8"" - Staple, Yellow",PRODUCT 1/2INX3/8,DIABLO d10cnk,"DIABLO, 1/2 in Width, 3/8 in",,"Discover the Diablo® product, engineered for outstanding performance and lasting durability. With a focus on quality and efficiency, this product is the perfect addition to any modern home.",,,,,,,,,,,,,,,,,,,,,,,,,,,Width,1/2 in,,length,3/8 in,,Color,Yellow,,,,,,,,,,,,,,,,,,,,,,,,,,,,,,,,,,,,,,,,,,,,,,,,,,,,,,,,,,,,,,,,,,,,,,,,,,,,,,,,,,,,,,,,,,,,,,,,,,,,,,,,,,,,,,,,,,,,,,,,,,,,,,,,,,,,,,,,,,,,,,,,,,31160000,,,,,3/8 in,,,,1/2 in,,,,,,,,,,60%,No
,,,,,,,Fasteners,,,,e28cnkha,"E28CNKHA Prebena 2/4""x1 1/8"" - Staple",,,,Prebena (PREBE),Prebena,Prebena®,Prebena®,e28cnkha,,Fasteners,"Prebena, e28cnkha, 2/4""x1, E28CNKHA Prebena 2/4""x1 1/8"" - Staple, Yellow",PRODUCT 2/4INX1,PREBENA e28cnkha,"PREBENA, 2/4 in Width, 1 in",,"Discover the Prebena® product, engineered for outstanding performance and lasting durability. With a focus on quality and efficiency, this product is the perfect addition to any modern home.",,,,,,,,,,,,,,,,,,,,,,,,,,,Width,2/4 in,,length,1 in,,Color,Yellow,,,,,,,,,,,,,,,,,,,,,,,,,,,,,,,,,,,,,,,,,,,,,,,,,,,,,,,,,,,,,,,,,,,,,,,,,,,,,,,,,,,,,,,,,,,,,,,,,,,,,,,,,,,,,,,,,,,,,,,,,,,,,,,,,,,,,,,,,,,,,,,,,,31160000,,,,,1 in,,,,2/4 in,,,,,,,,,Low Confidence,50%,No
,,,,,,,Lighting,,,,51334,"51334 44"" Wh Gilmour Fan",,,,Hunter Fan Co (4381),Hunter Fan Co,Hunter Fan®,Hunter Fan®,51334,,Lighting,"Hunter Fan Co, Hunter Fan, 51334, 44"" Wh Gilmour Fan, Yellow",51334 44  WH GILMOUR FAN YELLOW,HUNTER FAN 51334,HUNTER FAN,,"Discover the Hunter Fan® product, engineered for outstanding performance and lasting durability. With a focus on quality and efficiency, this product is the perfect addition to any modern home.",,,,,,,,,,,,,,,,,,,,,,,,,,,Color,Yellow,,,,,,,,,,,,,,,,,,,,,,,,,,,,,,,,,,,,,,,,,,,,,,,,,,,,,,,,,,,,,,,,,,,,,,,,,,,,,,,,,,,,,,,,,,,,,,,,,,,,,,,,,,,,,,,,,,,,,,,,,,,,,,,,,,,,,,,,,,,,,,,,,,,,,,,,39111600,,,,,,,,,,,,,,,,,,Low Confidence,45%,Yes
,,,,,,,Lighting,,,,59210,"59210 52"" BZ Sent Hunter Fan",,,Hunter,Hunter Fan Co (4381),Hunter Fan Co,Hunter®,Hunter®,59210,,Lighting,"Hunter Fan Co, Hunter, 59210, 52"" BZ Sent Hunter Fan, Yellow",59210 52  BZ SENT HUNTER FAN YELLOW,HUNTER 59210,HUNTER,,"Discover the Hunter® product, engineered for outstanding performance and lasting durability. With a focus on quality and efficiency, this product is the perfect addition to any modern home.",,,,,,,,,,,,,,,,,,,,,,,,,,,Color,Yellow,,,,,,,,,,,,,,,,,,,,,,,,,,,,,,,,,,,,,,,,,,,,,,,,,,,,,,,,,,,,,,,,,,,,,,,,,,,,,,,,,,,,,,,,,,,,,,,,,,,,,,,,,,,,,,,,,,,,,,,,,,,,,,,,,,,,,,,,,,,,,,,,,,,,,,,,39111600,,,,,,,,,,,,,,,,,,Low Confidence,55%,No
,,,,,,,Lighting,,,,52485,"52485 52"" MB Anisten Fan",,,,Hunter Fan Co (4381),Hunter Fan Co,A.O. Smith®,A.O. Smith®,52485,,Lighting,"Hunter Fan Co, A.O. Smith, 52485, 52"" MB Anisten Fan, Yellow",52485 52  MB ANISTEN FAN YELLOW,A.O. SMITH 52485,A.O. SMITH,,"Discover the A.O. Smith® product, engineered for outstanding performance and lasting durability. With a focus on quality and efficiency, this product is the perfect addition to any modern home.",,,,,,,,,,,,,,,,,,,,,,,,,,,Color,Yellow,,,,,,,,,,,,,,,,,,,,,,,,,,,,,,,,,,,,,,,,,,,,,,,,,,,,,,,,,,,,,,,,,,,,,,,,,,,,,,,,,,,,,,,,,,,,,,,,,,,,,,,,,,,,,,,,,,,,,,,,,,,,,,,,,,,,,,,,,,,,,,,,,,,,,,,,39111600,,,,,,,,,,,,,,,,,,Low Confidence,55%,No
,,,,,,,Lighting,,,,52486,"52486 44"" MB Anisten Fan",,,,Hunter Fan Co (4381),Hunter Fan Co,A.O. Smith®,A.O. Smith®,52486,,Lighting,"Hunter Fan Co, A.O. Smith, 52486, 44"" MB Anisten Fan, Yellow",52486 44  MB ANISTEN FAN YELLOW,A.O. SMITH 52486,A.O. SMITH,,"Discover the A.O. Smith® product, engineered for outstanding performance and lasting durability. With a focus on quality and efficiency, this product is the perfect addition to any modern home.",,,,,,,,,,,,,,,,,,,,,,,,,,,Color,Yellow,,,,,,,,,,,,,,,,,,,,,,,,,,,,,,,,,,,,,,,,,,,,,,,,,,,,,,,,,,,,,,,,,,,,,,,,,,,,,,,,,,,,,,,,,,,,,,,,,,,,,,,,,,,,,,,,,,,,,,,,,,,,,,,,,,,,,,,,,,,,,,,,,,,,,,,,39111600,,,,,,,,,,,,,,,,,,Low Confidence,55%,No
,,,,,,,Lighting,,,,52487,"52487 52"" WH Anisten Fan",,,,Hunter Fan Co (4381),Hunter Fan Co,A.O. Smith®,A.O. Smith®,52487,,Lighting,"Hunter Fan Co, A.O. Smith, 52487, 52"" WH Anisten Fan, Yellow",52487 52  WH ANISTEN FAN YELLOW,A.O. SMITH 52487,A.O. SMITH,,"Discover the A.O. Smith® product, engineered for outstanding performance and lasting durability. With a focus on quality and efficiency, this product is the perfect addition to any modern home.",,,,,,,,,,,,,,,,,,,,,,,,,,,Color,Yellow,,,,,,,,,,,,,,,,,,,,,,,,,,,,,,,,,,,,,,,,,,,,,,,,,,,,,,,,,,,,,,,,,,,,,,,,,,,,,,,,,,,,,,,,,,,,,,,,,,,,,,,,,,,,,,,,,,,,,,,,,,,,,,,,,,,,,,,,,,,,,,,,,,,,,,,,39111600,,,,,,,,,,,,,,,,,,Low Confidence,55%,No
,,,,,,,Lighting,,,,52488,"52488 44"" WH Anisten Fan",,,,Hunter Fan Co (4381),Hunter Fan Co,A.O. Smith®,A.O. Smith®,52488,,Lighting,"Hunter Fan Co, A.O. Smith, 52488, 44"" WH Anisten Fan, Yellow",52488 44  WH ANISTEN FAN YELLOW,A.O. SMITH 52488,A.O. SMITH,,"Discover the A.O. Smith® product, engineered for outstanding performance and lasting durability. With a focus on quality and efficiency, this product is the perfect addition to any modern home.",,,,,,,,,,,,,,,,,,,,,,,,,,,Color,Yellow,,,,,,,,,,,,,,,,,,,,,,,,,,,,,,,,,,,,,,,,,,,,,,,,,,,,,,,,,,,,,,,,,,,,,,,,,,,,,,,,,,,,,,,,,,,,,,,,,,,,,,,,,,,,,,,,,,,,,,,,,,,,,,,,,,,,,,,,,,,,,,,,,,,,,,,,39111600,,,,,,,,,,,,,,,,,,Low Confidence,55%,No
,,,,,,,Lighting,,,,52655,"52655 52"" MB Xidane Hunter Fan",,,,Hunter Fan Co (4381),Hunter Fan Co,Hunter®,Hunter®,52655,,Lighting,"Hunter Fan Co, Hunter, 52655, 52"" MB Xidane Hunter Fan, Yellow",52655 52  MB XIDANE HUNTER FAN YELLOW,HUNTER 52655,HUNTER,,"Discover the Hunter® product, engineered for outstanding performance and lasting durability. With a focus on quality and efficiency, this product is the perfect addition to any modern home.",,,,,,,,,,,,,,,,,,,,,,,,,,,Color,Yellow,,,,,,,,,,,,,,,,,,,,,,,,,,,,,,,,,,,,,,,,,,,,,,,,,,,,,,,,,,,,,,,,,,,,,,,,,,,,,,,,,,,,,,,,,,,,,,,,,,,,,,,,,,,,,,,,,,,,,,,,,,,,,,,,,,,,,,,,,,,,,,,,,,,,,,,,39111600,,,,,,,,,,,,,,,,,,Low Confidence,55%,No
,,,,,,,Lighting,,,,59261,"59261 52"" PB Cassius Fan",,,,Hunter Fan Co (4381),Masco Corporation,Delta®,Delta®,59261,,Lighting,"Masco Corporation, Delta, 59261, 52"" PB Cassius Fan, Yellow",59261 52  PB CASSIUS FAN YELLOW,DELTA 59261,DELTA,,"Discover the Delta® product, engineered for outstanding performance and lasting durability. With a focus on quality and efficiency, this product is the perfect addition to any modern home.",,,,,,,,,,,,,,,,,,,,,,,,,,,Color,Yellow,,,,,,,,,,,,,,,,,,,,,,,,,,,,,,,,,,,,,,,,,,,,,,,,,,,,,,,,,,,,,,,,,,,,,,,,,,,,,,,,,,,,,,,,,,,,,,,,,,,,,,,,,,,,,,,,,,,,,,,,,,,,,,,,,,,,,,,,,,,,,,,,,,,,,,,,39111600,,,,,,,,,,,,,,,,,,Low Confidence,38%,Yes
,,,,,,,Lighting,,,,51731,"51731 52"" MB Jetty Hunter Fan",,,,Hunter Fan Co (4381),Hunter Fan Co,Hunter®,Hunter®,51731,,Lighting,"Hunter Fan Co, Hunter, 51731, 52"" MB Jetty Hunter Fan, Yellow",51731 52  MB JETTY HUNTER FAN YELLOW,HUNTER 51731,HUNTER,,"Discover the Hunter® product, engineered for outstanding performance and lasting durability. With a focus on quality and efficiency, this product is the perfect addition to any modern home.",,,,,,,,,,,,,,,,,,,,,,,,,,,Color,Yellow,,,,,,,,,,,,,,,,,,,,,,,,,,,,,,,,,,,,,,,,,,,,,,,,,,,,,,,,,,,,,,,,,,,,,,,,,,,,,,,,,,,,,,,,,,,,,,,,,,,,,,,,,,,,,,,,,,,,,,,,,,,,,,,,,,,,,,,,,,,,,,,,,,,,,,,,39111600,,,,,,,,,,,,,,,,,,Low Confidence,55%,No
,,,,,,,Power Tools,Vacuums,,,XLC10ZW,XLC10ZW Makita 18V Cordless Vacuum (Bare),,,,Makita Usa Inc (5142),Makita USA,Makita®,Makita®,XLC10ZW,,Power Tools>Vacuums,"Makita®, Yellow, Cordless, 18V Vacuum (Bare), XLC10ZW",18V YELLOW,MAKITA XLC10ZW With Cordless,"MAKITA, With Cordless, 18 Voltage",Cordless,"Upgrade your home with the Makita® product, designed to deliver exceptional performance and reliability. Featuring Cordless, this product combines innovative technology with sleek design to meet your everyday needs.",Cordless,,,,,,,,,,,,,,,,,,,,With Cordless,,,,,,Voltage,18,V,Cordless,18V,,Voltage Rating,18,,Color,Yellow,,Feature,Cordless,,,,,,,,,,,,,,,,,,,,,,,,,,,,,,,,,,,,,,,,,,,,,,,,,,,,,,,,,,,,,,,,,,,,,,,,,,,,,,,,,,,,,,,,,,,,,,,,,,,,,,,,,,,,,,,,,,,,,,,,,,,,,,,,,,,,,,,,,,,,27112600,,,,,,,,,,,,,,,,,,,68%,No
,,,,,,,Hand Tools,Screwdrivers,,,HS-DA,HS-DA Motion Driveway Alert,,,,Sabre (9195),Sabre,Sabre®,Sabre®,HS-DA,,Hand Tools>Screwdrivers,"Sabre®, Yellow, Motion Driveway Alert, HS-DA",HS-DA MOTION DRIVEWAY ALERT YELLOW,SABRE HS-DA,SABRE,,"Discover the Sabre® product, engineered for outstanding performance and lasting durability. With a focus on quality and efficiency, this product is the perfect addition to any modern home.",,,,,,,,,,,,,,,,,,,,,,,,,,,Color,Yellow,,,,,,,,,,,,,,,,,,,,,,,,,,,,,,,,,,,,,,,,,,,,,,,,,,,,,,,,,,,,,,,,,,,,,,,,,,,,,,,,,,,,,,,,,,,,,,,,,,,,,,,,,,,,,,,,,,,,,,,,,,,,,,,,,,,,,,,,,,,,,,,,,,,,,,,,27111400,,,,,,,,,,,,,,,,,,Low Confidence,48%,Yes
,,,,,,,Windows & Doors,Windows & Doors,Hardware,,73002252,Black Gate Gravity Latch RDI,,,,,,,,73002252,,Building Materials & Hardscape>Windows & Doors>Hardware>Latches,"Latch, 73002252, Color=Black, Black Gate Gravity Latch RDI",LATCH BLACK,73002252 Latch,Latch,Latch,"Discover the  Latch, engineered for outstanding performance and lasting durability. With a focus on quality and efficiency, this Latch is the perfect addition to any modern home.",,,,,,,,,,,,,,,,,,,,,,,,Latch,,Latch,Color,Black,,,,,,,,,,,,,,,,,,,,,,,,,,,,,,,,,,,,,,,,,,,,,,,,,,,,,,,,,,,,,,,,,,,,,,,,,,,,,,,,,,,,,,,,,,,,,,,,,,,,,,,,,,,,,,,,,,,,,,,,,,,,,,,,,,,,,,,,,,,,,,,,,,,,,,,,30151608,,,,,,,,,,,,,,,,,,No Brand Found + Low Confidence,48%,Yes
,,,,,,,Hand Tools,Wrenches,,,48-22-8396R,48-22-8396R Milw 24oz Bottle - Insulated,,,,Milwaukee Accessory (4031),Milwaukee Tool,Milwaukee®,Milwaukee®,48-22-8396R,,Hand Tools>Wrenches,"Milwaukee Tool, Milwaukee, 48-22-8396R, Milw 24oz Bottle - Insulated, Yellow",48-22-8396R MILW 24OZ BOTTLE - INSULATED,MILWAUKEE 48-22-8396R,MILWAUKEE,,"Discover the Milwaukee® product, engineered for outstanding performance and lasting durability. With a focus on quality and efficiency, this product is the perfect addition to any modern home.",,,,,,,,,,,,,,,,,,,,,,,,,,,Color,Yellow,,,,,,,,,,,,,,,,,,,,,,,,,,,,,,,,,,,,,,,,,,,,,,,,,,,,,,,,,,,,,,,,,,,,,,,,,,,,,,,,,,,,,,,,,,,,,,,,,,,,,,,,,,,,,,,,,,,,,,,,,,,,,,,,,,,,,,,,,,,,,,,,,,,,,,,,27111500,,,,,,,,,,,,,,,,,,,65%,No
,,,,,,,Hand Tools,Wrenches,,,48-22-8397R,48-22-8397R Milw 36oz Bottle - Insulated,,,,Milwaukee Accessory (4031),Milwaukee Tool,Milwaukee®,Milwaukee®,48-22-8397R,,Hand Tools>Wrenches,"Milwaukee Tool, Milwaukee, 48-22-8397R, Milw 36oz Bottle - Insulated, Yellow",48-22-8397R MILW 36OZ BOTTLE - INSULATED,MILWAUKEE 48-22-8397R,MILWAUKEE,,"Discover the Milwaukee® product, engineered for outstanding performance and lasting durability. With a focus on quality and efficiency, this product is the perfect addition to any modern home.",,,,,,,,,,,,,,,,,,,,,,,,,,,Color,Yellow,,,,,,,,,,,,,,,,,,,,,,,,,,,,,,,,,,,,,,,,,,,,,,,,,,,,,,,,,,,,,,,,,,,,,,,,,,,,,,,,,,,,,,,,,,,,,,,,,,,,,,,,,,,,,,,,,,,,,,,,,,,,,,,,,,,,,,,,,,,,,,,,,,,,,,,,27111500,,,,,,,,,,,,,,,,,,,65%,No
,,,,,,,Building Materials & Hardscape,,,,DCGG581B,DCGG581B Dewalt 20V Grease Gun 2-Speed,,,,Black & Decker/dewlt (2585),DeWalt Industrial Tool,DeWalt®,DeWalt®,DCGG581B,,Building Materials & Hardscape,"DeWalt Industrial Tool, DeWalt, DCGG581B, Voltage=20",PRODUCT,DEWALT DCGG581B,"DEWALT, 20 Voltage",,"Discover the DeWalt® product, engineered for outstanding performance and lasting durability. With a focus on quality and efficiency, this product is the perfect addition to any modern home.",,,,,,,,,,,,,,,,,,,,,,,,,,,Voltage,20,V,Voltage Rating,20,,Color,Yellow,,,,,,,,,,,,,,,,,,,,,,,,,,,,,,,,,,,,,,,,,,,,,,,,,,,,,,,,,,,,,,,,,,,,,,,,,,,,,,,,,,,,,,,,,,,,,,,,,,,,,,,,,,,,,,,,,,,,,,,,,,,,,,,,,,,,,,,,,,,,,,,,,,30000000,,,,,,,,,,,,,,,,,,Low Confidence,53%,No
,,,,,,,Building Materials & Hardscape,,,,DCGG581GD1,DCGG581GD1 Dewalt 20V Grease Gun 2-Speed Kit,,,,Black & Decker/dewlt (2585),DeWalt Industrial Tool,DeWalt®,DeWalt®,DCGG581GD1,,Building Materials & Hardscape,"DeWalt Industrial Tool, DeWalt, DCGG581GD1, Voltage=20, Pack Type=Kit",PRODUCT,DEWALT DCGG581GD1,"DEWALT, 20 Voltage",,"Discover the DeWalt® product, engineered for outstanding performance and lasting durability. With a focus on quality and efficiency, this product is the perfect addition to any modern home.",,,,,,,,,,,,,,,,,,,,,,,,,,,Voltage,20,V,Pack Type,Kit,,Voltage Rating,20,,Color,Yellow,,,,,,,,,,,,,,,,,,,,,,,,,,,,,,,,,,,,,,,,,,,,,,,,,,,,,,,,,,,,,,,,,,,,,,,,,,,,,,,,,,,,,,,,,,,,,,,,,,,,,,,,,,,,,,,,,,,,,,,,,,,,,,,,,,,,,,,,,,,,,,,30000000,,,,,,,,,,,,,,,,,,,60%,No
,,,,,,,Lighting,Bulbs,,,DWST41092,"DWST41092 Dewalt Tool Chest 41"" Bottom",,,,Black & Decker/dewlt (2585),DeWalt Industrial Tool,DeWalt®,DeWalt®,DWST41092,,Lighting>Bulbs,"DeWalt Industrial Tool, DeWalt, DWST41092, Dewalt Tool Chest 41"" Bottom, Yellow",DWST41092 DEWALT TOOL CHEST 41  BOTTOM,DEWALT DWST41092,DEWALT,,"Discover the DeWalt® product, engineered for outstanding performance and lasting durability. With a focus on quality and efficiency, this product is the perfect addition to any modern home.",,,,,,,,,,,,,,,,,,,,,,,,,,,Color,Yellow,,,,,,,,,,,,,,,,,,,,,,,,,,,,,,,,,,,,,,,,,,,,,,,,,,,,,,,,,,,,,,,,,,,,,,,,,,,,,,,,,,,,,,,,,,,,,,,,,,,,,,,,,,,,,,,,,,,,,,,,,,,,,,,,,,,,,,,,,,,,,,,,,,,,,,,,39112101,,,,,,,,,,,,,,,,,,,65%,No
,,,,,,,Building Materials,Lumber & Sheathing,Posts,,156436WHT,156436 Wh 4x4x120 Post Wrap,DSI Westbury,,,Palmer Donavin Mfg Company (PALDO),Palmer Donavin Mfg Company,DSI Westbury®,DSI Westbury®,156436WHT,,Building Materials & Hardscape>Lumber & Sheathing>Posts,"Palmer Donavin Mfg Company, DSI Westbury, Post, 156436WHT, 4x4x120",POST 4X4X120 WHITE,DSI WESTBURY 156436WHT Post,"DSI WESTBURY, Post, 4 in Width, 120 in Height, 4 in",Post,"Discover the DSI Westbury® Post, engineered for outstanding performance and lasting durability. With a focus on quality and efficiency, this Post is the perfect addition to any modern home.",,,,,,,,,,,,,,,,,,,,,,,,Post,,Post,Nominal Size,4,,Color,White,,Width,4 in,,length,4 in,,Height,120 in,,,,,,,,,,,,,,,,,,,,,,,,,,,,,,,,,,,,,,,,,,,,,,,,,,,,,,,,,,,,,,,,,,,,,,,,,,,,,,,,,,,,,,,,,,,,,,,,,,,,,,,,,,,,,,,,,,,,,,,,,,,,,,,,,,,,,,,,,,,,30112300,,,,,4 in,,120 in,,4 in,,,,,,,,,,75%,No
,,,,,,,Building Materials,Lumber & Sheathing,Posts,,173950TBK,"4""x8'-6"" DSI SQ Black Alum Post Wrap",,,,Palmer Donavin Mfg Company (PALDO),Masco Corporation,Delta®,Delta®,173950TBK,,Building Materials & Hardscape>Lumber & Sheathing>Posts,"Masco Corporation, Delta, Post, 173950TBK, 4""x8, Color=Black",POST 4INX8 BLACK,DELTA 173950TBK Post,"DELTA, Post, 4 in Width, 8 in",Post,"Discover the Delta® Post, engineered for outstanding performance and lasting durability. With a focus on quality and efficiency, this Post is the perfect addition to any modern home.",,,,,,,,,,,,,,,,,,,,,,,,Post,,Post,Color,Black,,Width,4 in,,length,8 in,,Material,Aluminum,,,,,,,,,,,,,,,,,,,,,,,,,,,,,,,,,,,,,,,,,,,,,,,,,,,,,,,,,,,,,,,,,,,,,,,,,,,,,,,,,,,,,,,,,,,,,,,,,,,,,,,,,,,,,,,,,,,,,,,,,,,,,,,,,,,,,,,,,,,,,,,30112300,,,,,8 in,,,,4 in,,,,,,,,,,70%,No
,,,,,,,Building Materials,Lumber & Sheathing,Posts,,173951TBK,"6""x8'-6"" DSI SQ Black Alum Post Wrap",,,,Palmer Donavin Mfg Company (PALDO),Masco Corporation,Delta®,Delta®,173951TBK,,Building Materials & Hardscape>Lumber & Sheathing>Posts,"Masco Corporation, Delta, Post, 173951TBK, 6""x8, Color=Black",POST 6INX8 BLACK,DELTA 173951TBK Post,"DELTA, Post, 6 in Width, 8 in",Post,"Discover the Delta® Post, engineered for outstanding performance and lasting durability. With a focus on quality and efficiency, this Post is the perfect addition to any modern home.",,,,,,,,,,,,,,,,,,,,,,,,Post,,Post,Color,Black,,Width,6 in,,length,8 in,,Material,Aluminum,,,,,,,,,,,,,,,,,,,,,,,,,,,,,,,,,,,,,,,,,,,,,,,,,,,,,,,,,,,,,,,,,,,,,,,,,,,,,,,,,,,,,,,,,,,,,,,,,,,,,,,,,,,,,,,,,,,,,,,,,,,,,,,,,,,,,,,,,,,,,,,30112300,,,,,8 in,,,,6 in,,,,,,,,,,70%,No
,,,,,,,Building Materials,Lumber & Sheathing,Posts,,173952TBK,"6""x10' DSI SQ Black Alum Post Wrap",,,,Palmer Donavin Mfg Company (PALDO),Masco Corporation,Delta®,Delta®,173952TBK,,Building Materials & Hardscape>Lumber & Sheathing>Posts,"Masco Corporation, Delta, Post, 173952TBK, 6""x10, Color=Black",POST 6INX10 BLACK,DELTA 173952TBK Post,"DELTA, Post, 6 in Width, 10 in",Post,"Discover the Delta® Post, engineered for outstanding performance and lasting durability. With a focus on quality and efficiency, this Post is the perfect addition to any modern home.",,,,,,,,,,,,,,,,,,,,,,,,Post,,Post,Color,Black,,Width,6 in,,length,10 in,,Material,Aluminum,,,,,,,,,,,,,,,,,,,,,,,,,,,,,,,,,,,,,,,,,,,,,,,,,,,,,,,,,,,,,,,,,,,,,,,,,,,,,,,,,,,,,,,,,,,,,,,,,,,,,,,,,,,,,,,,,,,,,,,,,,,,,,,,,,,,,,,,,,,,,,,30112300,,,,,10 in,,,,6 in,,,,,,,,,,70%,No
,,,,,,,Electrical,Wire,,,1624157,TW52 WH INSIDE CAS VIN WRAPPED,ANDERSEN,,,,,,,1624157,,Electrical>Wire,"Yellow, TW52 WH INSIDE CAS VIN WRAPPED, 1624157",TW52 WH INSIDE CAS VIN WRAPPED YELLOW,1624157,,,"Discover the  product, engineered for outstanding performance and lasting durability. With a focus on quality and efficiency, this product is the perfect addition to any modern home.",,,,,,,,,,,,,,,,,,,,,,,,,,,Color,Yellow,,,,,,,,,,,,,,,,,,,,,,,,,,,,,,,,,,,,,,,,,,,,,,,,,,,,,,,,,,,,,,,,,,,,,,,,,,,,,,,,,,,,,,,,,,,,,,,,,,,,,,,,,,,,,,,,,,,,,,,,,,,,,,,,,,,,,,,,,,,,,,,,,,,,,,,,26121600,,,,,,,,,,,,,,,,,,No Brand Found + Low Confidence,38%,Yes
,,,,,,,Hand Tools,Measuring,Squares,,40025,40025 TS-54 Wal-Board T-Square 009-008,,,,Marshalltown Trowel (5155),Channellock Inc,Channellock®,Channellock®,40025,,Hand Tools>Measuring>Squares,"Channellock Inc, Channellock, Square, 40025, TS-54 Wal-Board T-Square 009-008",SQUARE YELLOW,CHANNELLOCK 40025 Square,"CHANNELLOCK, Square",Square,"Discover the Channellock® Square, engineered for outstanding performance and lasting durability. With a focus on quality and efficiency, this Square is the perfect addition to any modern home.",,,,,,,,,,,,,,,,,,,,,,,,Square,,Square,Color,Yellow,,,,,,,,,,,,,,,,,,,,,,,,,,,,,,,,,,,,,,,,,,,,,,,,,,,,,,,,,,,,,,,,,,,,,,,,,,,,,,,,,,,,,,,,,,,,,,,,,,,,,,,,,,,,,,,,,,,,,,,,,,,,,,,,,,,,,,,,,,,,,,,,,,,,,,,,27112503,,,,,,,,,,,,,,,,,,,75%,No
,,,,,,,Hand Tools,Measuring,Pencils,,48-22-3301,48-22-3301 Milw Mechanical Pencil w/ Lead Pack,,,,Milwaukee Accessory (4031),Milwaukee Tool,Milwaukee®,Milwaukee®,48-22-3301,,Hand Tools>Measuring>Pencils,"Milwaukee Tool, Milwaukee, Mechanical Pencil, 48-22-3301, Pack Type=Pack",MECHANICAL PENCIL YELLOW,MILWAUKEE 48-22-3301 Mechanical Pencil,"MILWAUKEE, Mechanical Pencil",Mechanical Pencil,"Discover the Milwaukee® Mechanical Pencil, engineered for outstanding performance and lasting durability. With a focus on quality and efficiency, this Mechanical Pencil is the perfect addition to any modern home.",,,,,,,,,,,,,,,,,,,,,,,,Mechanical Pencil,,Mechanical Pencil,Pack Type,Pack,,Color,Yellow,,,,,,,,,,,,,,,,,,,,,,,,,,,,,,,,,,,,,,,,,,,,,,,,,,,,,,,,,,,,,,,,,,,,,,,,,,,,,,,,,,,,,,,,,,,,,,,,,,,,,,,,,,,,,,,,,,,,,,,,,,,,,,,,,,,,,,,,,,,,,,,,,,,,,27112504,,,,,,,,,,,,,,,,,,,75%,No
,,,,,,,Hand Tools,Measuring,Pencils,,48-22-3302,48-22-3302 Milw Mechanical Pencil Replacement Lead,,,,Milwaukee Accessory (4031),Milwaukee Tool,Milwaukee®,Milwaukee®,48-22-3302,,Hand Tools>Measuring>Pencils,"Milwaukee®, Mechanical Pencil, Yellow, Replacement Lead, 48-22-3302",MECHANICAL PENCIL YELLOW,MILWAUKEE 48-22-3302 Mechanical Pencil,"MILWAUKEE, Mechanical Pencil",Mechanical Pencil,"Discover the Milwaukee® Mechanical Pencil, engineered for outstanding performance and lasting durability. With a focus on quality and efficiency, this Mechanical Pencil is the perfect addition to any modern home.",,,,,,,,,,,,,,,,,,,,,,,,Mechanical Pencil,,Mechanical Pencil,Color,Yellow,,,,,,,,,,,,,,,,,,,,,,,,,,,,,,,,,,,,,,,,,,,,,,,,,,,,,,,,,,,,,,,,,,,,,,,,,,,,,,,,,,,,,,,,,,,,,,,,,,,,,,,,,,,,,,,,,,,,,,,,,,,,,,,,,,,,,,,,,,,,,,,,,,,,,,,,27112504,,,,,,,,,,,,,,,,,,,75%,No
,,,,,,,Hand Tools,Measuring,Pencils,,48-22-3303,48-22-3303 Milw Mechanical Pencil Replacement Lead-Color,,,,Milwaukee Accessory (4031),Milwaukee Tool,Milwaukee®,Milwaukee®,48-22-3303,,Hand Tools>Measuring>Pencils,"Milwaukee®, Mechanical Pencil, Yellow, Replacement Lead-Color",MECHANICAL PENCIL YELLOW,MILWAUKEE 48-22-3303 Mechanical Pencil,"MILWAUKEE, Mechanical Pencil",Mechanical Pencil,"Discover the Milwaukee® Mechanical Pencil, engineered for outstanding performance and lasting durability. With a focus on quality and efficiency, this Mechanical Pencil is the perfect addition to any modern home.",,,,,,,,,,,,,,,,,,,,,,,,Mechanical Pencil,,Mechanical Pencil,Color,Yellow,,,,,,,,,,,,,,,,,,,,,,,,,,,,,,,,,,,,,,,,,,,,,,,,,,,,,,,,,,,,,,,,,,,,,,,,,,,,,,,,,,,,,,,,,,,,,,,,,,,,,,,,,,,,,,,,,,,,,,,,,,,,,,,,,,,,,,,,,,,,,,,,,,,,,,,,27112504,,,,,,,,,,,,,,,,,,,75%,No
,,,,,,,Safety Products,Eyewear,,,TSDKAP218-G2,TSDKAP218-G2 Edge Safety - Khor Black Frame Polarized,,,,Edge Eyewear Inc (EDGSA),GE Appliances,GE®,GE®,TSDKAP218-G2,,Safety Products>Eyewear,"GE®, Black, P218, Edge Safety - Khor Frame Polarized, TSDKAP218-G2",TSDKAP218-G2 EDGE SAFETY - KHOR BLACK FR,GE TSDKAP218-G2,GE,,"Discover the GE® product, engineered for outstanding performance and lasting durability. With a focus on quality and efficiency, this product is the perfect addition to any modern home.",,,,,,,,,,,,,,,,,,,,,,,,,,,Size,S,,Color,Black,,,,,,,,,,,,,,,,,,,,,,,,,,,,,,,,,,,,,,,,,,,,,,,,,,,,,,,,,,,,,,,,,,,,,,,,,,,,,,,,,,,,,,,,,,,,,,,,,,,,,,,,,,,,,,,,,,,,,,,,,,,,,,,,,,,,,,,,,,,,,,,,,,,,,46181500,,,,,,,,,,,,,,,,,,,65%,No
,,,,,,,Safety,Eye Protection,Glasses,,XPAP418,XPAP418 Edge Safety Glasses - Pumori Black Frame,,,,Edge Eyewear Inc (EDGSA),GE Appliances,GE®,GE®,XPAP418,,Safety>Eye Protection>Glasses,"GE Appliances, GE, Safety Glasses, XPAP418, Size=S, Color=Black, Coating=Pu",SAFETY GLASSES BLACK,GE XPAP418 Safety Glasses,"GE, Safety Glasses",Safety Glasses,"Discover the GE® Safety Glasses, engineered for outstanding performance and lasting durability. With a focus on quality and efficiency, this Safety Glasses is the perfect addition to any modern home.",,,,,,,,,,,,,,,,,,,,,,,,Safety Glasses,,Safety Glasses,Size,S,,Color,Black,,Coating,Pu,,Material,Glass,,,,,,,,,,,,,,,,,,,,,,,,,,,,,,,,,,,,,,,,,,,,,,,,,,,,,,,,,,,,,,,,,,,,,,,,,,,,,,,,,,,,,,,,,,,,,,,,,,,,,,,,,,,,,,,,,,,,,,,,,,,,,,,,,,,,,,,,,,,,,,,46181501,,,,,,,,,,,,,,,,,,,80%,No
,,,,,,,Safety,Eye Protection,Glasses,,XDAP419,XDAP419 Edge Safety Glasses - Dawson Black Frame Red Lenses,,,,Edge Eyewear Inc (EDGSA),GE Appliances,GE®,GE®,XDAP419,,Safety>Eye Protection>Glasses,"GE Appliances, GE, Safety Glasses, XDAP419, Size=S, Color=Black",SAFETY GLASSES BLACK,GE XDAP419 Safety Glasses,"GE, Safety Glasses",Safety Glasses,"Discover the GE® Safety Glasses, engineered for outstanding performance and lasting durability. With a focus on quality and efficiency, this Safety Glasses is the perfect addition to any modern home.",,,,,,,,,,,,,,,,,,,,,,,,Safety Glasses,,Safety Glasses,Size,S,,Color,Black,,Material,Glass,,,,,,,,,,,,,,,,,,,,,,,,,,,,,,,,,,,,,,,,,,,,,,,,,,,,,,,,,,,,,,,,,,,,,,,,,,,,,,,,,,,,,,,,,,,,,,,,,,,,,,,,,,,,,,,,,,,,,,,,,,,,,,,,,,,,,,,,,,,,,,,,,,46181501,,,,,,,,,,,,,,,,,,,80%,No
,,,,,,,Safety,Eye Protection,Glasses,,XB11PCVS,XB11PCVS Edge Safety Glasses - Photochromic Lense,,,,Edge Eyewear Inc (EDGSA),GE Appliances,GE®,GE®,XB11PCVS,,Safety>Eye Protection>Glasses,"GE®, Safety Glasses, Glass, Yellow, Edge - Photochromic Lense",SAFETY GLASSES,GE XB11PCVS Safety Glasses,"GE, Safety Glasses",Safety Glasses,"Discover the GE® Safety Glasses, engineered for outstanding performance and lasting durability. With a focus on quality and efficiency, this Safety Glasses is the perfect addition to any modern home.",,,,,,,,,,,,,,,,,,,,,,,,Safety Glasses,,Safety Glasses,Size,S,,Material,Glass,,Color,Yellow,,,,,,,,,,,,,,,,,,,,,,,,,,,,,,,,,,,,,,,,,,,,,,,,,,,,,,,,,,,,,,,,,,,,,,,,,,,,,,,,,,,,,,,,,,,,,,,,,,,,,,,,,,,,,,,,,,,,,,,,,,,,,,,,,,,,,,,,,,,,,,,,,,46181501,,,,,,,,,,,,,,,,,,,80%,No
,,,,,,,Safety,Eye Protection,Glasses,,KB121VS,KB121VS Edge Safety Glasses - Kabru Black Frame,,,,Edge Eyewear Inc (EDGSA),GE Appliances,GE®,GE®,KB121VS,,Safety>Eye Protection>Glasses,"GE Appliances, GE, Safety Glasses, KB121VS, Size=S, Color=Black",SAFETY GLASSES BLACK,GE KB121VS Safety Glasses,"GE, Safety Glasses",Safety Glasses,"Discover the GE® Safety Glasses, engineered for outstanding performance and lasting durability. With a focus on quality and efficiency, this Safety Glasses is the perfect addition to any modern home.",,,,,,,,,,,,,,,,,,,,,,,,Safety Glasses,,Safety Glasses,Size,S,,Color,Black,,Material,Glass,,,,,,,,,,,,,,,,,,,,,,,,,,,,,,,,,,,,,,,,,,,,,,,,,,,,,,,,,,,,,,,,,,,,,,,,,,,,,,,,,,,,,,,,,,,,,,,,,,,,,,,,,,,,,,,,,,,,,,,,,,,,,,,,,,,,,,,,,,,,,,,,,,46181501,,,,,,,,,,,,,,,,,,,80%,No
,,,,,,,Safety,Eye Protection,Glasses,,KB126VS,KB126VS Edge Safety Glasses - Kabru Black Frame,,,,Edge Eyewear Inc (EDGSA),GE Appliances,GE®,GE®,KB126VS,,Safety>Eye Protection>Glasses,"GE Appliances, GE, Safety Glasses, KB126VS, Size=S, Color=Black",SAFETY GLASSES BLACK,GE KB126VS Safety Glasses,"GE, Safety Glasses",Safety Glasses,"Discover the GE® Safety Glasses, engineered for outstanding performance and lasting durability. With a focus on quality and efficiency, this Safety Glasses is the perfect addition to any modern home.",,,,,,,,,,,,,,,,,,,,,,,,Safety Glasses,,Safety Glasses,Size,S,,Color,Black,,Material,Glass,,,,,,,,,,,,,,,,,,,,,,,,,,,,,,,,,,,,,,,,,,,,,,,,,,,,,,,,,,,,,,,,,,,,,,,,,,,,,,,,,,,,,,,,,,,,,,,,,,,,,,,,,,,,,,,,,,,,,,,,,,,,,,,,,,,,,,,,,,,,,,,,,,46181501,,,,,,,,,,,,,,,,,,,80%,No
,,,,,,,Safety,Eye Protection,Glasses,,TC121VS,TC121VS Edge Safety Glasses - Tacana Black Frame,,,,Edge Eyewear Inc (EDGSA),GE Appliances,GE®,GE®,TC121VS,,Safety>Eye Protection>Glasses,"GE Appliances, GE, Safety Glasses, TC121VS, Size=S, Color=Black",SAFETY GLASSES 120 15 BLACK,GE TC121VS Safety Glasses,"GE, Safety Glasses, 120 Voltage, 15 Amperage, 26 Width, 3.2 Capacity",Safety Glasses,"Discover the GE® Safety Glasses, engineered for outstanding performance and lasting durability. With a focus on quality and efficiency, this Safety Glasses is the perfect addition to any modern home.",,,,,,,,,,,,,,,,,,,,,,,,Safety Glasses,,Safety Glasses,Size,S,,Color,Black,,Voltage Rating,120,,Amperage Rating,15,,Capacity,3.2,,Width,26,,Material,Glass,,,,,,,,,,,,,,,,,,,,,,,,,,,,,,,,,,,,,,,,,,,,,,,,,,,,,,,,,,,,,,,,,,,,,,,,,,,,,,,,,,,,,,,,,,,,,,,,,,,,,,,,,,,,,,,,,,,,,,,,,,,,,,,,,,,,,,46181501,,,,,,,,,26,,,,,,,,,,85%,No
,,,,,,,Safety,Eye Protection,Glasses,,TC126VS,TC126VS Edge Safety Glasses - Tacana Black Frame,,,,Edge Eyewear Inc (EDGSA),GE Appliances,GE®,GE®,TC126VS,,Safety>Eye Protection>Glasses,"GE Appliances, GE, Safety Glasses, TC126VS, Size=S, Color=Black",SAFETY GLASSES 120 15 BLACK,GE TC126VS Safety Glasses,"GE, Safety Glasses, 120 Voltage, 15 Amperage, 26 Width, 3.2 Capacity",Safety Glasses,"Discover the GE® Safety Glasses, engineered for outstanding performance and lasting durability. With a focus on quality and efficiency, this Safety Glasses is the perfect addition to any modern home.",,,,,,,,,,,,,,,,,,,,,,,,Safety Glasses,,Safety Glasses,Size,S,,Color,Black,,Voltage Rating,120,,Amperage Rating,15,,Capacity,3.2,,Width,26,,Material,Glass,,,,,,,,,,,,,,,,,,,,,,,,,,,,,,,,,,,,,,,,,,,,,,,,,,,,,,,,,,,,,,,,,,,,,,,,,,,,,,,,,,,,,,,,,,,,,,,,,,,,,,,,,,,,,,,,,,,,,,,,,,,,,,,,,,,,,,46181501,,,,,,,,,26,,,,,,,,,,85%,No
,,,,,,,Safety,Eye Protection,Glasses,,MK113MPAP,MK113MPAP Edge Safety Glasses - Makalu Black Frame Polarized,,,,Edge Eyewear Inc (EDGSA),GE Appliances,GE®,GE®,MK113MPAP,,Safety>Eye Protection>Glasses,"GE Appliances, GE, Safety Glasses, MK113MPAP, Size=M, Color=Black",SAFETY GLASSES BLACK,GE MK113MPAP Safety Glasses,"GE, Safety Glasses",Safety Glasses,"Discover the GE® Safety Glasses, engineered for outstanding performance and lasting durability. With a focus on quality and efficiency, this Safety Glasses is the perfect addition to any modern home.",,,,,,,,,,,,,,,,,,,,,,,,Safety Glasses,,Safety Glasses,Size,M,,Color,Black,,Material,Glass,,,,,,,,,,,,,,,,,,,,,,,,,,,,,,,,,,,,,,,,,,,,,,,,,,,,,,,,,,,,,,,,,,,,,,,,,,,,,,,,,,,,,,,,,,,,,,,,,,,,,,,,,,,,,,,,,,,,,,,,,,,,,,,,,,,,,,,,,,,,,,,,,,46181501,,,,,,,,,,,,,,,,,,,80%,No
,,,,,,,Safety,Eye Protection,Glasses,,LS117MPAP,LS117MPAP Edge Safety Glasses - Lassen Black Frame Polarized,,,,Edge Eyewear Inc (EDGSA),GE Appliances,GE®,GE®,LS117MPAP,,Safety>Eye Protection>Glasses,"GE Appliances, GE, Safety Glasses, LS117MPAP, Size=L, Color=Black",SAFETY GLASSES BLACK,GE LS117MPAP Safety Glasses,"GE, Safety Glasses",Safety Glasses,"Discover the GE® Safety Glasses, engineered for outstanding performance and lasting durability. With a focus on quality and efficiency, this Safety Glasses is the perfect addition to any modern home.",,,,,,,,,,,,,,,,,,,,,,,,Safety Glasses,,Safety Glasses,Size,L,,Color,Black,,Material,Glass,,,,,,,,,,,,,,,,,,,,,,,,,,,,,,,,,,,,,,,,,,,,,,,,,,,,,,,,,,,,,,,,,,,,,,,,,,,,,,,,,,,,,,,,,,,,,,,,,,,,,,,,,,,,,,,,,,,,,,,,,,,,,,,,,,,,,,,,,,,,,,,,,,46181501,,,,,,,,,,,,,,,,,,,80%,No
,,,,,,,Safety,Fire Extinguishers,,,FE-EFX-6L,FEEFX6L Lith Fire Extinguisher,,,,Ohio Firewatch Protection Inc (HOLFS),Ohio Firewatch Protection Inc,Ohio Firewatch Protection®,Ohio Firewatch Protection®,FE-EFX-6L,,Safety>Fire Extinguishers,"Ohio Firewatch Protection Inc, Ohio Firewatch Protection, Fire Extinguisher",FIRE EXTINGUISHE,OHIO FIREWATCH PROTECTION FE-EFX-6L Fire Extinguisher,"OHIO FIREWATCH PROTECTION, Fire Extinguisher",Fire Extinguisher,"Discover the Ohio Firewatch Protection® Fire Extinguisher, engineered for outstanding performance and lasting durability. With a focus on quality and efficiency, this Fire Extinguisher is the perfect addition to any modern home.",,,,,,,,,,,,,,,,,,,,,,,,Fire Extinguisher,,Fire Extinguisher,Size,L,,Color,Yellow,,,,,,,,,,,,,,,,,,,,,,,,,,,,,,,,,,,,,,,,,,,,,,,,,,,,,,,,,,,,,,,,,,,,,,,,,,,,,,,,,,,,,,,,,,,,,,,,,,,,,,,,,,,,,,,,,,,,,,,,,,,,,,,,,,,,,,,,,,,,,,,,,,,,,46182100,,,,,,,,,,,,,,,,,,Low Confidence,55%,No
,,,,,,,Safety,Fire Extinguishers,,,FE-EFX-9L,FEEFX9L Lith Fire Extinguisher,,,,Ohio Firewatch Protection Inc (HOLFS),Ohio Firewatch Protection Inc,Ohio Firewatch Protection®,Ohio Firewatch Protection®,FE-EFX-9L,,Safety>Fire Extinguishers,"Ohio Firewatch Protection Inc, Ohio Firewatch Protection, Fire Extinguisher",FIRE EXTINGUISHE,OHIO FIREWATCH PROTECTION FE-EFX-9L Fire Extinguisher,"OHIO FIREWATCH PROTECTION, Fire Extinguisher",Fire Extinguisher,"Discover the Ohio Firewatch Protection® Fire Extinguisher, engineered for outstanding performance and lasting durability. With a focus on quality and efficiency, this Fire Extinguisher is the perfect addition to any modern home.",,,,,,,,,,,,,,,,,,,,,,,,Fire Extinguisher,,Fire Extinguisher,Size,L,,Color,Yellow,,,,,,,,,,,,,,,,,,,,,,,,,,,,,,,,,,,,,,,,,,,,,,,,,,,,,,,,,,,,,,,,,,,,,,,,,,,,,,,,,,,,,,,,,,,,,,,,,,,,,,,,,,,,,,,,,,,,,,,,,,,,,,,,,,,,,,,,,,,,,,,,,,,,,46182100,,,,,,,,,,,,,,,,,,Low Confidence,55%,No
,,,,,,,Safety,Smoke Detectors,,,1046793,1046793 Smoke & CO Alarm,,,First Alert,First Alert - B R K Brands (2754),First Alert - B R K Brands,First Alert®,First Alert®,1046793,,Safety>Smoke Detectors,"First Alert - B R K Brands, First Alert, Smoke/CO Detector, 1046793",SMOKE/CO DETECTO,FIRST ALERT 1046793 Smoke/CO Detector,"FIRST ALERT, Smoke/CO Detector",Smoke/CO Detector,"Discover the First Alert® Smoke/CO Detector, engineered for outstanding performance and lasting durability. With a focus on quality and efficiency, this Smoke/CO Detector is the perfect addition to any modern home.",,,,,,,,,,,,,,,,,,,,,,,,Smoke/CO Detector,,Smoke/CO Detector,Size,S,,Color,Yellow,,,,,,,,,,,,,,,,,,,,,,,,,,,,,,,,,,,,,,,,,,,,,,,,,,,,,,,,,,,,,,,,,,,,,,,,,,,,,,,,,,,,,,,,,,,,,,,,,,,,,,,,,,,,,,,,,,,,,,,,,,,,,,,,,,,,,,,,,,,,,,,,,,,,,46182200,,,,,,,,,,,,,,,,,,Low Confidence,55%,No
,,,,,,,Safety,Smoke Detectors,,,1046870,1046870 Smoke & CO Alarm,,,BRK,First Alert - B R K Brands (2754),First Alert - B R K Brands,BRK®,BRK®,1046870,,Safety>Smoke Detectors,"First Alert - B R K Brands, BRK, Smoke/CO Detector, 1046870, Size=S",SMOKE/CO DETECTO,BRK 1046870 Smoke/CO Detector,"BRK, Smoke/CO Detector",Smoke/CO Detector,"Discover the BRK® Smoke/CO Detector, engineered for outstanding performance and lasting durability. With a focus on quality and efficiency, this Smoke/CO Detector is the perfect addition to any modern home.",,,,,,,,,,,,,,,,,,,,,,,,Smoke/CO Detector,,Smoke/CO Detector,Size,S,,Color,Yellow,,,,,,,,,,,,,,,,,,,,,,,,,,,,,,,,,,,,,,,,,,,,,,,,,,,,,,,,,,,,,,,,,,,,,,,,,,,,,,,,,,,,,,,,,,,,,,,,,,,,,,,,,,,,,,,,,,,,,,,,,,,,,,,,,,,,,,,,,,,,,,,,,,,,,46182200,,,,,,,,,,,,,,,,,,Low Confidence,55%,No
,,,,,,,Safety Products,Gloves,,,M701B-21L,M701B-21L Milw L Black Heated Work Glove Liners,,,,Milwaukee Accessory (4031),Milwaukee Accessory,Milwaukee®,Milwaukee®,M701B-21L,,Safety Products>Gloves,"Milwaukee Accessory, Milwaukee, M701B-21L, Size=M, Color=Black",M701B-21L MILW L BLACK HEATED WORK GLOVE,MILWAUKEE M701B-21L,MILWAUKEE,,"Discover the Milwaukee® product, engineered for outstanding performance and lasting durability. With a focus on quality and efficiency, this product is the perfect addition to any modern home.",,,,,,,,,,,,,,,,,,,,,,,,,,,Size,M,,Color,Black,,,,,,,,,,,,,,,,,,,,,,,,,,,,,,,,,,,,,,,,,,,,,,,,,,,,,,,,,,,,,,,,,,,,,,,,,,,,,,,,,,,,,,,,,,,,,,,,,,,,,,,,,,,,,,,,,,,,,,,,,,,,,,,,,,,,,,,,,,,,,,,,,,,,,46181600,,,,,,,,,,,,,,,,,,,65%,No
,,,,,,,Safety Products,Gloves,,,M701B-21M,M701B-21M Milw M Black Heated Work Glove Liners,,,,Milwaukee Accessory (4031),Milwaukee Accessory,Milwaukee®,Milwaukee®,M701B-21M,,Safety Products>Gloves,"Milwaukee Accessory, Milwaukee, M701B-21M, Size=M, Color=Black",M701B-21M MILW M BLACK HEATED WORK GLOVE,MILWAUKEE M701B-21M,MILWAUKEE,,"Discover the Milwaukee® product, engineered for outstanding performance and lasting durability. With a focus on quality and efficiency, this product is the perfect addition to any modern home.",,,,,,,,,,,,,,,,,,,,,,,,,,,Size,M,,Color,Black,,,,,,,,,,,,,,,,,,,,,,,,,,,,,,,,,,,,,,,,,,,,,,,,,,,,,,,,,,,,,,,,,,,,,,,,,,,,,,,,,,,,,,,,,,,,,,,,,,,,,,,,,,,,,,,,,,,,,,,,,,,,,,,,,,,,,,,,,,,,,,,,,,,,,46181600,,,,,,,,,,,,,,,,,,,65%,No
,,,,,,,Safety Products,Gloves,,,M701B-21S,M701B-21S Milw S Black Heated Work Glove Liners,,,,Milwaukee Accessory (4031),Milwaukee Accessory,Milwaukee®,Milwaukee®,M701B-21S,,Safety Products>Gloves,"Milwaukee Accessory, Milwaukee, M701B-21S, Size=M, Color=Black",M701B-21S MILW S BLACK HEATED WORK GLOVE,MILWAUKEE M701B-21S,MILWAUKEE,,"Discover the Milwaukee® product, engineered for outstanding performance and lasting durability. With a focus on quality and efficiency, this product is the perfect addition to any modern home.",,,,,,,,,,,,,,,,,,,,,,,,,,,Size,M,,Color,Black,,,,,,,,,,,,,,,,,,,,,,,,,,,,,,,,,,,,,,,,,,,,,,,,,,,,,,,,,,,,,,,,,,,,,,,,,,,,,,,,,,,,,,,,,,,,,,,,,,,,,,,,,,,,,,,,,,,,,,,,,,,,,,,,,,,,,,,,,,,,,,,,,,,,,46181600,,,,,,,,,,,,,,,,,,,65%,No
,,,,,,,Safety Products,Gloves,,,M701B-21XL,M701B-21XL Milw XL Black Heated Work Glove Liners,,,,Milwaukee Accessory (4031),Milwaukee Accessory,Milwaukee®,Milwaukee®,M701B-21XL,,Safety Products>Gloves,"Milwaukee Accessory, Milwaukee, M701B-21XL, Size=M, Color=Black",M701B-21XL MILW XL BLACK HEATED WORK GLO,MILWAUKEE M701B-21XL,MILWAUKEE,,"Discover the Milwaukee® product, engineered for outstanding performance and lasting durability. With a focus on quality and efficiency, this product is the perfect addition to any modern home.",,,,,,,,,,,,,,,,,,,,,,,,,,,Size,M,,Color,Black,,,,,,,,,,,,,,,,,,,,,,,,,,,,,,,,,,,,,,,,,,,,,,,,,,,,,,,,,,,,,,,,,,,,,,,,,,,,,,,,,,,,,,,,,,,,,,,,,,,,,,,,,,,,,,,,,,,,,,,,,,,,,,,,,,,,,,,,,,,,,,,,,,,,,46181600,,,,,,,,,,,,,,,,,,,65%,No
,,,,,,,Safety Products,Gloves,,,MWUG42010124,UTW Pro Heated Glove Blk XS,,,,Tech Gear 5.7 Inc (TECGE),Tech Gear 5.7 Inc,Tech Gear 5.7,Tech Gear 5.7,MWUG42010124,,Safety Products>Gloves,"Tech Gear 5.7, Yellow, UTW Pro Heated Glove Blk XS, MWUG42010124",UTW PRO HEATED GLOVE BLK XS YELLOW,TECH GEAR 5.7 MWUG42010124,TECH GEAR 5.7,,"Discover the Tech Gear 5.7 product, engineered for outstanding performance and lasting durability. With a focus on quality and efficiency, this product is the perfect addition to any modern home.",,,,,,,,,,,,,,,,,,,,,,,,,,,Size,l,,Color,Yellow,,,,,,,,,,,,,,,,,,,,,,,,,,,,,,,,,,,,,,,,,,,,,,,,,,,,,,,,,,,,,,,,,,,,,,,,,,,,,,,,,,,,,,,,,,,,,,,,,,,,,,,,,,,,,,,,,,,,,,,,,,,,,,,,,,,,,,,,,,,,,,,,,,,,,46181600,,,,,,,,,,,,,,,,,,Low Confidence,55%,No
,,,,,,,Safety Products,Gloves,,,MWUG42010224,UTW Pro Heated Glove Blk SM,,,,Tech Gear 5.7 Inc (TECGE),Tech Gear 5.7 Inc,Tech Gear 5.7,Tech Gear 5.7,MWUG42010224,,Safety Products>Gloves,"Tech Gear 5.7, Yellow, UTW Pro Heated Glove Blk SM, MWUG42010224",UTW PRO HEATED GLOVE BLK SM YELLOW,TECH GEAR 5.7 MWUG42010224,TECH GEAR 5.7,,"Discover the Tech Gear 5.7 product, engineered for outstanding performance and lasting durability. With a focus on quality and efficiency, this product is the perfect addition to any modern home.",,,,,,,,,,,,,,,,,,,,,,,,,,,Size,l,,Color,Yellow,,,,,,,,,,,,,,,,,,,,,,,,,,,,,,,,,,,,,,,,,,,,,,,,,,,,,,,,,,,,,,,,,,,,,,,,,,,,,,,,,,,,,,,,,,,,,,,,,,,,,,,,,,,,,,,,,,,,,,,,,,,,,,,,,,,,,,,,,,,,,,,,,,,,,46181600,,,,,,,,,,,,,,,,,,Low Confidence,55%,No
,,,,,,,Safety Products,Gloves,,,MWUG42010324,UTW Pro Heated Glove Blk MD,,,,Tech Gear 5.7 Inc (TECGE),Tech Gear 5.7 Inc,Tech Gear 5.7,Tech Gear 5.7,MWUG42010324,,Safety Products>Gloves,"Tech Gear 5.7, Yellow, UTW Pro Heated Glove Blk MD, MWUG42010324",UTW PRO HEATED GLOVE BLK MD YELLOW,TECH GEAR 5.7 MWUG42010324,TECH GEAR 5.7,,"Discover the Tech Gear 5.7 product, engineered for outstanding performance and lasting durability. With a focus on quality and efficiency, this product is the perfect addition to any modern home.",,,,,,,,,,,,,,,,,,,,,,,,,,,Size,l,,Color,Yellow,,,,,,,,,,,,,,,,,,,,,,,,,,,,,,,,,,,,,,,,,,,,,,,,,,,,,,,,,,,,,,,,,,,,,,,,,,,,,,,,,,,,,,,,,,,,,,,,,,,,,,,,,,,,,,,,,,,,,,,,,,,,,,,,,,,,,,,,,,,,,,,,,,,,,46181600,,,,,,,,,,,,,,,,,,Low Confidence,55%,No
,,,,,,,Safety Products,Gloves,,,MWUG42010424,UTW Pro Heated Glove Blk LG,,,,Tech Gear 5.7 Inc (TECGE),LG Electronics,LG®,LG®,MWUG42010424,,Safety Products>Gloves,"LG Electronics, LG, MWUG42010424, Size=l, UTW Pro Heated Glove Blk LG, Yellow",UTW PRO HEATED GLOVE BLK LG YELLOW,LG MWUG42010424,LG,,"Discover the LG® product, engineered for outstanding performance and lasting durability. With a focus on quality and efficiency, this product is the perfect addition to any modern home.",,,,,,,,,,,,,,,,,,,,,,,,,,,Size,l,,Color,Yellow,,,,,,,,,,,,,,,,,,,,,,,,,,,,,,,,,,,,,,,,,,,,,,,,,,,,,,,,,,,,,,,,,,,,,,,,,,,,,,,,,,,,,,,,,,,,,,,,,,,,,,,,,,,,,,,,,,,,,,,,,,,,,,,,,,,,,,,,,,,,,,,,,,,,,46181600,,,,,,,,,,,,,,,,,,,65%,No
,,,,,,,Safety Products,Gloves,,,MWUG42010524,UTW Pro Heated Glove Blk XL,,,,Tech Gear 5.7 Inc (TECGE),Tech Gear 5.7 Inc,Tech Gear 5.7,Tech Gear 5.7,MWUG42010524,,Safety Products>Gloves,"Tech Gear 5.7, Yellow, UTW Pro Heated Glove Blk XL, MWUG42010524",UTW PRO HEATED GLOVE BLK XL YELLOW,TECH GEAR 5.7 MWUG42010524,TECH GEAR 5.7,,"Discover the Tech Gear 5.7 product, engineered for outstanding performance and lasting durability. With a focus on quality and efficiency, this product is the perfect addition to any modern home.",,,,,,,,,,,,,,,,,,,,,,,,,,,Size,l,,Color,Yellow,,,,,,,,,,,,,,,,,,,,,,,,,,,,,,,,,,,,,,,,,,,,,,,,,,,,,,,,,,,,,,,,,,,,,,,,,,,,,,,,,,,,,,,,,,,,,,,,,,,,,,,,,,,,,,,,,,,,,,,,,,,,,,,,,,,,,,,,,,,,,,,,,,,,,46181600,,,,,,,,,,,,,,,,,,Low Confidence,55%,No
,,,,,,,Safety Products,Gloves,,,MWUG42010624,UTW Pro Heated Glove Blk 2X,,,,Tech Gear 5.7 Inc (TECGE),Tech Gear 5.7 Inc,Tech Gear 5.7,Tech Gear 5.7,MWUG42010624,,Safety Products>Gloves,"Tech Gear 5.7, Yellow, UTW Pro Heated Glove Blk 2X, MWUG42010624",UTW PRO HEATED GLOVE BLK 2X YELLOW,TECH GEAR 5.7 MWUG42010624,TECH GEAR 5.7,,"Discover the Tech Gear 5.7 product, engineered for outstanding performance and lasting durability. With a focus on quality and efficiency, this product is the perfect addition to any modern home.",,,,,,,,,,,,,,,,,,,,,,,,,,,Size,l,,Color,Yellow,,,,,,,,,,,,,,,,,,,,,,,,,,,,,,,,,,,,,,,,,,,,,,,,,,,,,,,,,,,,,,,,,,,,,,,,,,,,,,,,,,,,,,,,,,,,,,,,,,,,,,,,,,,,,,,,,,,,,,,,,,,,,,,,,,,,,,,,,,,,,,,,,,,,,46181600,,,,,,,,,,,,,,,,,,Low Confidence,55%,No
,,,,,,,Safety Products,Gloves,,,MWUG36010225,MWUG36010225 BLK SM Aerial Snow Heated Glove,,,,Tech Gear 5.7 Inc (TECGE),Tech Gear 5.7 Inc,Tech Gear 5.7,Tech Gear 5.7,MWUG36010225,,Safety Products>Gloves,"Tech Gear 5.7, Yellow, BLK SM Aerial Snow Heated Glove, MWUG36010225",MWUG36010225 BLK SM AERIAL SNOW HEATED G,TECH GEAR 5.7 MWUG36010225,TECH GEAR 5.7,,"Discover the Tech Gear 5.7 product, engineered for outstanding performance and lasting durability. With a focus on quality and efficiency, this product is the perfect addition to any modern home.",,,,,,,,,,,,,,,,,,,,,,,,,,,Size,M,,Color,Yellow,,,,,,,,,,,,,,,,,,,,,,,,,,,,,,,,,,,,,,,,,,,,,,,,,,,,,,,,,,,,,,,,,,,,,,,,,,,,,,,,,,,,,,,,,,,,,,,,,,,,,,,,,,,,,,,,,,,,,,,,,,,,,,,,,,,,,,,,,,,,,,,,,,,,,46181600,,,,,,,,,,,,,,,,,,Low Confidence,55%,No
,,,,,,,Safety Products,Gloves,,,MWUG36010325,MWUG36010325 BLK MD Aerial Snow Heated Glove,,,,Tech Gear 5.7 Inc (TECGE),Tech Gear 5.7 Inc,Tech Gear 5.7,Tech Gear 5.7,MWUG36010325,,Safety Products>Gloves,"Tech Gear 5.7, Yellow, BLK MD Aerial Snow Heated Glove, MWUG36010325",MWUG36010325 BLK MD AERIAL SNOW HEATED G,TECH GEAR 5.7 MWUG36010325,TECH GEAR 5.7,,"Discover the Tech Gear 5.7 product, engineered for outstanding performance and lasting durability. With a focus on quality and efficiency, this product is the perfect addition to any modern home.",,,,,,,,,,,,,,,,,,,,,,,,,,,Size,M,,Color,Yellow,,,,,,,,,,,,,,,,,,,,,,,,,,,,,,,,,,,,,,,,,,,,,,,,,,,,,,,,,,,,,,,,,,,,,,,,,,,,,,,,,,,,,,,,,,,,,,,,,,,,,,,,,,,,,,,,,,,,,,,,,,,,,,,,,,,,,,,,,,,,,,,,,,,,,46181600,,,,,,,,,,,,,,,,,,Low Confidence,55%,No
,,,,,,,Safety Products,Gloves,,,MWUG36010425,MWUG36010425 BLK LG Aerial Snow Heated Glove,,,,Tech Gear 5.7 Inc (TECGE),LG Electronics,LG®,LG®,MWUG36010425,,Safety Products>Gloves,"LG Electronics, LG, MWUG36010425, Size=M, BLK LG Aerial Snow Heated Glove",MWUG36010425 BLK LG AERIAL SNOW HEATED G,LG MWUG36010425,LG,,"Discover the LG® product, engineered for outstanding performance and lasting durability. With a focus on quality and efficiency, this product is the perfect addition to any modern home.",,,,,,,,,,,,,,,,,,,,,,,,,,,Size,M,,Color,Yellow,,,,,,,,,,,,,,,,,,,,,,,,,,,,,,,,,,,,,,,,,,,,,,,,,,,,,,,,,,,,,,,,,,,,,,,,,,,,,,,,,,,,,,,,,,,,,,,,,,,,,,,,,,,,,,,,,,,,,,,,,,,,,,,,,,,,,,,,,,,,,,,,,,,,,46181600,,,,,,,,,,,,,,,,,,,65%,No
,,,,,,,Safety Products,Gloves,,,MWUG36010525,MWUG36010525 BLK XL Aerial Snow Heated Glove,,,,Tech Gear 5.7 Inc (TECGE),Tech Gear 5.7 Inc,Tech Gear 5.7,Tech Gear 5.7,MWUG36010525,,Safety Products>Gloves,"Tech Gear 5.7, Yellow, BLK XL Aerial Snow Heated Glove, MWUG36010525",MWUG36010525 BLK XL AERIAL SNOW HEATED G,TECH GEAR 5.7 MWUG36010525,TECH GEAR 5.7,,"Discover the Tech Gear 5.7 product, engineered for outstanding performance and lasting durability. With a focus on quality and efficiency, this product is the perfect addition to any modern home.",,,,,,,,,,,,,,,,,,,,,,,,,,,Size,M,,Color,Yellow,,,,,,,,,,,,,,,,,,,,,,,,,,,,,,,,,,,,,,,,,,,,,,,,,,,,,,,,,,,,,,,,,,,,,,,,,,,,,,,,,,,,,,,,,,,,,,,,,,,,,,,,,,,,,,,,,,,,,,,,,,,,,,,,,,,,,,,,,,,,,,,,,,,,,46181600,,,,,,,,,,,,,,,,,,Low Confidence,55%,No
,,,,,,,Safety Products,Gloves,,,MWUG36010625,MWUG36010625 BLK 2X Aerial Snow Heated Glove,,,,Tech Gear 5.7 Inc (TECGE),Tech Gear 5.7 Inc,Tech Gear 5.7,Tech Gear 5.7,MWUG36010625,,Safety Products>Gloves,"Tech Gear 5.7, Yellow, BLK 2X Aerial Snow Heated Glove, MWUG36010625",MWUG36010625 BLK 2X AERIAL SNOW HEATED G,TECH GEAR 5.7 MWUG36010625,TECH GEAR 5.7,,"Discover the Tech Gear 5.7 product, engineered for outstanding performance and lasting durability. With a focus on quality and efficiency, this product is the perfect addition to any modern home.",,,,,,,,,,,,,,,,,,,,,,,,,,,Size,M,,Color,Yellow,,,,,,,,,,,,,,,,,,,,,,,,,,,,,,,,,,,,,,,,,,,,,,,,,,,,,,,,,,,,,,,,,,,,,,,,,,,,,,,,,,,,,,,,,,,,,,,,,,,,,,,,,,,,,,,,,,,,,,,,,,,,,,,,,,,,,,,,,,,,,,,,,,,,,46181600,,,,,,,,,,,,,,,,,,Low Confidence,55%,No
,,,,,,,Safety Products,Hearing Protection,,,DPG15,DPG15 Dewalt AM/FM Hearing Protector,,,,Radians (7363),DeWalt Industrial Tool,DeWalt®,DeWalt®,DPG15,,Safety Products>Hearing Protection,"DeWalt Industrial Tool, DeWalt, DPG15, Size=l, Dewalt AM/FM Hearing Protector",DPG15 DEWALT AM/FM HEARING PROTECTOR,DEWALT DPG15,DEWALT,,"Discover the DeWalt® product, engineered for outstanding performance and lasting durability. With a focus on quality and efficiency, this product is the perfect addition to any modern home.",,,,,,,,,,,,,,,,,,,,,,,,,,,Size,l,,Color,Yellow,,,,,,,,,,,,,,,,,,,,,,,,,,,,,,,,,,,,,,,,,,,,,,,,,,,,,,,,,,,,,,,,,,,,,,,,,,,,,,,,,,,,,,,,,,,,,,,,,,,,,,,,,,,,,,,,,,,,,,,,,,,,,,,,,,,,,,,,,,,,,,,,,,,,,46181800,,,,,,,,,,,,,,,,,,,65%,No
,,,,,,,Safety,Body Protection,Heated Apparel,,F200B-21L,F200B-21L Milw M12 Womens - BLK Heated Hoodie Kit L,,,,Milwaukee Accessory (4031),Milwaukee Accessory,Milwaukee®,Milwaukee®,F200B-21L,,Safety>Body Protection>Heated Apparel,"Milwaukee Accessory, Milwaukee, Heated Apparel, F200B-21L, Size=L, Pack Type=Kit",HEATED APPAREL,MILWAUKEE F200B-21L Heated Apparel,"MILWAUKEE, Heated Apparel",Heated Apparel,"Discover the Milwaukee® Heated Apparel, engineered for outstanding performance and lasting durability. With a focus on quality and efficiency, this Heated Apparel is the perfect addition to any modern home.",,,,,,,,,,,,,,,,,,,,,,,,Heated Apparel,,Heated Apparel,Size,L,,Pack Type,Kit,,Color,Yellow,,,,,,,,,,,,,,,,,,,,,,,,,,,,,,,,,,,,,,,,,,,,,,,,,,,,,,,,,,,,,,,,,,,,,,,,,,,,,,,,,,,,,,,,,,,,,,,,,,,,,,,,,,,,,,,,,,,,,,,,,,,,,,,,,,,,,,,,,,,,,,,,,,46182001,,,,,,,,,,,,,,,,,,,80%,No
,,,,,,,Safety,Body Protection,Heated Apparel,,F200B-21M,F200B-21M Milw M12 Womens - BLK Heated Hoodie Kit M,,,,Milwaukee Accessory (4031),Milwaukee Accessory,Milwaukee®,Milwaukee®,F200B-21M,,Safety>Body Protection>Heated Apparel,"Milwaukee Accessory, Milwaukee, Heated Apparel, F200B-21M, Size=M, Pack Type=Kit",HEATED APPAREL,MILWAUKEE F200B-21M Heated Apparel,"MILWAUKEE, Heated Apparel",Heated Apparel,"Discover the Milwaukee® Heated Apparel, engineered for outstanding performance and lasting durability. With a focus on quality and efficiency, this Heated Apparel is the perfect addition to any modern home.",,,,,,,,,,,,,,,,,,,,,,,,Heated Apparel,,Heated Apparel,Size,M,,Pack Type,Kit,,Color,Yellow,,,,,,,,,,,,,,,,,,,,,,,,,,,,,,,,,,,,,,,,,,,,,,,,,,,,,,,,,,,,,,,,,,,,,,,,,,,,,,,,,,,,,,,,,,,,,,,,,,,,,,,,,,,,,,,,,,,,,,,,,,,,,,,,,,,,,,,,,,,,,,,,,,46182001,,,,,,,,,,,,,,,,,,,80%,No
,,,,,,,Safety,Body Protection,Heated Apparel,,M200B-21L,M200B-21L Milw M12 BLK - Heated Hoodie Kit L,,,,Milwaukee Accessory (4031),Milwaukee Accessory,Milwaukee®,Milwaukee®,M200B-21L,,Safety>Body Protection>Heated Apparel,"Milwaukee Accessory, Milwaukee, Heated Apparel, M200B-21L, Size=M, Pack Type=Kit",HEATED APPAREL,MILWAUKEE M200B-21L Heated Apparel,"MILWAUKEE, Heated Apparel",Heated Apparel,"Discover the Milwaukee® Heated Apparel, engineered for outstanding performance and lasting durability. With a focus on quality and efficiency, this Heated Apparel is the perfect addition to any modern home.",,,,,,,,,,,,,,,,,,,,,,,,Heated Apparel,,Heated Apparel,Size,M,,Pack Type,Kit,,Color,Yellow,,,,,,,,,,,,,,,,,,,,,,,,,,,,,,,,,,,,,,,,,,,,,,,,,,,,,,,,,,,,,,,,,,,,,,,,,,,,,,,,,,,,,,,,,,,,,,,,,,,,,,,,,,,,,,,,,,,,,,,,,,,,,,,,,,,,,,,,,,,,,,,,,,46182001,,,,,,,,,,,,,,,,,,,80%,No
,,,,,,,Safety,Body Protection,Heated Apparel,,M200B-21M,M200B-21M Milw M12 BLK - Heated Hoodie Kit M,,,,Milwaukee Accessory (4031),Milwaukee Accessory,Milwaukee®,Milwaukee®,M200B-21M,,Safety>Body Protection>Heated Apparel,"Milwaukee Accessory, Milwaukee, Heated Apparel, M200B-21M, Size=M, Pack Type=Kit",HEATED APPAREL,MILWAUKEE M200B-21M Heated Apparel,"MILWAUKEE, Heated Apparel",Heated Apparel,"Discover the Milwaukee® Heated Apparel, engineered for outstanding performance and lasting durability. With a focus on quality and efficiency, this Heated Apparel is the perfect addition to any modern home.",,,,,,,,,,,,,,,,,,,,,,,,Heated Apparel,,Heated Apparel,Size,M,,Pack Type,Kit,,Color,Yellow,,,,,,,,,,,,,,,,,,,,,,,,,,,,,,,,,,,,,,,,,,,,,,,,,,,,,,,,,,,,,,,,,,,,,,,,,,,,,,,,,,,,,,,,,,,,,,,,,,,,,,,,,,,,,,,,,,,,,,,,,,,,,,,,,,,,,,,,,,,,,,,,,,46182001,,,,,,,,,,,,,,,,,,,80%,No
,,,,,,,Safety,Body Protection,Heated Apparel,,M200B-21XL,M200B-21XL Milw M12 BLK - Heated Hoodie Kit XL,,,,Milwaukee Accessory (4031),Milwaukee Accessory,Milwaukee®,Milwaukee®,M200B-21XL,,Safety>Body Protection>Heated Apparel,"Milwaukee Accessory, Milwaukee, Heated Apparel, M200B-21XL, Size=M",HEATED APPAREL,MILWAUKEE M200B-21XL Heated Apparel,"MILWAUKEE, Heated Apparel",Heated Apparel,"Discover the Milwaukee® Heated Apparel, engineered for outstanding performance and lasting durability. With a focus on quality and efficiency, this Heated Apparel is the perfect addition to any modern home.",,,,,,,,,,,,,,,,,,,,,,,,Heated Apparel,,Heated Apparel,Size,M,,Pack Type,Kit,,Color,Yellow,,,,,,,,,,,,,,,,,,,,,,,,,,,,,,,,,,,,,,,,,,,,,,,,,,,,,,,,,,,,,,,,,,,,,,,,,,,,,,,,,,,,,,,,,,,,,,,,,,,,,,,,,,,,,,,,,,,,,,,,,,,,,,,,,,,,,,,,,,,,,,,,,,46182001,,,,,,,,,,,,,,,,,,,80%,No
,,,,,,,Safety,Body Protection,Heated Apparel,,M200G-21L,M200G-21L Milw M12 Gray - Heated Hoodie Kit L,,,,Milwaukee Accessory (4031),Milwaukee Accessory,Milwaukee®,Milwaukee®,M200G-21L,,Safety>Body Protection>Heated Apparel,"Milwaukee Accessory, Milwaukee, Heated Apparel, M200G-21L, Size=M, Color=Gray",HEATED APPAREL GRAY,MILWAUKEE M200G-21L Heated Apparel,"MILWAUKEE, Heated Apparel",Heated Apparel,"Discover the Milwaukee® Heated Apparel, engineered for outstanding performance and lasting durability. With a focus on quality and efficiency, this Heated Apparel is the perfect addition to any modern home.",,,,,,,,,,,,,,,,,,,,,,,,Heated Apparel,,Heated Apparel,Size,M,,Color,Gray,,Pack Type,Kit,,,,,,,,,,,,,,,,,,,,,,,,,,,,,,,,,,,,,,,,,,,,,,,,,,,,,,,,,,,,,,,,,,,,,,,,,,,,,,,,,,,,,,,,,,,,,,,,,,,,,,,,,,,,,,,,,,,,,,,,,,,,,,,,,,,,,,,,,,,,,,,,,,46182001,,,,,,,,,,,,,,,,,,,80%,No
,,,,,,,Safety,Body Protection,Heated Apparel,,M200G-21M,M200G-21M Milw M12 Gray - Heated Hoodie Kit M,,,,Milwaukee Accessory (4031),Milwaukee Accessory,Milwaukee®,Milwaukee®,M200G-21M,,Safety>Body Protection>Heated Apparel,"Milwaukee Accessory, Milwaukee, Heated Apparel, M200G-21M, Size=M, Color=Gray",HEATED APPAREL GRAY,MILWAUKEE M200G-21M Heated Apparel,"MILWAUKEE, Heated Apparel",Heated Apparel,"Discover the Milwaukee® Heated Apparel, engineered for outstanding performance and lasting durability. With a focus on quality and efficiency, this Heated Apparel is the perfect addition to any modern home.",,,,,,,,,,,,,,,,,,,,,,,,Heated Apparel,,Heated Apparel,Size,M,,Color,Gray,,Pack Type,Kit,,,,,,,,,,,,,,,,,,,,,,,,,,,,,,,,,,,,,,,,,,,,,,,,,,,,,,,,,,,,,,,,,,,,,,,,,,,,,,,,,,,,,,,,,,,,,,,,,,,,,,,,,,,,,,,,,,,,,,,,,,,,,,,,,,,,,,,,,,,,,,,,,,46182001,,,,,,,,,,,,,,,,,,,80%,No
,,,,,,,Safety,Body Protection,Heated Apparel,,M200G-21XL,M200G-21XL Milw M12 Gray - Heated Hoodie Kit XL,,,,Milwaukee Accessory (4031),Milwaukee Accessory,Milwaukee®,Milwaukee®,M200G-21XL,,Safety>Body Protection>Heated Apparel,"Milwaukee Accessory, Milwaukee, Heated Apparel, M200G-21XL, Size=M, Color=Gray",HEATED APPAREL GRAY,MILWAUKEE M200G-21XL Heated Apparel,"MILWAUKEE, Heated Apparel",Heated Apparel,"Discover the Milwaukee® Heated Apparel, engineered for outstanding performance and lasting durability. With a focus on quality and efficiency, this Heated Apparel is the perfect addition to any modern home.",,,,,,,,,,,,,,,,,,,,,,,,Heated Apparel,,Heated Apparel,Size,M,,Color,Gray,,Pack Type,Kit,,,,,,,,,,,,,,,,,,,,,,,,,,,,,,,,,,,,,,,,,,,,,,,,,,,,,,,,,,,,,,,,,,,,,,,,,,,,,,,,,,,,,,,,,,,,,,,,,,,,,,,,,,,,,,,,,,,,,,,,,,,,,,,,,,,,,,,,,,,,,,,,,,46182001,,,,,,,,,,,,,,,,,,,80%,No
,,,,,,,Safety,Body Protection,Heated Apparel,,48-11-2330,48-11-2330 Milw Heated Gear Power Source,,,,Milwaukee Accessory (4031),GE Appliances,GE®,GE®,48-11-2330,,Safety>Body Protection>Heated Apparel,"GE®, Heated Apparel, Yellow, Milw Gear Power Source, 48-11-2330",HEATED APPAREL,GE 48-11-2330 Heated Apparel,"GE, Heated Apparel",Heated Apparel,"Discover the GE® Heated Apparel, engineered for outstanding performance and lasting durability. With a focus on quality and efficiency, this Heated Apparel is the perfect addition to any modern home.",,,,,,,,,,,,,,,,,,,,,,,,Heated Apparel,,Heated Apparel,Size,M,,Color,Yellow,,,,,,,,,,,,,,,,,,,,,,,,,,,,,,,,,,,,,,,,,,,,,,,,,,,,,,,,,,,,,,,,,,,,,,,,,,,,,,,,,,,,,,,,,,,,,,,,,,,,,,,,,,,,,,,,,,,,,,,,,,,,,,,,,,,,,,,,,,,,,,,,,,,,,46182001,,,,,,,,,,,,,,,,,,,75%,No
,,,,,,,Power Tools,Batteries & Chargers,,,DCBP250C,DCBP520C Dewalt Starter Kit,,,DEWALT,Black & Decker/dewlt (2585),Black & Decker/dewlt,DeWalt®,DeWalt®,DCBP250C,,Power Tools>Batteries & Chargers,"Black & Decker/dewlt, DeWalt, Starter Kit, DCBP250C, Pack Type=Kit",STARTER KIT 240V 30A 26IN 7.0 YELLOW,DEWALT DCBP250C Starter Kit,"DEWALT, Starter Kit, 240 Voltage, 30 Amperage, 26 Width, 7.0 Capacity",Starter Kit,"Discover the DeWalt® Starter Kit, engineered for outstanding performance and lasting durability. With a focus on quality and efficiency, this Starter Kit is the perfect addition to any modern home.",,,,,,,,,,,,,,,,,,,,,,,,Starter Kit,,Starter Kit,Pack Type,Kit,,Voltage Rating,240,,Amperage Rating,30,,Capacity,7.0,,Width,26,,Color,Yellow,,,,,,,,,,,,,,,,,,,,,,,,,,,,,,,,,,,,,,,,,,,,,,,,,,,,,,,,,,,,,,,,,,,,,,,,,,,,,,,,,,,,,,,,,,,,,,,,,,,,,,,,,,,,,,,,,,,,,,,,,,,,,,,,,,,,,,,,,27111905,,,,,,,,,26,,,,,,,,,,75%,No
,,,,,,,Safety,Body Protection,Phone Cases,,5328,5328 Lg. Leather Phone Holster - Clip-on,,,,,,,,5328,,Safety>Body Protection>Phone Cases,"Phone Case, 5328, Type=Leather, Size=L, Material=Leather",PHONE CASE LEATHER,5328 Phone Case,Phone Case,Phone Case,"Discover the  Phone Case, engineered for outstanding performance and lasting durability. With a focus on quality and efficiency, this Phone Case is the perfect addition to any modern home.",,,,,,,,,,,,,,,,,,,,,,,,Phone Case,,Phone Case,Type,Leather,,Size,L,,Material,Leather,,Color,Yellow,,,,,,,,,,,,,,,,,,,,,,,,,,,,,,,,,,,,,,,,,,,,,,,,,,,,,,,,,,,,,,,,,,,,,,,,,,,,,,,,,,,,,,,,,,,,,,,,,,,,,,,,,,,,,,,,,,,,,,,,,,,,,,,,,,,,,,,,,,,,,,,46182002,,,,,,,,,,,,,,,,,,No Brand Found + Low Confidence,53%,No
,,,,,,,Hand Tools,Test Equipment,,,3200-20,3200-20 Milw Voltage Detector,,,,Milwaukee Accessory (4031),GE Appliances,GE®,GE®,3200-20,,Hand Tools>Test Equipment,"GE Appliances, GE, Voltage Detector, 3200-20, Milw Voltage Detector, Yellow",VOLTAGE DETE,GE 3200-20 Voltage Detector,"GE, Voltage Detector",Voltage Detector,"Discover the GE® Voltage Detector, engineered for outstanding performance and lasting durability. With a focus on quality and efficiency, this Voltage Detector is the perfect addition to any modern home.",,,,,,,,,,,,,,,,,,,,,,,,Voltage Detector,,Voltage Detector,Color,Yellow,,,,,,,,,,,,,,,,,,,,,,,,,,,,,,,,,,,,,,,,,,,,,,,,,,,,,,,,,,,,,,,,,,,,,,,,,,,,,,,,,,,,,,,,,,,,,,,,,,,,,,,,,,,,,,,,,,,,,,,,,,,,,,,,,,,,,,,,,,,,,,,,,,,,,,,,27112800,,,,,,,,,,,,,,,,,,,65%,No
,,,,,,,Hand Tools,Test Equipment,,,3202-20,3202-20 Milw Voltage Detector w/ LED,,,,Milwaukee Accessory (4031),GE Appliances,GE®,GE®,3202-20,,Hand Tools>Test Equipment,"GE Appliances, GE, Voltage Detector, 3202-20, Milw Voltage Detector w/ LED",VOLTAGE DETE,GE 3202-20 Voltage Detector With LED,"GE, Voltage Detector, With LED","Voltage Detector, LED","Upgrade your home with the GE® Voltage Detector, designed to deliver exceptional performance and reliability. Featuring LED, this Voltage Detector combines innovative technology with sleek design to meet your everyday needs.",LED,,,,,,,,,,,,,,,,,,,,With LED,,,Voltage Detector,,Voltage Detector,Color,Yellow,,Feature,LED,,,,,,,,,,,,,,,,,,,,,,,,,,,,,,,,,,,,,,,,,,,,,,,,,,,,,,,,,,,,,,,,,,,,,,,,,,,,,,,,,,,,,,,,,,,,,,,,,,,,,,,,,,,,,,,,,,,,,,,,,,,,,,,,,,,,,,,,,,,,,,,,,,,,,27112800,,,,,,,,,,,,,,,,,,,65%,No
,,,,,,,Hand Tools,Test Equipment,,,3203-20,3203-20 Milw Dual Range Voltage Detector w/ LED,,,,Milwaukee Accessory (4031),GE Appliances,GE®,GE®,3203-20,,Hand Tools>Test Equipment,"GE®, Voltage Detector, Yellow, LED, Milw Dual Range w/, 3203-20",VOLTAGE DETE,GE 3203-20 Voltage Detector With LED,"GE, Voltage Detector, With LED","Voltage Detector, LED","Upgrade your home with the GE® Voltage Detector, designed to deliver exceptional performance and reliability. Featuring LED, this Voltage Detector combines innovative technology with sleek design to meet your everyday needs.",LED,,,,,,,,,,,,,,,,,,,,With LED,,,Voltage Detector,,Voltage Detector,Color,Yellow,,Feature,LED,,,,,,,,,,,,,,,,,,,,,,,,,,,,,,,,,,,,,,,,,,,,,,,,,,,,,,,,,,,,,,,,,,,,,,,,,,,,,,,,,,,,,,,,,,,,,,,,,,,,,,,,,,,,,,,,,,,,,,,,,,,,,,,,,,,,,,,,,,,,,,,,,,,,,27112800,,,,,,,,,,,,,,,,,,,65%,No
,,,,,,,Hand Tools,,,,BC-12300,"BC-12300 BigCal 12""/300mm",,,,Woodpeckers Inc (WOODP),Woodpeckers Inc,Black & Decker®,Black & Decker®,BC-12300,,Hand Tools,"Woodpeckers Inc, Black & Decker, BC-12300, 300mm, Size=300, BigCal 12""/300mm",PRODUCT 300MM,BLACK & DECKER BC-12300,"BLACK & DECKER, 300 in",,"Discover the Black & Decker® product, engineered for outstanding performance and lasting durability. With a focus on quality and efficiency, this product is the perfect addition to any modern home.",,,,,,,,,,,,,,,,,,,,,,,,,,,Size,300,,length,300 in,,Color,Yellow,,,,,,,,,,,,,,,,,,,,,,,,,,,,,,,,,,,,,,,,,,,,,,,,,,,,,,,,,,,,,,,,,,,,,,,,,,,,,,,,,,,,,,,,,,,,,,,,,,,,,,,,,,,,,,,,,,,,,,,,,,,,,,,,,,,,,,,,,,,,,,,,,,27110000,,,,,300 in,,,,,,,,,,,,,Low Confidence,50%,No
,,,,,,,Hand Tools,,,,BC-24600,"BC-24600 BigCal 24""/600mm",,,,Woodpeckers Inc (WOODP),Woodpeckers Inc,Black & Decker®,Black & Decker®,BC-24600,,Hand Tools,"Woodpeckers Inc, Black & Decker, BC-24600, 600mm, Size=600, BigCal 24""/600mm",PRODUCT 600MM,BLACK & DECKER BC-24600,"BLACK & DECKER, 600 in",,"Discover the Black & Decker® product, engineered for outstanding performance and lasting durability. With a focus on quality and efficiency, this product is the perfect addition to any modern home.",,,,,,,,,,,,,,,,,,,,,,,,,,,Size,600,,length,600 in,,Color,Yellow,,,,,,,,,,,,,,,,,,,,,,,,,,,,,,,,,,,,,,,,,,,,,,,,,,,,,,,,,,,,,,,,,,,,,,,,,,,,,,,,,,,,,,,,,,,,,,,,,,,,,,,,,,,,,,,,,,,,,,,,,,,,,,,,,,,,,,,,,,,,,,,,,,27110000,,,,,600 in,,,,,,,,,,,,,Low Confidence,50%,No
,,,,,,,Building Materials & Hardscape,Spot Lights,,,DW08302CG,DW08302CG Dewalt Laser - Green 3 Spot,,,DEWALT,Black & Decker/dewlt (2585),Black & Decker/dewlt,DeWalt®,DeWalt®,DW08302CG,,Building Materials & Hardscape>Spot Lights,"Black & Decker/dewlt, DeWalt, DW08302CG, Color=Green",DW08302CG DEWALT LASER - GREEN 3 SPOT,DEWALT DW08302CG,DEWALT,,"Discover the DeWalt® product, engineered for outstanding performance and lasting durability. With a focus on quality and efficiency, this product is the perfect addition to any modern home.",,,,,,,,,,,,,,,,,,,,,,,,,,,Color,Green,,,,,,,,,,,,,,,,,,,,,,,,,,,,,,,,,,,,,,,,,,,,,,,,,,,,,,,,,,,,,,,,,,,,,,,,,,,,,,,,,,,,,,,,,,,,,,,,,,,,,,,,,,,,,,,,,,,,,,,,,,,,,,,,,,,,,,,,,,,,,,,,,,,,,,,,39111607,,,,,,,,,,,,,,,,,,Low Confidence,58%,No
,,,,,,,Power Tools,,,,GCL165-42GL,GCL165--42GL Cross Line Laser,,,,Robt Bosch Tool Corp (6564),Miele,Miele®,Miele®,GCL165-42GL,,Power Tools,"Miele®, Yellow, GCL165--42GL Cross Line Laser, GCL165-42GL",GCL165--42GL CROSS LINE LASER YELLOW,MIELE GCL165-42GL,MIELE,,"Discover the Miele® product, engineered for outstanding performance and lasting durability. With a focus on quality and efficiency, this product is the perfect addition to any modern home.",,,,,,,,,,,,,,,,,,,,,,,,,,,Color,Yellow,,,,,,,,,,,,,,,,,,,,,,,,,,,,,,,,,,,,,,,,,,,,,,,,,,,,,,,,,,,,,,,,,,,,,,,,,,,,,,,,,,,,,,,,,,,,,,,,,,,,,,,,,,,,,,,,,,,,,,,,,,,,,,,,,,,,,,,,,,,,,,,,,,,,,,,,27111901,,,,,,,,,,,,,,,,,,Low Confidence,38%,Yes
,,,,,,,Hand Tools,Measuring,Levels,,DW08802CG,DW08802CG Dewalt Laser Green - Self-Level Cross Line,,,DEWALT,Black & Decker/dewlt (2585),Black & Decker/dewlt,DeWalt®,DeWalt®,DW08802CG,,Hand Tools>Measuring>Levels,"DeWalt®, Level, Stainless Steel, Green, Laser - Self-Level Cross Line",LEVEL STAINLESS STEEL 120V 15A 24IN 44,DEWALT DW08802CG Level,"DEWALT, Level, 120 Voltage, 15 Amperage, 24 Width, Stainless Steel Material, 44",Level,"Discover the DeWalt® Level, engineered for outstanding performance and lasting durability. With a focus on quality and efficiency, this Level is the perfect addition to any modern home.",,,,,,,,,,,,,,,,,,,,,,,,Level,,Level,Color,Green,,Voltage Rating,120,,Amperage Rating,15,,Sound Level,44,,Width,24,,material,Stainless Steel,,,,,,,,,,,,,,,,,,,,,,,,,,,,,,,,,,,,,,,,,,,,,,,,,,,,,,,,,,,,,,,,,,,,,,,,,,,,,,,,,,,,,,,,,,,,,,,,,,,,,,,,,,,,,,,,,,,,,,,,,,,,,,,,,,,,,,,,,27112502,,,,,,,,,24,,,,,,,,,,85%,No
,,,,,,,Building Materials & Hardscape,,,,DW088CG,DW088CG Dewalt Laser - Green Cross Line,,,DEWALT,Black & Decker/dewlt (2585),Black & Decker/dewlt,DeWalt®,DeWalt®,DW088CG,,Building Materials & Hardscape,"Black & Decker/dewlt, DeWalt, DW088CG, Color=Green",DW088CG DEWALT LASER - GREEN CROSS LINE,DEWALT DW088CG,DEWALT,,"Discover the DeWalt® product, engineered for outstanding performance and lasting durability. With a focus on quality and efficiency, this product is the perfect addition to any modern home.",,,,,,,,,,,,,,,,,,,,,,,,,,,Color,Green,,,,,,,,,,,,,,,,,,,,,,,,,,,,,,,,,,,,,,,,,,,,,,,,,,,,,,,,,,,,,,,,,,,,,,,,,,,,,,,,,,,,,,,,,,,,,,,,,,,,,,,,,,,,,,,,,,,,,,,,,,,,,,,,,,,,,,,,,,,,,,,,,,,,,,,,30000000,,,,,,,,,,,,,,,,,,Low Confidence,48%,Yes
,,,,,,,Appliances,Kitchen Appliances,Ranges,,DW089CG,DW089CG Dewalt Laser Level - 3 Line 30ft Range,,,DEWALT,Black & Decker/dewlt (2585),Black & Decker/dewlt,DeWalt®,DeWalt®,DW089CG,,Appliances & Consumer Electronics>Kitchen Appliances>Ranges,"Black & Decker/dewlt, DeWalt, Range, DW089CG, 30ft, Type=Range, Length=30",RANGE 120V 15A 44DBA 30FT,DEWALT DW089CG Range,"DEWALT, Range, 120 Voltage, 15 Amperage, 24 Width, Stainless Steel Material, 30 ft, 44",Range,"Discover the DeWalt® Range, engineered for outstanding performance and lasting durability. With a focus on quality and efficiency, this Range is the perfect addition to any modern home.",,,,,,,,,,,,,,,,,,,,,,,,Range,,Range,Type,Range,,Length,30,ft,Voltage Rating,120,,Amperage Rating,15,,Sound Level,44,,Width,24,,material,Stainless Steel,,Color,Yellow,,,,,,,,,,,,,,,,,,,,,,,,,,,,,,,,,,,,,,,,,,,,,,,,,,,,,,,,,,,,,,,,,,,,,,,,,,,,,,,,,,,,,,,,,,,,,,,,,,,,,,,,,,,,,,,,,,,,,,,,,,,,,,,,,,,52141504,,,,,30 ft,,,,24,,,,,,,,,,85%,No
,,,,,,,Building Materials & Hardscape,Spot Lights,,,DCLE34520GB,DCLE34520GB Dewalt Laser 20V - Cross Line 5 Spot (Bare),,,DEWALT,Black & Decker/dewlt (2585),Black & Decker/dewlt,DeWalt®,DeWalt®,DCLE34520GB,,Building Materials & Hardscape>Spot Lights,"DeWalt®, Yellow, Laser 20V - Cross Line 5 Spot (Bare), DCLE34520GB",PRODUCT,DEWALT DCLE34520GB,"DEWALT, 20 Voltage",,"Discover the DeWalt® product, engineered for outstanding performance and lasting durability. With a focus on quality and efficiency, this product is the perfect addition to any modern home.",,,,,,,,,,,,,,,,,,,,,,,,,,,Voltage,20,V,Voltage Rating,20,,Color,Yellow,,,,,,,,,,,,,,,,,,,,,,,,,,,,,,,,,,,,,,,,,,,,,,,,,,,,,,,,,,,,,,,,,,,,,,,,,,,,,,,,,,,,,,,,,,,,,,,,,,,,,,,,,,,,,,,,,,,,,,,,,,,,,,,,,,,,,,,,,,,,,,,,,,39111607,,,,,,,,,,,,,,,,,,,70%,No
,,,,,,,Hand Tools,Levels,,,DCLE34031B,DCLE34031B Dewalt Line Laser - 20V Self-Leveling (Bare),,,DEWALT,Black & Decker/dewlt (2585),Black & Decker/dewlt,DeWalt®,DeWalt®,DCLE34031B,,Hand Tools>Levels,"Black & Decker/dewlt, DeWalt, DCLE34031B, Voltage=20, Cordless=20V",20V YELLOW,DEWALT DCLE34031B,"DEWALT, 20 Voltage",,"Discover the DeWalt® product, engineered for outstanding performance and lasting durability. With a focus on quality and efficiency, this product is the perfect addition to any modern home.",,,,,,,,,,,,,,,,,,,,,,,,,,,Voltage,20,V,Cordless,20V,,Voltage Rating,20,,Color,Yellow,,,,,,,,,,,,,,,,,,,,,,,,,,,,,,,,,,,,,,,,,,,,,,,,,,,,,,,,,,,,,,,,,,,,,,,,,,,,,,,,,,,,,,,,,,,,,,,,,,,,,,,,,,,,,,,,,,,,,,,,,,,,,,,,,,,,,,,,,,,,,,,27112502,,,,,,,,,,,,,,,,,,,70%,No
,,,,,,,Building Materials & Hardscape,Spot Lights,,,DW0822CG,DW0822CG Dewalt Cross Line - Plumb Spots Laser-Green,,,DEWALT,Black & Decker/dewlt (2585),Black & Decker/dewlt,DeWalt®,DeWalt®,DW0822CG,,Building Materials & Hardscape>Spot Lights,"DeWalt®, Green, Cross Line - Plumb Spots Laser-Green, DW0822CG",DW0822CG DEWALT CROSS LINE - PLUMB SPOTS,DEWALT DW0822CG,DEWALT,,"Discover the DeWalt® product, engineered for outstanding performance and lasting durability. With a focus on quality and efficiency, this product is the perfect addition to any modern home.",,,,,,,,,,,,,,,,,,,,,,,,,,,Color,Green,,,,,,,,,,,,,,,,,,,,,,,,,,,,,,,,,,,,,,,,,,,,,,,,,,,,,,,,,,,,,,,,,,,,,,,,,,,,,,,,,,,,,,,,,,,,,,,,,,,,,,,,,,,,,,,,,,,,,,,,,,,,,,,,,,,,,,,,,,,,,,,,,,,,,,,,39111607,,,,,,,,,,,,,,,,,,,65%,No
,,,,,,,Hand Tools,Measuring,Line,,25459,25459 Mason Line Brd Orange - 500',,,,U S Tape Company (6694),GE Appliances,GE®,GE®,25459,,Hand Tools>Measuring>Line,"GE Appliances, GE, Mason Line, 25459, Color=Orange, Mason Line Brd Orange - 500'",MASON LINE,GE 25459 Mason Line,"GE, Mason Line",Mason Line,"Discover the GE® Mason Line, engineered for outstanding performance and lasting durability. With a focus on quality and efficiency, this Mason Line is the perfect addition to any modern home.",,,,,,,,,,,,,,,,,,,,,,,,Mason Line,,Mason Line,Color,Orange,,,,,,,,,,,,,,,,,,,,,,,,,,,,,,,,,,,,,,,,,,,,,,,,,,,,,,,,,,,,,,,,,,,,,,,,,,,,,,,,,,,,,,,,,,,,,,,,,,,,,,,,,,,,,,,,,,,,,,,,,,,,,,,,,,,,,,,,,,,,,,,,,,,,,,,,27112505,,,,,,,,,,,,,,,,,,,75%,No
,,,,,,,Hand Tools,Measuring,Line,,35459,35459 Mason Line Brd Orange - 500' Replacement,,,,U S Tape Company (6694),GE Appliances,GE®,GE®,35459,,Hand Tools>Measuring>Line,"GE®, Mason Line, Orange, Brd - 500' Replacement, 35459",MASON LINE,GE 35459 Mason Line,"GE, Mason Line",Mason Line,"Discover the GE® Mason Line, engineered for outstanding performance and lasting durability. With a focus on quality and efficiency, this Mason Line is the perfect addition to any modern home.",,,,,,,,,,,,,,,,,,,,,,,,Mason Line,,Mason Line,Color,Orange,,,,,,,,,,,,,,,,,,,,,,,,,,,,,,,,,,,,,,,,,,,,,,,,,,,,,,,,,,,,,,,,,,,,,,,,,,,,,,,,,,,,,,,,,,,,,,,,,,,,,,,,,,,,,,,,,,,,,,,,,,,,,,,,,,,,,,,,,,,,,,,,,,,,,,,,27112505,,,,,,,,,,,,,,,,,,,68%,No
,,,,,,,Hand Tools,Measuring,Line,,25759,25759 Mason Line Brd Orange - 1000',,,,U S Tape Company (6694),GE Appliances,GE®,GE®,25759,,Hand Tools>Measuring>Line,"GE Appliances, GE, Mason Line, 25759, Color=Orange",MASON LINE,GE 25759 Mason Line,"GE, Mason Line",Mason Line,"Discover the GE® Mason Line, engineered for outstanding performance and lasting durability. With a focus on quality and efficiency, this Mason Line is the perfect addition to any modern home.",,,,,,,,,,,,,,,,,,,,,,,,Mason Line,,Mason Line,Color,Orange,,,,,,,,,,,,,,,,,,,,,,,,,,,,,,,,,,,,,,,,,,,,,,,,,,,,,,,,,,,,,,,,,,,,,,,,,,,,,,,,,,,,,,,,,,,,,,,,,,,,,,,,,,,,,,,,,,,,,,,,,,,,,,,,,,,,,,,,,,,,,,,,,,,,,,,,27112505,,,,,,,,,,,,,,,,,,,68%,No
,,,,,,,Hand Tools,Measuring,Line,,35112,35112 Mason Line Twist Yellow - 270',,,,U S Tape Company (6694),Channellock Inc,Channellock®,Channellock®,35112,,Hand Tools>Measuring>Line,"Channellock Inc, Channellock, Mason Line, 35112, Color=Yellow",MASON LINE,CHANNELLOCK 35112 Mason Line,"CHANNELLOCK, Mason Line",Mason Line,"Discover the Channellock® Mason Line, engineered for outstanding performance and lasting durability. With a focus on quality and efficiency, this Mason Line is the perfect addition to any modern home.",,,,,,,,,,,,,,,,,,,,,,,,Mason Line,,Mason Line,Color,Yellow,,,,,,,,,,,,,,,,,,,,,,,,,,,,,,,,,,,,,,,,,,,,,,,,,,,,,,,,,,,,,,,,,,,,,,,,,,,,,,,,,,,,,,,,,,,,,,,,,,,,,,,,,,,,,,,,,,,,,,,,,,,,,,,,,,,,,,,,,,,,,,,,,,,,,,,,27112505,,,,,,,,,,,,,,,,,,,75%,No
,,,,,,,Hand Tools,Measuring,Line,,35115,35115 Mason Line Twist Green - 270',,,,U S Tape Company (6694),Channellock Inc,Channellock®,Channellock®,35115,,Hand Tools>Measuring>Line,"Channellock Inc, Channellock, Mason Line, 35115, Color=Green",MASON LINE,CHANNELLOCK 35115 Mason Line,"CHANNELLOCK, Mason Line",Mason Line,"Discover the Channellock® Mason Line, engineered for outstanding performance and lasting durability. With a focus on quality and efficiency, this Mason Line is the perfect addition to any modern home.",,,,,,,,,,,,,,,,,,,,,,,,Mason Line,,Mason Line,Color,Green,,,,,,,,,,,,,,,,,,,,,,,,,,,,,,,,,,,,,,,,,,,,,,,,,,,,,,,,,,,,,,,,,,,,,,,,,,,,,,,,,,,,,,,,,,,,,,,,,,,,,,,,,,,,,,,,,,,,,,,,,,,,,,,,,,,,,,,,,,,,,,,,,,,,,,,,27112505,,,,,,,,,,,,,,,,,,,75%,No
,,,,,,,Hand Tools,Measuring,Line,,25168,25168 Mason Line Brd Green - 250',CENTURY COMPONENTS,,,U S Tape Company (6694),U S Tape Company,Century Components®,Century Components®,25168,,Hand Tools>Measuring>Line,"U S Tape Company, CENTURY COMPONENTS, Mason Line, 25168, Color=Green",MASON LINE,CENTURY COMPONENTS 25168 Mason Line,"CENTURY COMPONENTS, Mason Line",Mason Line,"Discover the Century Components® Mason Line, engineered for outstanding performance and lasting durability. With a focus on quality and efficiency, this Mason Line is the perfect addition to any modern home.",,,,,,,,,,,,,,,,,,,,,,,,Mason Line,,Mason Line,Color,Green,,,,,,,,,,,,,,,,,,,,,,,,,,,,,,,,,,,,,,,,,,,,,,,,,,,,,,,,,,,,,,,,,,,,,,,,,,,,,,,,,,,,,,,,,,,,,,,,,,,,,,,,,,,,,,,,,,,,,,,,,,,,,,,,,,,,,,,,,,,,,,,,,,,,,,,,27112505,,,,,,,,,,,,,,,,,,,65%,No
,,,,,,,Hand Tools,Measuring,Line,,35468,35468 Mason Line Brd Green - 500' Replacement,,,,U S Tape Company (6694),Channellock Inc,Channellock®,Channellock®,35468,,Hand Tools>Measuring>Line,"Channellock Inc, Channellock, Mason Line, 35468, Color=Green",MASON LINE,CHANNELLOCK 35468 Mason Line,"CHANNELLOCK, Mason Line",Mason Line,"Discover the Channellock® Mason Line, engineered for outstanding performance and lasting durability. With a focus on quality and efficiency, this Mason Line is the perfect addition to any modern home.",,,,,,,,,,,,,,,,,,,,,,,,Mason Line,,Mason Line,Color,Green,,,,,,,,,,,,,,,,,,,,,,,,,,,,,,,,,,,,,,,,,,,,,,,,,,,,,,,,,,,,,,,,,,,,,,,,,,,,,,,,,,,,,,,,,,,,,,,,,,,,,,,,,,,,,,,,,,,,,,,,,,,,,,,,,,,,,,,,,,,,,,,,,,,,,,,,27112505,,,,,,,,,,,,,,,,,,,75%,No
,,,,,,,Hand Tools,Measuring,Line,,35494,35494 Mason Line Brd Blk/Yellw - 500' Replacement,,,,U S Tape Company (6694),Channellock Inc,Channellock®,Channellock®,35494,,Hand Tools>Measuring>Line,"Channellock®, Mason Line, Yellow, Brd Blk/Yellw - 500' Replacement",MASON LINE,CHANNELLOCK 35494 Mason Line,"CHANNELLOCK, Mason Line",Mason Line,"Discover the Channellock® Mason Line, engineered for outstanding performance and lasting durability. With a focus on quality and efficiency, this Mason Line is the perfect addition to any modern home.",,,,,,,,,,,,,,,,,,,,,,,,Mason Line,,Mason Line,Color,Yellow,,,,,,,,,,,,,,,,,,,,,,,,,,,,,,,,,,,,,,,,,,,,,,,,,,,,,,,,,,,,,,,,,,,,,,,,,,,,,,,,,,,,,,,,,,,,,,,,,,,,,,,,,,,,,,,,,,,,,,,,,,,,,,,,,,,,,,,,,,,,,,,,,,,,,,,,27112505,,,,,,,,,,,,,,,,,,,75%,No
,,,,,,,Power Tools,,,,MLSQ0120,"MLSQ0120 Milw 12"" RafterSquare",,,,Milwaukee Accessory (4031),Milwaukee Accessory,Milwaukee®,Milwaukee®,MLSQ0120,,Power Tools,"Milwaukee Accessory, Milwaukee, MLSQ0120, Milw 12"" RafterSquare, Yellow",MLSQ0120 MILW 12  RAFTERSQUARE YELLOW,MILWAUKEE MLSQ0120,MILWAUKEE,,"Discover the Milwaukee® product, engineered for outstanding performance and lasting durability. With a focus on quality and efficiency, this product is the perfect addition to any modern home.",,,,,,,,,,,,,,,,,,,,,,,,,,,Color,Yellow,,,,,,,,,,,,,,,,,,,,,,,,,,,,,,,,,,,,,,,,,,,,,,,,,,,,,,,,,,,,,,,,,,,,,,,,,,,,,,,,,,,,,,,,,,,,,,,,,,,,,,,,,,,,,,,,,,,,,,,,,,,,,,,,,,,,,,,,,,,,,,,,,,,,,,,,27111901,,,,,,,,,,,,,,,,,,Low Confidence,55%,No
,,,,,,,Hand Tools,Measuring,Squares,,MLSQ1120,MLSQ1120 Milw 300mm Rafter - Square (Metric),,,,Milwaukee Accessory (4031),Milwaukee Accessory,Milwaukee®,Milwaukee®,MLSQ1120,,Hand Tools>Measuring>Squares,"Milwaukee Accessory, Milwaukee, Square, MLSQ1120, 300mm, Size=300",SQUARE 300MM,MILWAUKEE MLSQ1120 Square,"MILWAUKEE, Square, 300 in",Square,"Discover the Milwaukee® Square, engineered for outstanding performance and lasting durability. With a focus on quality and efficiency, this Square is the perfect addition to any modern home.",,,,,,,,,,,,,,,,,,,,,,,,Square,,Square,Size,300,,length,300 in,,Color,Yellow,,,,,,,,,,,,,,,,,,,,,,,,,,,,,,,,,,,,,,,,,,,,,,,,,,,,,,,,,,,,,,,,,,,,,,,,,,,,,,,,,,,,,,,,,,,,,,,,,,,,,,,,,,,,,,,,,,,,,,,,,,,,,,,,,,,,,,,,,,,,,,,,,,27112503,,,,,300 in,,,,,,,,,,,,,,80%,No
,,,,,,,Power Tools,Drills,,,55227,"55227 Amana Countersink/Stop 1/8"" Drill TB",,,,Amana Tool Corp (AMATO),Whirlpool Corporation,Amana®,Amana®,55227,,Power Tools>Drills,"Amana®, Drill, Yellow, P1, Countersink/Stop 1/8"" TB, 55227",DRILL 55227A P1 YELLOW,AMANA 55227 Drill,"AMANA, Drill, 55227 Amperage",Drill,"Discover the Amana® Drill, engineered for outstanding performance and lasting durability. With a focus on quality and efficiency, this Drill is the perfect addition to any modern home.",,,,,,,,,,,,,,,,,,,,,,,,Drill,,Drill,Amperage,55227,A,Amperage Rating,55227,,Color,Yellow,,,,,,,,,,,,,,,,,,,,,,,,,,,,,,,,,,,,,,,,,,,,,,,,,,,,,,,,,,,,,,,,,,,,,,,,,,,,,,,,,,,,,,,,,,,,,,,,,,,,,,,,,,,,,,,,,,,,,,,,,,,,,,,,,,,,,,,,,,,,,,,,,,27111901,,,,,,,,,,,,,,,,,,Low Confidence,53%,No
,,,,,,,Power Tools,Drill Bits,,,37300952,"095842 Fisch Plug Cutter 3/8""",,,,,,,,37300952,,Power Tools>Drill Bits,"Plug Cutter, 37300952, 095842 Fisch Plug Cutter 3/8"", Yellow",PLUG CUTTER,37300952 Plug Cutter,Plug Cutter,Plug Cutter,"Discover the  Plug Cutter, engineered for outstanding performance and lasting durability. With a focus on quality and efficiency, this Plug Cutter is the perfect addition to any modern home.",,,,,,,,,,,,,,,,,,,,,,,,Plug Cutter,,Plug Cutter,Color,Yellow,,,,,,,,,,,,,,,,,,,,,,,,,,,,,,,,,,,,,,,,,,,,,,,,,,,,,,,,,,,,,,,,,,,,,,,,,,,,,,,,,,,,,,,,,,,,,,,,,,,,,,,,,,,,,,,,,,,,,,,,,,,,,,,,,,,,,,,,,,,,,,,,,,,,,,,,27111903,,,,,,,,,,,,,,,,,,No Brand Found + Low Confidence,45%,Yes
,,,,,,,Power Tools,Routers,,,6008,6008 Whiteside Router Bit,,,,Whiteside Machine & Repair Co (WHIMA),Whiteside Machine & Repair Co,Whiteside®,Whiteside®,6008,,Power Tools>Routers,"Whiteside Machine & Repair Co, Whiteside, Router, 6008, Whiteside Router Bit",ROUTER YELLOW,WHITESIDE 6008 Router,"WHITESIDE, Router",Router,"Discover the Whiteside® Router, engineered for outstanding performance and lasting durability. With a focus on quality and efficiency, this Router is the perfect addition to any modern home.",,,,,,,,,,,,,,,,,,,,,,,,Router,,Router,Color,Yellow,,,,,,,,,,,,,,,,,,,,,,,,,,,,,,,,,,,,,,,,,,,,,,,,,,,,,,,,,,,,,,,,,,,,,,,,,,,,,,,,,,,,,,,,,,,,,,,,,,,,,,,,,,,,,,,,,,,,,,,,,,,,,,,,,,,,,,,,,,,,,,,,,,,,,,,,27112000,,,,,,,,,,,,,,,,,,Low Confidence,55%,No
,,,,,,,Power Tools,Routers,,,6009,6009 Whiteside Router Bit,,,,Whiteside Machine & Repair Co (WHIMA),Whiteside Machine & Repair Co,Whiteside®,Whiteside®,6009,,Power Tools>Routers,"Whiteside Machine & Repair Co, Whiteside, Router, 6009, Whiteside Router Bit",ROUTER YELLOW,WHITESIDE 6009 Router,"WHITESIDE, Router",Router,"Discover the Whiteside® Router, engineered for outstanding performance and lasting durability. With a focus on quality and efficiency, this Router is the perfect addition to any modern home.",,,,,,,,,,,,,,,,,,,,,,,,Router,,Router,Color,Yellow,,,,,,,,,,,,,,,,,,,,,,,,,,,,,,,,,,,,,,,,,,,,,,,,,,,,,,,,,,,,,,,,,,,,,,,,,,,,,,,,,,,,,,,,,,,,,,,,,,,,,,,,,,,,,,,,,,,,,,,,,,,,,,,,,,,,,,,,,,,,,,,,,,,,,,,,27112000,,,,,,,,,,,,,,,,,,Low Confidence,55%,No
,,,,,,,Power Tools,Routers,,,3000A,3000A Whiteside Router Bit,,,,Whiteside Machine & Repair Co (WHIMA),Whiteside Machine & Repair Co,Whiteside®,Whiteside®,3000A,,Power Tools>Routers,"Whiteside Machine & Repair Co, Whiteside, Router, 3000A, Amperage=3000",ROUTER 3000A YELLOW,WHITESIDE 3000A Router,"WHITESIDE, Router, 3000 Amperage",Router,"Discover the Whiteside® Router, engineered for outstanding performance and lasting durability. With a focus on quality and efficiency, this Router is the perfect addition to any modern home.",,,,,,,,,,,,,,,,,,,,,,,,Router,,Router,Amperage,3000,A,Amperage Rating,3000,,Color,Yellow,,,,,,,,,,,,,,,,,,,,,,,,,,,,,,,,,,,,,,,,,,,,,,,,,,,,,,,,,,,,,,,,,,,,,,,,,,,,,,,,,,,,,,,,,,,,,,,,,,,,,,,,,,,,,,,,,,,,,,,,,,,,,,,,,,,,,,,,,,,,,,,,,,27112000,,,,,,,,,,,,,,,,,,,60%,No
,,,,,,,Power Tools,Sanders,,,MID6630201US,MID6630201US Deos663XCV Sander,,,,Mirka Abrasives Inc (MIRUS),Mirka Abrasives Inc,Bradford White®,Bradford White®,MID6630201US,,Power Tools>Sanders,"Mirka Abrasives Inc, Bradford White, Sander, MID6630201US, Deos663XCV Sander",SANDER YELLOW,BRADFORD WHITE MID6630201US Sander,"BRADFORD WHITE, Sander",Sander,"Discover the Bradford White® Sander, engineered for outstanding performance and lasting durability. With a focus on quality and efficiency, this Sander is the perfect addition to any modern home.",,,,,,,,,,,,,,,,,,,,,,,,Sander,,Sander,Color,Yellow,,,,,,,,,,,,,,,,,,,,,,,,,,,,,,,,,,,,,,,,,,,,,,,,,,,,,,,,,,,,,,,,,,,,,,,,,,,,,,,,,,,,,,,,,,,,,,,,,,,,,,,,,,,,,,,,,,,,,,,,,,,,,,,,,,,,,,,,,,,,,,,,,,,,,,,,27111700,,,,,,,,,,,,,,,,,,,65%,No
,,,,,,,Building Materials & Hardscape,,,,DCF6202,DCF6202 Dewalt Collated Attach,,,DEWALT,Black & Decker/dewlt (2585),Black & Decker/dewlt,DeWalt®,DeWalt®,DCF6202,,Building Materials & Hardscape,"Black & Decker/dewlt, DeWalt, DCF6202, Dewalt Collated Attach, Yellow",DCF6202 DEWALT COLLATED ATTACH YELLOW,DEWALT DCF6202,DEWALT,,"Discover the DeWalt® product, engineered for outstanding performance and lasting durability. With a focus on quality and efficiency, this product is the perfect addition to any modern home.",,,,,,,,,,,,,,,,,,,,,,,,,,,Color,Yellow,,,,,,,,,,,,,,,,,,,,,,,,,,,,,,,,,,,,,,,,,,,,,,,,,,,,,,,,,,,,,,,,,,,,,,,,,,,,,,,,,,,,,,,,,,,,,,,,,,,,,,,,,,,,,,,,,,,,,,,,,,,,,,,,,,,,,,,,,,,,,,,,,,,,,,,,30000000,,,,,,,,,,,,,,,,,,Low Confidence,55%,No
,,,,,,,Hand Tools,Measuring,Line,,25468,25468 Mason Line Brd Green - 500',,,,U S Tape Company (6694),Signify North America,Philips®,Philips®,25468,,Hand Tools>Measuring>Line,"Signify North America, Philips, Mason Line, 25468, Color=Green",MASON LINE,PHILIPS 25468 Mason Line,"PHILIPS, Mason Line",Mason Line,"Discover the Philips® Mason Line, engineered for outstanding performance and lasting durability. With a focus on quality and efficiency, this Mason Line is the perfect addition to any modern home.",,,,,,,,,,,,,,,,,,,,,,,,Mason Line,,Mason Line,Color,Green,,,,,,,,,,,,,,,,,,,,,,,,,,,,,,,,,,,,,,,,,,,,,,,,,,,,,,,,,,,,,,,,,,,,,,,,,,,,,,,,,,,,,,,,,,,,,,,,,,,,,,,,,,,,,,,,,,,,,,,,,,,,,,,,,,,,,,,,,,,,,,,,,,,,,,,,27112505,,,,,,,,,,,,,,,,,,,75%,No
,,,,,,,Hand Tools,Measuring,Line,,25762,25762 Mason Line Brd Pink - 1000',,,,U S Tape Company (6694),Signify North America,Philips®,Philips®,25762,,Hand Tools>Measuring>Line,"Signify North America, Philips, Mason Line, 25762, Mason Line Brd Pink - 1000'",MASON LINE,PHILIPS 25762 Mason Line,"PHILIPS, Mason Line",Mason Line,"Discover the Philips® Mason Line, engineered for outstanding performance and lasting durability. With a focus on quality and efficiency, this Mason Line is the perfect addition to any modern home.",,,,,,,,,,,,,,,,,,,,,,,,Mason Line,,Mason Line,Color,Yellow,,,,,,,,,,,,,,,,,,,,,,,,,,,,,,,,,,,,,,,,,,,,,,,,,,,,,,,,,,,,,,,,,,,,,,,,,,,,,,,,,,,,,,,,,,,,,,,,,,,,,,,,,,,,,,,,,,,,,,,,,,,,,,,,,,,,,,,,,,,,,,,,,,,,,,,,27112505,,,,,,,,,,,,,,,,,,,75%,No
,,,,,,,Hand Tools,Files,,,21839NN,"21839NN File Bstd Mill 10""",,,Nicholson,,,,,21839NN,,Hand Tools>Files,"File, 21839NN, File Bstd Mill 10"", Yellow",FILE YELLOW,21839NN File,File,File,"Discover the  File, engineered for outstanding performance and lasting durability. With a focus on quality and efficiency, this File is the perfect addition to any modern home.",,,,,,,,,,,,,,,,,,,,,,,,File,,File,Color,Yellow,,,,,,,,,,,,,,,,,,,,,,,,,,,,,,,,,,,,,,,,,,,,,,,,,,,,,,,,,,,,,,,,,,,,,,,,,,,,,,,,,,,,,,,,,,,,,,,,,,,,,,,,,,,,,,,,,,,,,,,,,,,,,,,,,,,,,,,,,,,,,,,,,,,,,,,,27112700,,,,,,,,,,,,,,,,,,No Brand Found + Low Confidence,38%,Yes
,,,,,,,Power Tools,Saws,,,VN56920,"VN56920 10 1/2"" Saw Blade",,,,Marshalltown Trowel (5155),Marshalltown Trowel,Marshalltown Trowel®,Marshalltown Trowel®,VN56920,,Power Tools>Saws,"Marshalltown Trowel®, Yellow, 10 1/2"" Saw Blade, VN56920",VN56920 10 1/2  SAW BLADE YELLOW,MARSHALLTOWN TROWEL VN56920,MARSHALLTOWN TROWEL,,"Discover the Marshalltown Trowel® product, engineered for outstanding performance and lasting durability. With a focus on quality and efficiency, this product is the perfect addition to any modern home.",,,,,,,,,,,,,,,,,,,,,,,,,,,Color,Yellow,,,,,,,,,,,,,,,,,,,,,,,,,,,,,,,,,,,,,,,,,,,,,,,,,,,,,,,,,,,,,,,,,,,,,,,,,,,,,,,,,,,,,,,,,,,,,,,,,,,,,,,,,,,,,,,,,,,,,,,,,,,,,,,,,,,,,,,,,,,,,,,,,,,,,,,,27111500,,,,,,,,,,,,,,,,,,Low Confidence,48%,Yes
,,,,,,,Power Tools,,,,133164,133164 950/9 Hex Plus Spks - Multicolor,,,,Wera Tools NA Inc (WERTO),Masco Corporation,Delta®,Delta®,133164,,Power Tools,"Delta®, Yellow, 950/9 Hex Plus Spks - Multicolor, 133164",133164 950/9 HEX PLUS SPKS - MULTICOLOR,DELTA 133164,DELTA,,"Discover the Delta® product, engineered for outstanding performance and lasting durability. With a focus on quality and efficiency, this product is the perfect addition to any modern home.",,,,,,,,,,,,,,,,,,,,,,,,,,,Head Type,Hex,,Color,Yellow,,,,,,,,,,,,,,,,,,,,,,,,,,,,,,,,,,,,,,,,,,,,,,,,,,,,,,,,,,,,,,,,,,,,,,,,,,,,,,,,,,,,,,,,,,,,,,,,,,,,,,,,,,,,,,,,,,,,,,,,,,,,,,,,,,,,,,,,,,,,,,,,,,,,,27111901,,,,,,,,,,,,,,,,,,Low Confidence,38%,Yes
,,,,,,,Building Materials & Hardscape,,,,DWHT10993,DWHT10993 Folding Knife,,,DEWALT,Black & Decker/dewlt (2585),Black & Decker/dewlt,DeWalt®,DeWalt®,DWHT10993,,Building Materials & Hardscape,"Black & Decker/dewlt, DeWalt, DWHT10993, Folding Knife, Yellow",DWHT10993 FOLDING KNIFE YELLOW,DEWALT DWHT10993,DEWALT,,"Discover the DeWalt® product, engineered for outstanding performance and lasting durability. With a focus on quality and efficiency, this product is the perfect addition to any modern home.",,,,,,,,,,,,,,,,,,,,,,,,,,,Color,Yellow,,,,,,,,,,,,,,,,,,,,,,,,,,,,,,,,,,,,,,,,,,,,,,,,,,,,,,,,,,,,,,,,,,,,,,,,,,,,,,,,,,,,,,,,,,,,,,,,,,,,,,,,,,,,,,,,,,,,,,,,,,,,,,,,,,,,,,,,,,,,,,,,,,,,,,,,30000000,,,,,,,,,,,,,,,,,,Low Confidence,55%,No
,,,,,,,Building Materials & Hardscape,,,,DWHT10994,DWHT10994 Folding Knife,,,DEWALT,Black & Decker/dewlt (2585),Black & Decker/dewlt,DeWalt®,DeWalt®,DWHT10994,,Building Materials & Hardscape,"Black & Decker/dewlt, DeWalt, DWHT10994, Folding Knife, Yellow",DWHT10994 FOLDING KNIFE YELLOW,DEWALT DWHT10994,DEWALT,,"Discover the DeWalt® product, engineered for outstanding performance and lasting durability. With a focus on quality and efficiency, this product is the perfect addition to any modern home.",,,,,,,,,,,,,,,,,,,,,,,,,,,Color,Yellow,,,,,,,,,,,,,,,,,,,,,,,,,,,,,,,,,,,,,,,,,,,,,,,,,,,,,,,,,,,,,,,,,,,,,,,,,,,,,,,,,,,,,,,,,,,,,,,,,,,,,,,,,,,,,,,,,,,,,,,,,,,,,,,,,,,,,,,,,,,,,,,,,,,,,,,,30000000,,,,,,,,,,,,,,,,,,Low Confidence,55%,No
,,,,,,,Power Tools,,,,QB22RU,QB22RU Vessel Carrying Bit Holder (Red),,,,Vessel Tools USA Inc (VESTO),Vessel Tools USA Inc,Siemens®,Siemens®,QB22RU,,Power Tools,"Siemens®, Red, Vessel Carrying Bit Holder (Red), QB22RU",QB22RU VESSEL CARRYING BIT HOLDER  RED,SIEMENS QB22RU,SIEMENS,,"Discover the Siemens® product, engineered for outstanding performance and lasting durability. With a focus on quality and efficiency, this product is the perfect addition to any modern home.",,,,,,,,,,,,,,,,,,,,,,,,,,,Color,Red,,,,,,,,,,,,,,,,,,,,,,,,,,,,,,,,,,,,,,,,,,,,,,,,,,,,,,,,,,,,,,,,,,,,,,,,,,,,,,,,,,,,,,,,,,,,,,,,,,,,,,,,,,,,,,,,,,,,,,,,,,,,,,,,,,,,,,,,,,,,,,,,,,,,,,,,27111901,,,,,,,,,,,,,,,,,,Low Confidence,48%,Yes
,,,,,,,Power Tools,,,,QB22KU,QB22KU Vessel Carrying Bit Holder (Black),,,,Vessel Tools USA Inc (VESTO),Vessel Tools USA Inc,Siemens®,Siemens®,QB22KU,,Power Tools,"Siemens®, Black, Vessel Carrying Bit Holder (Black), QB22KU",QB22KU VESSEL CARRYING BIT HOLDER  BLACK,SIEMENS QB22KU,SIEMENS,,"Discover the Siemens® product, engineered for outstanding performance and lasting durability. With a focus on quality and efficiency, this product is the perfect addition to any modern home.",,,,,,,,,,,,,,,,,,,,,,,,,,,Color,Black,,,,,,,,,,,,,,,,,,,,,,,,,,,,,,,,,,,,,,,,,,,,,,,,,,,,,,,,,,,,,,,,,,,,,,,,,,,,,,,,,,,,,,,,,,,,,,,,,,,,,,,,,,,,,,,,,,,,,,,,,,,,,,,,,,,,,,,,,,,,,,,,,,,,,,,,27111901,,,,,,,,,,,,,,,,,,Low Confidence,48%,Yes
,,,,,,,Hand Tools,Snips,,,AVM6EV,AVM6 EV Mini Snip Red,,,,Malco Prod (2370),Malco Prod,Malco®,Malco®,AVM6EV,,Hand Tools>Snips,"Malco Prod, Malco, AVM6EV, Color=Red, AVM6 EV Mini Snip Red",AVM6 EV MINI SNIP RED,MALCO AVM6EV,MALCO,,"Discover the Malco® product, engineered for outstanding performance and lasting durability. With a focus on quality and efficiency, this product is the perfect addition to any modern home.",,,,,,,,,,,,,,,,,,,,,,,,,,,Color,Red,,,,,,,,,,,,,,,,,,,,,,,,,,,,,,,,,,,,,,,,,,,,,,,,,,,,,,,,,,,,,,,,,,,,,,,,,,,,,,,,,,,,,,,,,,,,,,,,,,,,,,,,,,,,,,,,,,,,,,,,,,,,,,,,,,,,,,,,,,,,,,,,,,,,,,,,27113100,,,,,,,,,,,,,,,,,,Low Confidence,48%,Yes
,,,,,,,Hand Tools,Snips,,,AVM6EV,AVM7 EV Mini Snip Green,,,,Malco Prod (2370),Malco Prod,Malco®,Malco®,AVM6EV,,Hand Tools>Snips,"Malco Prod, Malco, AVM6EV, Color=Green, AVM7 EV Mini Snip Green",AVM7 EV MINI SNIP GREEN,MALCO AVM6EV,MALCO,,"Discover the Malco® product, engineered for outstanding performance and lasting durability. With a focus on quality and efficiency, this product is the perfect addition to any modern home.",,,,,,,,,,,,,,,,,,,,,,,,,,,Color,Green,,,,,,,,,,,,,,,,,,,,,,,,,,,,,,,,,,,,,,,,,,,,,,,,,,,,,,,,,,,,,,,,,,,,,,,,,,,,,,,,,,,,,,,,,,,,,,,,,,,,,,,,,,,,,,,,,,,,,,,,,,,,,,,,,,,,,,,,,,,,,,,,,,,,,,,,27113100,,,,,,,,,,,,,,,,,,Low Confidence,55%,No
,,,,,,,Hand Tools,Sockets,,,DSA0250B,"DSA0250B 1/4"" Square x1/4"" Hex - Socket Adapter",,,Diablo,Freud Inc (2435),Freud Inc,Diablo®,Diablo®,DSA0250B,,Hand Tools>Sockets,"Diablo®, Socket, Yellow, 1/4"" Square x1/4"" Hex - Adapter, DSA0250B",SOCKET YELLOW,DIABLO DSA0250B Socket,"DIABLO, Socket",Socket,"Discover the Diablo® Socket, engineered for outstanding performance and lasting durability. With a focus on quality and efficiency, this Socket is the perfect addition to any modern home.",,,,,,,,,,,,,,,,,,,,,,,,Socket,,Socket,Head Type,Hex,,Color,Yellow,,,,,,,,,,,,,,,,,,,,,,,,,,,,,,,,,,,,,,,,,,,,,,,,,,,,,,,,,,,,,,,,,,,,,,,,,,,,,,,,,,,,,,,,,,,,,,,,,,,,,,,,,,,,,,,,,,,,,,,,,,,,,,,,,,,,,,,,,,,,,,,,,,,,,27111600,,,,,,,,,,,,,,,,,,,65%,No
,,,,,,,Hand Tools,Sockets,,,DSA0375B,"DSA0375B 3/8"" Square x1/4"" Hex - Socket Adapter",,,Diablo,Freud Inc (2435),Freud Inc,Diablo®,Diablo®,DSA0375B,,Hand Tools>Sockets,"Diablo®, Socket, Yellow, 3/8"" Square x1/4"" Hex - Adapter, DSA0375B",SOCKET YELLOW,DIABLO DSA0375B Socket,"DIABLO, Socket",Socket,"Discover the Diablo® Socket, engineered for outstanding performance and lasting durability. With a focus on quality and efficiency, this Socket is the perfect addition to any modern home.",,,,,,,,,,,,,,,,,,,,,,,,Socket,,Socket,Head Type,Hex,,Color,Yellow,,,,,,,,,,,,,,,,,,,,,,,,,,,,,,,,,,,,,,,,,,,,,,,,,,,,,,,,,,,,,,,,,,,,,,,,,,,,,,,,,,,,,,,,,,,,,,,,,,,,,,,,,,,,,,,,,,,,,,,,,,,,,,,,,,,,,,,,,,,,,,,,,,,,,27111600,,,,,,,,,,,,,,,,,,,65%,No
,,,,,,,Hand Tools,Sockets,,,DSA0500B,"DSA0500B 1/2"" Square x1/4"" Hex - Socket Adapter",,,Diablo,Freud Inc (2435),Freud Inc,Diablo®,Diablo®,DSA0500B,,Hand Tools>Sockets,"Diablo®, Socket, Yellow, 1/2"" Square x1/4"" Hex - Adapter, DSA0500B",SOCKET YELLOW,DIABLO DSA0500B Socket,"DIABLO, Socket",Socket,"Discover the Diablo® Socket, engineered for outstanding performance and lasting durability. With a focus on quality and efficiency, this Socket is the perfect addition to any modern home.",,,,,,,,,,,,,,,,,,,,,,,,Socket,,Socket,Head Type,Hex,,Color,Yellow,,,,,,,,,,,,,,,,,,,,,,,,,,,,,,,,,,,,,,,,,,,,,,,,,,,,,,,,,,,,,,,,,,,,,,,,,,,,,,,,,,,,,,,,,,,,,,,,,,,,,,,,,,,,,,,,,,,,,,,,,,,,,,,,,,,,,,,,,,,,,,,,,,,,,27111600,,,,,,,,,,,,,,,,,,,65%,No
,,,,,,,Hand Tools,Wrenches,,,42-04-9107,"42-04-9107 Milw 3/8"" Drive Universal Joint",,,,Milwaukee Accessory (4031),Milwaukee Tool,Milwaukee®,Milwaukee®,42-04-9107,,Hand Tools>Wrenches,"Milwaukee®, Universal Joint, Yellow, 3/8"" Drive, 42-04-9107",UNIVERSAL JO,MILWAUKEE 42-04-9107 Universal Joint,"MILWAUKEE, Universal Joint",Universal Joint,"Discover the Milwaukee® Universal Joint, engineered for outstanding performance and lasting durability. With a focus on quality and efficiency, this Universal Joint is the perfect addition to any modern home.",,,,,,,,,,,,,,,,,,,,,,,,Universal Joint,,Universal Joint,Color,Yellow,,,,,,,,,,,,,,,,,,,,,,,,,,,,,,,,,,,,,,,,,,,,,,,,,,,,,,,,,,,,,,,,,,,,,,,,,,,,,,,,,,,,,,,,,,,,,,,,,,,,,,,,,,,,,,,,,,,,,,,,,,,,,,,,,,,,,,,,,,,,,,,,,,,,,,,,27111500,,,,,,,,,,,,,,,,,,Low Confidence,58%,No
,,,,,,,Hand Tools,Sockets,,,48-22-9491,48-22-9491 Milw 242pc Ratchet & Socket Set 4-Drawer Tool Box,,,,Milwaukee Accessory (4031),Milwaukee Tool,Milwaukee®,Milwaukee®,48-22-9491,,Hand Tools>Sockets,"Milwaukee Tool, Milwaukee, Socket, 48-22-9491, Quantity=242, Pack Type=Set",SOCKET YELLOW,MILWAUKEE 48-22-9491 Socket,"MILWAUKEE, Socket",Socket,"Discover the Milwaukee® Socket, engineered for outstanding performance and lasting durability. With a focus on quality and efficiency, this Socket is the perfect addition to any modern home.",,,,,,,,,,,,,,,,,,,,,,,,Socket,,Socket,Quantity,242,EA,Pack Type,Set,,Color,Yellow,,,,,,,,,,,,,,,,,,,,,,,,,,,,,,,,,,,,,,,,,,,,,,,,,,,,,,,,,,,,,,,,,,,,,,,,,,,,,,,,,,,,,,,,,,,,,,,,,,,,,,,,,,,,,,,,,,,,,,,,,,,,,,,,,,,,,,,,,,,,,,,,,,27111600,,,,,,,,,,,,,,,,,,,70%,No
,,,,,,,Hand Tools,Screwdrivers,,,DWMT45422,"DWMT45422 Dewalt 1/4"" Drive - 50pc Mechanics Set",,,,Black & Decker/dewlt (2585),DeWalt Industrial Tool,DeWalt®,DeWalt®,DWMT45422,,Hand Tools>Screwdrivers,"DeWalt Industrial Tool, DeWalt, DWMT45422, Quantity=50, Pack Type=Set",DWMT45422 DEWALT 1/4  DRIVE - 50PC MECHA,DEWALT DWMT45422,DEWALT,,"Discover the DeWalt® product, engineered for outstanding performance and lasting durability. With a focus on quality and efficiency, this product is the perfect addition to any modern home.",,,,,,,,,,,,,,,,,,,,,,,,,,,Quantity,50,EA,Pack Type,Set,,Color,Yellow,,,,,,,,,,,,,,,,,,,,,,,,,,,,,,,,,,,,,,,,,,,,,,,,,,,,,,,,,,,,,,,,,,,,,,,,,,,,,,,,,,,,,,,,,,,,,,,,,,,,,,,,,,,,,,,,,,,,,,,,,,,,,,,,,,,,,,,,,,,,,,,,,,27111400,,,,,,,,,,,,,,,,,,,70%,No
,,,,,,,Hand Tools,Screwdrivers,,,DWMT45424,"DWMT45424 Dewalt 3/8"" Drive - 84pc Mechanics Set",,,,Black & Decker/dewlt (2585),DeWalt Industrial Tool,DeWalt®,DeWalt®,DWMT45424,,Hand Tools>Screwdrivers,"DeWalt Industrial Tool, DeWalt, DWMT45424, Quantity=84, Pack Type=Set",DWMT45424 DEWALT 3/8  DRIVE - 84PC MECHA,DEWALT DWMT45424,DEWALT,,"Discover the DeWalt® product, engineered for outstanding performance and lasting durability. With a focus on quality and efficiency, this product is the perfect addition to any modern home.",,,,,,,,,,,,,,,,,,,,,,,,,,,Quantity,84,EA,Pack Type,Set,,Color,Yellow,,,,,,,,,,,,,,,,,,,,,,,,,,,,,,,,,,,,,,,,,,,,,,,,,,,,,,,,,,,,,,,,,,,,,,,,,,,,,,,,,,,,,,,,,,,,,,,,,,,,,,,,,,,,,,,,,,,,,,,,,,,,,,,,,,,,,,,,,,,,,,,,,,27111400,,,,,,,,,,,,,,,,,,,70%,No
,,,,,,,Hand Tools,Wrenches,,,48-22-9483,48-22-9483 Milw Packout 15pc - Metric Wrench Set,,,,Milwaukee Accessory (4031),Milwaukee Tool,Milwaukee®,Milwaukee®,48-22-9483,,Hand Tools>Wrenches,"Milwaukee Tool, Milwaukee, Wrench, 48-22-9483, Quantity=15, Pack Type=Set",WRENCH YELLOW,MILWAUKEE 48-22-9483 Wrench,"MILWAUKEE, Wrench",Wrench,"Discover the Milwaukee® Wrench, engineered for outstanding performance and lasting durability. With a focus on quality and efficiency, this Wrench is the perfect addition to any modern home.",,,,,,,,,,,,,,,,,,,,,,,,Wrench,,Wrench,Quantity,15,EA,Pack Type,Set,,Color,Yellow,,,,,,,,,,,,,,,,,,,,,,,,,,,,,,,,,,,,,,,,,,,,,,,,,,,,,,,,,,,,,,,,,,,,,,,,,,,,,,,,,,,,,,,,,,,,,,,,,,,,,,,,,,,,,,,,,,,,,,,,,,,,,,,,,,,,,,,,,,,,,,,,,,27111500,,,,,,,,,,,,,,,,,,,70%,No
,,,,,,,Hand Tools,Wrenches,,,48-22-9484,48-22-9484 Milw Packout 15pc - SAE Wrench Set,,,,Milwaukee Accessory (4031),Milwaukee Tool,Milwaukee®,Milwaukee®,48-22-9484,,Hand Tools>Wrenches,"Milwaukee Tool, Milwaukee, Wrench, 48-22-9484, Quantity=15, Pack Type=Set",WRENCH YELLOW,MILWAUKEE 48-22-9484 Wrench,"MILWAUKEE, Wrench",Wrench,"Discover the Milwaukee® Wrench, engineered for outstanding performance and lasting durability. With a focus on quality and efficiency, this Wrench is the perfect addition to any modern home.",,,,,,,,,,,,,,,,,,,,,,,,Wrench,,Wrench,Quantity,15,EA,Pack Type,Set,,Color,Yellow,,,,,,,,,,,,,,,,,,,,,,,,,,,,,,,,,,,,,,,,,,,,,,,,,,,,,,,,,,,,,,,,,,,,,,,,,,,,,,,,,,,,,,,,,,,,,,,,,,,,,,,,,,,,,,,,,,,,,,,,,,,,,,,,,,,,,,,,,,,,,,,,,,27111500,,,,,,,,,,,,,,,,,,,70%,No
,,,,,,,Hand Tools,Wrenches,,,48-22-9485,48-22-9485 Milw Packout 30pc - Metric & SAE Wrench Set,,,,Milwaukee Accessory (4031),Milwaukee Tool,Milwaukee®,Milwaukee®,48-22-9485,,Hand Tools>Wrenches,"Milwaukee Tool, Milwaukee, Wrench, 48-22-9485, Quantity=30, Pack Type=Set",WRENCH YELLOW,MILWAUKEE 48-22-9485 Wrench,"MILWAUKEE, Wrench",Wrench,"Discover the Milwaukee® Wrench, engineered for outstanding performance and lasting durability. With a focus on quality and efficiency, this Wrench is the perfect addition to any modern home.",,,,,,,,,,,,,,,,,,,,,,,,Wrench,,Wrench,Quantity,30,EA,Pack Type,Set,,Color,Yellow,,,,,,,,,,,,,,,,,,,,,,,,,,,,,,,,,,,,,,,,,,,,,,,,,,,,,,,,,,,,,,,,,,,,,,,,,,,,,,,,,,,,,,,,,,,,,,,,,,,,,,,,,,,,,,,,,,,,,,,,,,,,,,,,,,,,,,,,,,,,,,,,,,27111500,,,,,,,,,,,,,,,,,,,70%,No
,,,,,,,Power Tools,Shears,,,48-44-2770,48-44-2770 Milw Pole Pruning - Shears Replacement Blade,,,,Milwaukee Accessory (4031),Milwaukee Tool,Milwaukee®,Milwaukee®,48-44-2770,,Power Tools>Shears,"Milwaukee®, Shears, Yellow, Pole Pruning - Replacement Blade",SHEARS YELLOW,MILWAUKEE 48-44-2770 Shears,"MILWAUKEE, Shears",Shears,"Discover the Milwaukee® Shears, engineered for outstanding performance and lasting durability. With a focus on quality and efficiency, this Shears is the perfect addition to any modern home.",,,,,,,,,,,,,,,,,,,,,,,,Shears,,Shears,Color,Yellow,,,,,,,,,,,,,,,,,,,,,,,,,,,,,,,,,,,,,,,,,,,,,,,,,,,,,,,,,,,,,,,,,,,,,,,,,,,,,,,,,,,,,,,,,,,,,,,,,,,,,,,,,,,,,,,,,,,,,,,,,,,,,,,,,,,,,,,,,,,,,,,,,,,,,,,,27112500,,,,,,,,,,,,,,,,,,,65%,No
,,,,,,,Lighting,Bulbs,,,IWHT48441RC,IWHT48441RC Irwin 100ft - Red Chalk & Reel Set,,,Irwin,Irwin Industrial Tools (5863),Irwin Industrial Tools,Irwin®,Irwin®,IWHT48441RC,,Lighting>Bulbs,"Irwin Industrial Tools, Irwin, IWHT48441RC, 100ft, Color=Red, Length=100",PRODUCT 100FT,IRWIN IWHT48441RC,"IRWIN, 100 ft",,"Discover the Irwin® product, engineered for outstanding performance and lasting durability. With a focus on quality and efficiency, this product is the perfect addition to any modern home.",,,,,,,,,,,,,,,,,,,,,,,,,,,Color,Red,,Length,100,ft,Pack Type,Set,,,,,,,,,,,,,,,,,,,,,,,,,,,,,,,,,,,,,,,,,,,,,,,,,,,,,,,,,,,,,,,,,,,,,,,,,,,,,,,,,,,,,,,,,,,,,,,,,,,,,,,,,,,,,,,,,,,,,,,,,,,,,,,,,,,,,,,,,,,,,,,,,,39112101,,,,,100 ft,,,,,,,,,,,,,,70%,No
,,,,,,,Power Tools,Outdoor,String Trimmers,,XRU23SM1,"XRU23SM1 Makita 18V 13"" - String Trimmer Kit",,,,Makita Usa Inc (5142),Makita USA,Makita®,Makita®,XRU23SM1,,Power Tools>Outdoor>String Trimmers,"Makita USA, Makita, String Trimmer, XRU23SM1, Voltage=18, Cordless=18V",STRING TRIMM 18V,MAKITA XRU23SM1 String Trimmer,"MAKITA, String Trimmer, 18 Voltage",String Trimmer,"Discover the Makita® String Trimmer, engineered for outstanding performance and lasting durability. With a focus on quality and efficiency, this String Trimmer is the perfect addition to any modern home.",,,,,,,,,,,,,,,,,,,,,,,,String Trimmer,,String Trimmer,Voltage,18,V,Cordless,18V,,Pack Type,Kit,,Voltage Rating,18,,Color,Yellow,,,,,,,,,,,,,,,,,,,,,,,,,,,,,,,,,,,,,,,,,,,,,,,,,,,,,,,,,,,,,,,,,,,,,,,,,,,,,,,,,,,,,,,,,,,,,,,,,,,,,,,,,,,,,,,,,,,,,,,,,,,,,,,,,,,,,,,,,,,,27112701,,,,,,,,,,,,,,,,,,,85%,No
,,,,,,,Power Tools,Outdoor,String Trimmers,,XRU15PT1,XRU15PT1 Makita String Trimmer,,,,Makita Usa Inc (5142),Makita USA,Makita®,Makita®,XRU15PT1,,Power Tools>Outdoor>String Trimmers,"Makita USA, Makita, String Trimmer, XRU15PT1, Makita String Trimmer, Yellow",STRING TRIMM,MAKITA XRU15PT1 String Trimmer,"MAKITA, String Trimmer",String Trimmer,"Discover the Makita® String Trimmer, engineered for outstanding performance and lasting durability. With a focus on quality and efficiency, this String Trimmer is the perfect addition to any modern home.",,,,,,,,,,,,,,,,,,,,,,,,String Trimmer,,String Trimmer,Color,Yellow,,,,,,,,,,,,,,,,,,,,,,,,,,,,,,,,,,,,,,,,,,,,,,,,,,,,,,,,,,,,,,,,,,,,,,,,,,,,,,,,,,,,,,,,,,,,,,,,,,,,,,,,,,,,,,,,,,,,,,,,,,,,,,,,,,,,,,,,,,,,,,,,,,,,,,,,27112701,,,,,,,,,,,,,,,,,,,75%,No
,,,,,,,Power Tools,Trimmers,,,XRU23Z,XRU23Z Makita 18V Trimmer Tool - Only,,,,Makita Usa Inc (5142),Makita USA,Makita®,Makita®,XRU23Z,,Power Tools>Trimmers,"Makita USA, Makita, XRU23Z, Voltage=18, Cordless=18V",18V YELLOW,MAKITA XRU23Z,"MAKITA, 18 Voltage",,"Discover the Makita® product, engineered for outstanding performance and lasting durability. With a focus on quality and efficiency, this product is the perfect addition to any modern home.",,,,,,,,,,,,,,,,,,,,,,,,,,,Voltage,18,V,Cordless,18V,,Voltage Rating,18,,Color,Yellow,,,,,,,,,,,,,,,,,,,,,,,,,,,,,,,,,,,,,,,,,,,,,,,,,,,,,,,,,,,,,,,,,,,,,,,,,,,,,,,,,,,,,,,,,,,,,,,,,,,,,,,,,,,,,,,,,,,,,,,,,,,,,,,,,,,,,,,,,,,,,,,27112700,,,,,,,,,,,,,,,,,,,63%,No
,,,,,,,Power Tools,Blowers,,,0887-20,0887-20 Milw M18 Brushless Precision Blower,,,,Milwaukee Accessory (4031),Milwaukee Accessory,Milwaukee®,Milwaukee®,0887-20,,Power Tools>Blowers,"Milwaukee Accessory, Milwaukee, Blower, 0887-20, Cordless=M18",BLOWER YELLOW,MILWAUKEE 0887-20 Blower With Brushless,"MILWAUKEE, Blower, With Brushless","Blower, Brushless","Upgrade your home with the Milwaukee® Blower, designed to deliver exceptional performance and reliability. Featuring Brushless, this Blower combines innovative technology with sleek design to meet your everyday needs.",Brushless,,,,,,,,,,,,,,,,,,,,With Brushless,,,Blower,,Blower,Cordless,M18,,Motor Type,Brushless,,Color,Yellow,,Feature,Brushless,,,,,,,,,,,,,,,,,,,,,,,,,,,,,,,,,,,,,,,,,,,,,,,,,,,,,,,,,,,,,,,,,,,,,,,,,,,,,,,,,,,,,,,,,,,,,,,,,,,,,,,,,,,,,,,,,,,,,,,,,,,,,,,,,,,,,,,,,,,,,,,27112300,,,,,,,,,,,,,,,,,,,70%,No
,,,,,,,Power Tools,Blowers,,,DCBL724B,DCBL724B Dewalt 20V Max XR Blower (Bare),,,,Black & Decker/dewlt (2585),DeWalt Industrial Tool,DeWalt®,DeWalt®,DCBL724B,,Power Tools>Blowers,"DeWalt Industrial Tool, DeWalt, Blower, DCBL724B, Voltage=20, Cordless=20V Max",BLOWER 20V,DEWALT DCBL724B Blower,"DEWALT, Blower, 20 Voltage",Blower,"Discover the DeWalt® Blower, engineered for outstanding performance and lasting durability. With a focus on quality and efficiency, this Blower is the perfect addition to any modern home.",,,,,,,,,,,,,,,,,,,,,,,,Blower,,Blower,Voltage,20,V,Cordless,20V Max,,Voltage Rating,20,,Color,Yellow,,,,,,,,,,,,,,,,,,,,,,,,,,,,,,,,,,,,,,,,,,,,,,,,,,,,,,,,,,,,,,,,,,,,,,,,,,,,,,,,,,,,,,,,,,,,,,,,,,,,,,,,,,,,,,,,,,,,,,,,,,,,,,,,,,,,,,,,,,,,,,,27112300,,,,,,,,,,,,,,,,,,,70%,No
,,,,,,,Appliances,Electronics,Speakers,,2954-20,2954-20 Milw M18 Bluetooth Jobsite Speaker,,,,Milwaukee Accessory (4031),Milwaukee Accessory,Milwaukee®,Milwaukee®,2954-20,,Appliances & Consumer Electronics>Electronics>Speakers,"Milwaukee®, Speaker, Yellow, Bluetooth, M18 Jobsite, 2954-20",SPEAKER YELLOW,MILWAUKEE 2954-20 Speaker With Bluetooth,"MILWAUKEE, Speaker, With Bluetooth","Speaker, Bluetooth","Upgrade your home with the Milwaukee® Speaker, designed to deliver exceptional performance and reliability. Featuring Bluetooth, this Speaker combines innovative technology with sleek design to meet your everyday needs.",Bluetooth,,,,,,,,,,,,,,,,,,,,With Bluetooth,,,Speaker,,Speaker,Color,Yellow,,Feature,Bluetooth,,,,,,,,,,,,,,,,,,,,,,,,,,,,,,,,,,,,,,,,,,,,,,,,,,,,,,,,,,,,,,,,,,,,,,,,,,,,,,,,,,,,,,,,,,,,,,,,,,,,,,,,,,,,,,,,,,,,,,,,,,,,,,,,,,,,,,,,,,,,,,,,,,,,,52142000,,,,,,,,,,,,,,,,,,,75%,No
,,,,,,,Appliances,Electronics,Speakers,,2955-20,2955-20 Milw M12 Bluetooth - Jobsite Speaker w/Packout,,,,Milwaukee Accessory (4031),Milwaukee Accessory,Milwaukee®,Milwaukee®,2955-20,,Appliances & Consumer Electronics>Electronics>Speakers,"Milwaukee®, Speaker, Yellow, Bluetooth, M12 - Jobsite w/Packout",SPEAKER YELLOW,MILWAUKEE 2955-20 Speaker With Bluetooth,"MILWAUKEE, Speaker, With Bluetooth","Speaker, Bluetooth","Upgrade your home with the Milwaukee® Speaker, designed to deliver exceptional performance and reliability. Featuring Bluetooth, this Speaker combines innovative technology with sleek design to meet your everyday needs.",Bluetooth,,,,,,,,,,,,,,,,,,,,With Bluetooth,,,Speaker,,Speaker,Color,Yellow,,Feature,Bluetooth,,,,,,,,,,,,,,,,,,,,,,,,,,,,,,,,,,,,,,,,,,,,,,,,,,,,,,,,,,,,,,,,,,,,,,,,,,,,,,,,,,,,,,,,,,,,,,,,,,,,,,,,,,,,,,,,,,,,,,,,,,,,,,,,,,,,,,,,,,,,,,,,,,,,,52142000,,,,,,,,,,,,,,,,,,,75%,No
,,,,,,,Abrasives,Belts,Sanding Belts,,9A-219-180,9A-219-180 Abranet 4x6x6,,,,Mirka Abrasives Inc (MIRUS),Mirka Ltd,Mirka®,Mirka®,9A-219-180,,Abrasives>Belts>Sanding Belts,"Mirka Ltd, Mirka, Sanding Belt, Abranet Series, 9A-219-180, 4x6x6",SANDING BELT 4X6X6 ABRANE,MIRKA Abranet 9A-219-180 Sanding Belt,"MIRKA, Sanding Belt, Abranet, 9 Amperage, 4 in Width, 6 in Height, 6 in",Abranet Sanding Belt,"Discover the Mirka® Sanding Belt, engineered for outstanding performance and lasting durability. With a focus on quality and efficiency, this Sanding Belt is the perfect addition to any modern home.",,,,,,,,,,,,,,,,,,,,,,,,Sanding Belt,,Sanding Belt,Grit,219,,Width x Length,4,in,Abrasive Type,Abranet,,Amperage,9,A,Width,4 in,,length,6 in,,Height,6 in,,Amperage Rating,9,,Color,Yellow,,,,,,,,,,,,,,,,,,,,,,,,,,,,,,,,,,,,,,,,,,,,,,,,,,,,,,,,,,,,,,,,,,,,,,,,,,,,,,,,,,,,,,,,,,,,,,,,,,,,,,,,,,,,,,,,,,,,,,,,,,,,,,,,31191501,,,,,6 in,,6 in,,4 in,,,,,,,,,,85%,No
,,,,,,,Abrasives,Belts,Sanding Belts,,9A-219-120RP,9A-219-120RP Abranet 4x6x6,,,,Mirka Abrasives Inc (MIRUS),Mirka Ltd,Mirka®,Mirka®,9A-219-120RP,,Abrasives>Belts>Sanding Belts,"Mirka Ltd, Mirka, Sanding Belt, Abranet Series, 9A-219-120RP, 4x6x6",SANDING BELT 4X6X6 ABRANE,MIRKA Abranet 9A-219-120RP Sanding Belt,"MIRKA, Sanding Belt, Abranet, 9 Amperage, 4 in Width, 6 in Height, 6 in",Abranet Sanding Belt,"Discover the Mirka® Sanding Belt, engineered for outstanding performance and lasting durability. With a focus on quality and efficiency, this Sanding Belt is the perfect addition to any modern home.",,,,,,,,,,,,,,,,,,,,,,,,Sanding Belt,,Sanding Belt,Grit,219,,Width x Length,4,in,Abrasive Type,Abranet,,Amperage,9,A,Width,4 in,,length,6 in,,Height,6 in,,Amperage Rating,9,,Color,Yellow,,,,,,,,,,,,,,,,,,,,,,,,,,,,,,,,,,,,,,,,,,,,,,,,,,,,,,,,,,,,,,,,,,,,,,,,,,,,,,,,,,,,,,,,,,,,,,,,,,,,,,,,,,,,,,,,,,,,,,,,,,,,,,,,31191501,,,,,6 in,,6 in,,4 in,,,,,,,,,,85%,No
,,,,,,,Power Tools,Outdoor,Hedge Trimmers,,3033-20,"3033-20 Milw M18 24"" - Hedge Trimmer",,,Milwaukee,Milwaukee Accessory (4031),Milwaukee Tool,Milwaukee®,Milwaukee®,3033-20,,Power Tools>Outdoor>Hedge Trimmers,"Milwaukee Tool, Milwaukee, Hedge Trimmer, 3033-20, Cordless=M18",HEDGE TRIMME,MILWAUKEE 3033-20 Hedge Trimmer,"MILWAUKEE, Hedge Trimmer",Hedge Trimmer,"Discover the Milwaukee® Hedge Trimmer, engineered for outstanding performance and lasting durability. With a focus on quality and efficiency, this Hedge Trimmer is the perfect addition to any modern home.",,,,,,,,,,,,,,,,,,,,,,,,Hedge Trimmer,,Hedge Trimmer,Cordless,M18,,Color,Yellow,,,,,,,,,,,,,,,,,,,,,,,,,,,,,,,,,,,,,,,,,,,,,,,,,,,,,,,,,,,,,,,,,,,,,,,,,,,,,,,,,,,,,,,,,,,,,,,,,,,,,,,,,,,,,,,,,,,,,,,,,,,,,,,,,,,,,,,,,,,,,,,,,,,,,27112704,,,,,,,,,,,,,,,,,,,75%,No
,,,,,,,Power Tools,Outdoor,Hedge Trimmers,,3033-21,"3033-21 Milw M18 24"" - Hedge Trimmer Kit",,,,Milwaukee Accessory (4031),GE Appliances,GE®,GE®,3033-21,,Power Tools>Outdoor>Hedge Trimmers,"GE Appliances, GE, Hedge Trimmer, 3033-21, Cordless=M18, Pack Type=Kit",HEDGE TRIMME,GE 3033-21 Hedge Trimmer,"GE, Hedge Trimmer",Hedge Trimmer,"Discover the GE® Hedge Trimmer, engineered for outstanding performance and lasting durability. With a focus on quality and efficiency, this Hedge Trimmer is the perfect addition to any modern home.",,,,,,,,,,,,,,,,,,,,,,,,Hedge Trimmer,,Hedge Trimmer,Cordless,M18,,Pack Type,Kit,,Color,Yellow,,,,,,,,,,,,,,,,,,,,,,,,,,,,,,,,,,,,,,,,,,,,,,,,,,,,,,,,,,,,,,,,,,,,,,,,,,,,,,,,,,,,,,,,,,,,,,,,,,,,,,,,,,,,,,,,,,,,,,,,,,,,,,,,,,,,,,,,,,,,,,,,,,27112704,,,,,,,,,,,,,,,,,,,80%,No
,,,,,,,Power Tools,Outdoor,Hedge Trimmers,,3034-20,"3034-20 Milw M18 30"" - Hedge Trimmer",,,Milwaukee,Milwaukee Accessory (4031),Milwaukee Tool,Milwaukee®,Milwaukee®,3034-20,,Power Tools>Outdoor>Hedge Trimmers,"Milwaukee Tool, Milwaukee, Hedge Trimmer, 3034-20, Cordless=M18",HEDGE TRIMME,MILWAUKEE 3034-20 Hedge Trimmer,"MILWAUKEE, Hedge Trimmer",Hedge Trimmer,"Discover the Milwaukee® Hedge Trimmer, engineered for outstanding performance and lasting durability. With a focus on quality and efficiency, this Hedge Trimmer is the perfect addition to any modern home.",,,,,,,,,,,,,,,,,,,,,,,,Hedge Trimmer,,Hedge Trimmer,Cordless,M18,,Color,Yellow,,,,,,,,,,,,,,,,,,,,,,,,,,,,,,,,,,,,,,,,,,,,,,,,,,,,,,,,,,,,,,,,,,,,,,,,,,,,,,,,,,,,,,,,,,,,,,,,,,,,,,,,,,,,,,,,,,,,,,,,,,,,,,,,,,,,,,,,,,,,,,,,,,,,,27112704,,,,,,,,,,,,,,,,,,,75%,No
,,,,,,,Power Tools,Drills,,,D25333K,D25333K Dewalt Hammer Drill,,,,Black & Decker/dewlt (2585),DeWalt Industrial Tool,DeWalt®,DeWalt®,D25333K,,Power Tools>Drills,"DeWalt Industrial Tool, DeWalt, Drill, D25333K, Dewalt Hammer Drill, Yellow",DRILL YELLOW,DEWALT D25333K Drill,"DEWALT, Drill",Drill,"Discover the DeWalt® Drill, engineered for outstanding performance and lasting durability. With a focus on quality and efficiency, this Drill is the perfect addition to any modern home.",,,,,,,,,,,,,,,,,,,,,,,,Drill,,Drill,Color,Yellow,,,,,,,,,,,,,,,,,,,,,,,,,,,,,,,,,,,,,,,,,,,,,,,,,,,,,,,,,,,,,,,,,,,,,,,,,,,,,,,,,,,,,,,,,,,,,,,,,,,,,,,,,,,,,,,,,,,,,,,,,,,,,,,,,,,,,,,,,,,,,,,,,,,,,,,,27111901,,,,,,,,,,,,,,,,,,,65%,No
,,,,,,,Power Tools,Drills,,,DCD803B,DCD803B Dewalt Multi-Head Drill Driver,,,,Black & Decker/dewlt (2585),DeWalt Industrial Tool,DeWalt®,DeWalt®,DCD803B,,Power Tools>Drills,"DeWalt Industrial Tool, DeWalt, Drill, DCD803B, Dewalt Multi-Head Drill Driver",DRILL 240V 30A 26IN 7.0 YELLOW,DEWALT DCD803B Drill,"DEWALT, Drill, 240 Voltage, 30 Amperage, 26 Width, 7.0 Capacity",Drill,"Discover the DeWalt® Drill, engineered for outstanding performance and lasting durability. With a focus on quality and efficiency, this Drill is the perfect addition to any modern home.",,,,,,,,,,,,,,,,,,,,,,,,Drill,,Drill,Voltage Rating,240,,Amperage Rating,30,,Capacity,7.0,,Width,26,,Color,Yellow,,,,,,,,,,,,,,,,,,,,,,,,,,,,,,,,,,,,,,,,,,,,,,,,,,,,,,,,,,,,,,,,,,,,,,,,,,,,,,,,,,,,,,,,,,,,,,,,,,,,,,,,,,,,,,,,,,,,,,,,,,,,,,,,,,,,,,,,,,,,27111901,,,,,,,,,26,,,,,,,,,,75%,No
,,,,,,,Power Tools,Drills,,,DCF860B,DCF860B Dewalt 20V Impact - Driver Drill,,,,Black & Decker/dewlt (2585),DeWalt Industrial Tool,DeWalt®,DeWalt®,DCF860B,,Power Tools>Drills,"DeWalt Industrial Tool, DeWalt, Drill, DCF860B, Voltage=20, Cordless=20V",DRILL 20V,DEWALT DCF860B Drill,"DEWALT, Drill, 20 Voltage",Drill,"Discover the DeWalt® Drill, engineered for outstanding performance and lasting durability. With a focus on quality and efficiency, this Drill is the perfect addition to any modern home.",,,,,,,,,,,,,,,,,,,,,,,,Drill,,Drill,Voltage,20,V,Cordless,20V,,Voltage Rating,20,,Color,Yellow,,,,,,,,,,,,,,,,,,,,,,,,,,,,,,,,,,,,,,,,,,,,,,,,,,,,,,,,,,,,,,,,,,,,,,,,,,,,,,,,,,,,,,,,,,,,,,,,,,,,,,,,,,,,,,,,,,,,,,,,,,,,,,,,,,,,,,,,,,,,,,,27111901,,,,,,,,,,,,,,,,,,,70%,No
,,,,,,,Power Tools,Drills,,,3401-20,3401-20 Milw M12 Drill Driver - Brushless Compact (Bare),,,,Milwaukee Accessory (4031),Masco Corporation,Delta®,Delta®,3401-20,,Power Tools>Drills,"Masco Corporation, Delta, Drill, 3401-20, Cordless=M12, Motor Type=Brushless",DRILL YELLOW,DELTA 3401-20 Drill With Brushless,"DELTA, Drill, With Brushless","Drill, Brushless","Upgrade your home with the Delta® Drill, designed to deliver exceptional performance and reliability. Featuring Brushless, this Drill combines innovative technology with sleek design to meet your everyday needs.",Brushless,,,,,,,,,,,,,,,,,,,,With Brushless,,,Drill,,Drill,Cordless,M12,,Motor Type,Brushless,,Color,Yellow,,Feature,Brushless,,,,,,,,,,,,,,,,,,,,,,,,,,,,,,,,,,,,,,,,,,,,,,,,,,,,,,,,,,,,,,,,,,,,,,,,,,,,,,,,,,,,,,,,,,,,,,,,,,,,,,,,,,,,,,,,,,,,,,,,,,,,,,,,,,,,,,,,,,,,,,,27111901,,,,,,,,,,,,,,,,,,,60%,No
,,,,,,,Power Tools,Drills,,,KPTDR050A,KPTDR050A Kreg 20V Ionic Compact Drill,,,,Kreg Tool Company (KRETO),Kreg Tool Company,Kreg®,Kreg®,KPTDR050A,,Power Tools>Drills,"Kreg Tool Company, Kreg, Drill, KPTDR050A, Voltage=20, Amperage=050",DRILL 20V 050A YELLOW,KREG KPTDR050A Drill,"KREG, Drill, 20 Voltage, 050 Amperage",Drill,"Discover the Kreg® Drill, engineered for outstanding performance and lasting durability. With a focus on quality and efficiency, this Drill is the perfect addition to any modern home.",,,,,,,,,,,,,,,,,,,,,,,,Drill,,Drill,Voltage,20,V,Amperage,050,A,Cordless,20V,,Voltage Rating,20,,Amperage Rating,050,,Color,Yellow,,,,,,,,,,,,,,,,,,,,,,,,,,,,,,,,,,,,,,,,,,,,,,,,,,,,,,,,,,,,,,,,,,,,,,,,,,,,,,,,,,,,,,,,,,,,,,,,,,,,,,,,,,,,,,,,,,,,,,,,,,,,,,,,,,,,,,,,,27111901,,,,,,,,,,,,,,,,,,,65%,No
,,,,,,,Power Tools,Drills,,,DCD1007B,"DCD1007B Dewalt 20V Cordless - 1/2"" Hammer Drill (Bare)",,,DEWALT,Black & Decker/dewlt (2585),Black & Decker/dewlt,DeWalt®,DeWalt®,DCD1007B,,Power Tools>Drills,"Black & Decker/dewlt, DeWalt, Drill, DCD1007B, Voltage=20, Cordless=20V",DRILL 20V,DEWALT DCD1007B Drill With Cordless,"DEWALT, Drill, With Cordless, 20 Voltage","Drill, Cordless","Upgrade your home with the DeWalt® Drill, designed to deliver exceptional performance and reliability. Featuring Cordless, this Drill combines innovative technology with sleek design to meet your everyday needs.",Cordless,,,,,,,,,,,,,,,,,,,,With Cordless,,,Drill,,Drill,Voltage,20,V,Cordless,20V,,Voltage Rating,20,,Color,Yellow,,Feature,Cordless,,,,,,,,,,,,,,,,,,,,,,,,,,,,,,,,,,,,,,,,,,,,,,,,,,,,,,,,,,,,,,,,,,,,,,,,,,,,,,,,,,,,,,,,,,,,,,,,,,,,,,,,,,,,,,,,,,,,,,,,,,,,,,,,,,,,,,,,,,,,27111901,,,,,,,,,,,,,,,,,,,75%,No
,,,,,,,Power Tools,Drills,,,DCD799B,DCD799B Dewalt Drill,,,,Black & Decker/dewlt (2585),DeWalt Industrial Tool,DeWalt®,DeWalt®,DCD799B,,Power Tools>Drills,"DeWalt Industrial Tool, DeWalt, Drill, DCD799B, Dewalt Drill, Yellow",DRILL 240V 30A 26IN 7.0 YELLOW,DEWALT DCD799B Drill,"DEWALT, Drill, 240 Voltage, 30 Amperage, 26 Width, 7.0 Capacity",Drill,"Discover the DeWalt® Drill, engineered for outstanding performance and lasting durability. With a focus on quality and efficiency, this Drill is the perfect addition to any modern home.",,,,,,,,,,,,,,,,,,,,,,,,Drill,,Drill,Voltage Rating,240,,Amperage Rating,30,,Capacity,7.0,,Width,26,,Color,Yellow,,,,,,,,,,,,,,,,,,,,,,,,,,,,,,,,,,,,,,,,,,,,,,,,,,,,,,,,,,,,,,,,,,,,,,,,,,,,,,,,,,,,,,,,,,,,,,,,,,,,,,,,,,,,,,,,,,,,,,,,,,,,,,,,,,,,,,,,,,,,27111901,,,,,,,,,26,,,,,,,,,,75%,No
,,,,,,,Power Tools,Drills,,,58006,58006 Voyager Drill Press,,,,King Canada Inc (KINCA),GE Appliances,GE®,GE®,58006,,Power Tools>Drills,"GE Appliances, GE, Drill, 58006, Voltage=58006, Voyager Drill Press, Yellow",DRILL 58006V,GE 58006 Drill,"GE, Drill, 58006 Voltage",Drill,"Discover the GE® Drill, engineered for outstanding performance and lasting durability. With a focus on quality and efficiency, this Drill is the perfect addition to any modern home.",,,,,,,,,,,,,,,,,,,,,,,,Drill,,Drill,Voltage,58006,V,Voltage Rating,58006,,Color,Yellow,,,,,,,,,,,,,,,,,,,,,,,,,,,,,,,,,,,,,,,,,,,,,,,,,,,,,,,,,,,,,,,,,,,,,,,,,,,,,,,,,,,,,,,,,,,,,,,,,,,,,,,,,,,,,,,,,,,,,,,,,,,,,,,,,,,,,,,,,,,,,,,,,,27111901,,,,,,,,,,,,,,,,,,,70%,No
,,,,,,,Power Tools,Nailers,,,2909-20,2909-20 Milw Roofing Nailer - M18,,,Milwaukee,Milwaukee Accessory (4031),Milwaukee Tool,Milwaukee®,Milwaukee®,2909-20,,Power Tools>Nailers,"Milwaukee Tool, Milwaukee, Nailer, 2909-20, Cordless=M18",NAILER YELLOW,MILWAUKEE 2909-20 Nailer,"MILWAUKEE, Nailer",Nailer,"Discover the Milwaukee® Nailer, engineered for outstanding performance and lasting durability. With a focus on quality and efficiency, this Nailer is the perfect addition to any modern home.",,,,,,,,,,,,,,,,,,,,,,,,Nailer,,Nailer,Cordless,M18,,Color,Yellow,,,,,,,,,,,,,,,,,,,,,,,,,,,,,,,,,,,,,,,,,,,,,,,,,,,,,,,,,,,,,,,,,,,,,,,,,,,,,,,,,,,,,,,,,,,,,,,,,,,,,,,,,,,,,,,,,,,,,,,,,,,,,,,,,,,,,,,,,,,,,,,,,,,,,27112100,,,,,,,,,,,,,,,,,,Low Confidence,58%,No
,,,,,,,Power Tools,Nailers,,,2909-21,2909-21 Milw M18 Coil Roofing - Nailer Kit,,,Milwaukee,Milwaukee Accessory (4031),Milwaukee Tool,Milwaukee®,Milwaukee®,2909-21,,Power Tools>Nailers,"Milwaukee Tool, Milwaukee, Nailer, 2909-21, Cordless=M18, Pack Type=Kit",NAILER YELLOW,MILWAUKEE 2909-21 Nailer,"MILWAUKEE, Nailer",Nailer,"Discover the Milwaukee® Nailer, engineered for outstanding performance and lasting durability. With a focus on quality and efficiency, this Nailer is the perfect addition to any modern home.",,,,,,,,,,,,,,,,,,,,,,,,Nailer,,Nailer,Cordless,M18,,Pack Type,Kit,,Color,Yellow,,,,,,,,,,,,,,,,,,,,,,,,,,,,,,,,,,,,,,,,,,,,,,,,,,,,,,,,,,,,,,,,,,,,,,,,,,,,,,,,,,,,,,,,,,,,,,,,,,,,,,,,,,,,,,,,,,,,,,,,,,,,,,,,,,,,,,,,,,,,,,,,,,27112100,,,,,,,,,,,,,,,,,,,70%,No
,,,,,,,Power Tools,Nailers,Brad,,918200,918200 Paslode CT200S24 18Ga ST Brad Nailer,,,,National Nail Corp (7439),National Nail Corp,National Nail,National Nail,918200,,Power Tools>Nailers>Brad,"National Nail Corp, National Nail, Brad Nailer, 918200, Gauge=18",BRAD NAILER,NATIONAL NAIL 918200 Brad Nailer,"NATIONAL NAIL, Brad Nailer",Brad Nailer,"Discover the National Nail Brad Nailer, engineered for outstanding performance and lasting durability. With a focus on quality and efficiency, this Brad Nailer is the perfect addition to any modern home.",,,,,,,,,,,,,,,,,,,,,,,,Brad Nailer,,Brad Nailer,Gauge,18,,Color,Yellow,,,,,,,,,,,,,,,,,,,,,,,,,,,,,,,,,,,,,,,,,,,,,,,,,,,,,,,,,,,,,,,,,,,,,,,,,,,,,,,,,,,,,,,,,,,,,,,,,,,,,,,,,,,,,,,,,,,,,,,,,,,,,,,,,,,,,,,,,,,,,,,,,,,,,27112101,,,,,,,,,,,,,,,,,,,65%,No
,,,,,,,Power Tools,Nailers,Brad,,2541-20,2541-20 Milw M12 - Compact Brad Nailer (Bare),,,,Milwaukee Accessory (4031),Signify North America,Philips®,Philips®,2541-20,,Power Tools>Nailers>Brad,"Signify North America, Philips, Brad Nailer, 2541-20, Cordless=M12",BRAD NAILER,PHILIPS 2541-20 Brad Nailer,"PHILIPS, Brad Nailer",Brad Nailer,"Discover the Philips® Brad Nailer, engineered for outstanding performance and lasting durability. With a focus on quality and efficiency, this Brad Nailer is the perfect addition to any modern home.",,,,,,,,,,,,,,,,,,,,,,,,Brad Nailer,,Brad Nailer,Cordless,M12,,Color,Yellow,,,,,,,,,,,,,,,,,,,,,,,,,,,,,,,,,,,,,,,,,,,,,,,,,,,,,,,,,,,,,,,,,,,,,,,,,,,,,,,,,,,,,,,,,,,,,,,,,,,,,,,,,,,,,,,,,,,,,,,,,,,,,,,,,,,,,,,,,,,,,,,,,,,,,27112101,,,,,,,,,,,,,,,,,,,75%,No
,,,,,,,Power Tools,Nailers,Framing,,DCN930B,DCN930B Dewalt 20V 30 Degree - Framing Nailer,,,DEWALT,Black & Decker/dewlt (2585),Black & Decker/dewlt,DeWalt®,DeWalt®,DCN930B,,Power Tools>Nailers>Framing,"Black & Decker/dewlt, DeWalt, Framing Nailer, DCN930B, Voltage=20, Cordless=20V",FRAMING NAIL 20V,DEWALT DCN930B Framing Nailer,"DEWALT, Framing Nailer, 20 Voltage",Framing Nailer,"Discover the DeWalt® Framing Nailer, engineered for outstanding performance and lasting durability. With a focus on quality and efficiency, this Framing Nailer is the perfect addition to any modern home.",,,,,,,,,,,,,,,,,,,,,,,,Framing Nailer,,Framing Nailer,Voltage,20,V,Cordless,20V,,Voltage Rating,20,,Color,Yellow,,,,,,,,,,,,,,,,,,,,,,,,,,,,,,,,,,,,,,,,,,,,,,,,,,,,,,,,,,,,,,,,,,,,,,,,,,,,,,,,,,,,,,,,,,,,,,,,,,,,,,,,,,,,,,,,,,,,,,,,,,,,,,,,,,,,,,,,,,,,,,,27112102,,,,,,,,,,,,,,,,,,,80%,No
,,,,,,,Power Tools,Nailers,Framing,,DCN930P1,DCN930P1 Dewalt 20V 30 Degree - Framing Nailer Kit,,,DEWALT,Black & Decker/dewlt (2585),Black & Decker/dewlt,DeWalt®,DeWalt®,DCN930P1,,Power Tools>Nailers>Framing,"Black & Decker/dewlt, DeWalt, Framing Nailer, DCN930P1, Voltage=20, Cordless=20V",FRAMING NAIL 20V,DEWALT DCN930P1 Framing Nailer,"DEWALT, Framing Nailer, 20 Voltage",Framing Nailer,"Discover the DeWalt® Framing Nailer, engineered for outstanding performance and lasting durability. With a focus on quality and efficiency, this Framing Nailer is the perfect addition to any modern home.",,,,,,,,,,,,,,,,,,,,,,,,Framing Nailer,,Framing Nailer,Voltage,20,V,Cordless,20V,,Pack Type,Kit,,Voltage Rating,20,,Color,Yellow,,,,,,,,,,,,,,,,,,,,,,,,,,,,,,,,,,,,,,,,,,,,,,,,,,,,,,,,,,,,,,,,,,,,,,,,,,,,,,,,,,,,,,,,,,,,,,,,,,,,,,,,,,,,,,,,,,,,,,,,,,,,,,,,,,,,,,,,,,,,27112102,,,,,,,,,,,,,,,,,,,85%,No
,,,,,,,Power Tools,Nailers,Brad,,XNB04Z,"XNB04Z Makita 18V 2"" Brad Nailer 18GA (Bare)",,,,Makita Usa Inc (5142),Makita USA,Makita®,Makita®,XNB04Z,,Power Tools>Nailers>Brad,"Makita USA, Makita, Brad Nailer, XNB04Z, Voltage=18, Cordless=18V, Gauge=18",BRAD NAILER 18V,MAKITA XNB04Z Brad Nailer,"MAKITA, Brad Nailer, 18 Voltage",Brad Nailer,"Discover the Makita® Brad Nailer, engineered for outstanding performance and lasting durability. With a focus on quality and efficiency, this Brad Nailer is the perfect addition to any modern home.",,,,,,,,,,,,,,,,,,,,,,,,Brad Nailer,,Brad Nailer,Voltage,18,V,Cordless,18V,,Gauge,18,,Voltage Rating,18,,Color,Yellow,,,,,,,,,,,,,,,,,,,,,,,,,,,,,,,,,,,,,,,,,,,,,,,,,,,,,,,,,,,,,,,,,,,,,,,,,,,,,,,,,,,,,,,,,,,,,,,,,,,,,,,,,,,,,,,,,,,,,,,,,,,,,,,,,,,,,,,,,,,,27112101,,,,,,,,,,,,,,,,,,,85%,No
,,,,,,,Power Tools,Nailers,Finish,,XNB05Z,"XNB05Z Makita 18V 2-1/2"" Straight Finish Nailer 16GA",,,,Makita Usa Inc (5142),Makita USA,Makita®,Makita®,XNB05Z,,Power Tools>Nailers>Finish,"Makita USA, Makita, Finish Nailer, XNB05Z, Voltage=18, Cordless=18V, Gauge=16",FINISH NAILE 18V,MAKITA XNB05Z Finish Nailer,"MAKITA, Finish Nailer, 18 Voltage",Finish Nailer,"Discover the Makita® Finish Nailer, engineered for outstanding performance and lasting durability. With a focus on quality and efficiency, this Finish Nailer is the perfect addition to any modern home.",,,,,,,,,,,,,,,,,,,,,,,,Finish Nailer,,Finish Nailer,Voltage,18,V,Cordless,18V,,Gauge,16,,Voltage Rating,18,,Color,Yellow,,,,,,,,,,,,,,,,,,,,,,,,,,,,,,,,,,,,,,,,,,,,,,,,,,,,,,,,,,,,,,,,,,,,,,,,,,,,,,,,,,,,,,,,,,,,,,,,,,,,,,,,,,,,,,,,,,,,,,,,,,,,,,,,,,,,,,,,,,,,27112103,,,,,,,,,,,,,,,,,,,85%,No
,,,,,,,Power Tools,Nailers,Finish,,XNB06Z,"XNB06Z Makita 18V 2-1/2"" Angled Finish Nailer 16GA",,,,Makita Usa Inc (5142),Makita USA,Makita®,Makita®,XNB06Z,,Power Tools>Nailers>Finish,"Makita USA, Makita, Finish Nailer, XNB06Z, Voltage=18, Cordless=18V, Gauge=16",FINISH NAILE 18V,MAKITA XNB06Z Finish Nailer With LED,"MAKITA, Finish Nailer, With LED, 18 Voltage","Finish Nailer, LED","Upgrade your home with the Makita® Finish Nailer, designed to deliver exceptional performance and reliability. Featuring LED, this Finish Nailer combines innovative technology with sleek design to meet your everyday needs.",LED,,,,,,,,,,,,,,,,,,,,With LED,,,Finish Nailer,,Finish Nailer,Voltage,18,V,Cordless,18V,,Gauge,16,,Voltage Rating,18,,Color,Yellow,,Feature,LED,,,,,,,,,,,,,,,,,,,,,,,,,,,,,,,,,,,,,,,,,,,,,,,,,,,,,,,,,,,,,,,,,,,,,,,,,,,,,,,,,,,,,,,,,,,,,,,,,,,,,,,,,,,,,,,,,,,,,,,,,,,,,,,,,,,,,,,,,27112103,,,,,,,,,,,,,,,,,,,85%,No
,,,,,,,Power Tools,Nailers,,,XNB07Z,XNB07Z Makita 18V LXT BL 30 Nailer (Bare),,,,Makita Usa Inc (5142),Makita USA,Makita®,Makita®,XNB07Z,,Power Tools>Nailers,"Makita USA, Makita, Nailer, XNB07Z, Voltage=18, Cordless=18V",NAILER 18V,MAKITA XNB07Z Nailer,"MAKITA, Nailer, 18 Voltage",Nailer,"Discover the Makita® Nailer, engineered for outstanding performance and lasting durability. With a focus on quality and efficiency, this Nailer is the perfect addition to any modern home.",,,,,,,,,,,,,,,,,,,,,,,,Nailer,,Nailer,Voltage,18,V,Cordless,18V,,Voltage Rating,18,,Color,Yellow,,,,,,,,,,,,,,,,,,,,,,,,,,,,,,,,,,,,,,,,,,,,,,,,,,,,,,,,,,,,,,,,,,,,,,,,,,,,,,,,,,,,,,,,,,,,,,,,,,,,,,,,,,,,,,,,,,,,,,,,,,,,,,,,,,,,,,,,,,,,,,,27112100,,,,,,,,,,,,,,,,,,,70%,No
,,,,,,,Power Tools,Nailers,,,DZN930,DZN930 Dewalt 30 Degree - Framing Magazine,,,,Black & Decker/dewlt (2585),DeWalt Industrial Tool,DeWalt®,DeWalt®,DZN930,,Power Tools>Nailers,"DeWalt Industrial Tool, DeWalt, DZN930, Dewalt 30 Degree - Framing Magazine",DZN930 DEWALT 30 DEGREE - FRAMING MAGAZI,DEWALT DZN930,DEWALT,,"Discover the DeWalt® product, engineered for outstanding performance and lasting durability. With a focus on quality and efficiency, this product is the perfect addition to any modern home.",,,,,,,,,,,,,,,,,,,,,,,,,,,Color,Yellow,,,,,,,,,,,,,,,,,,,,,,,,,,,,,,,,,,,,,,,,,,,,,,,,,,,,,,,,,,,,,,,,,,,,,,,,,,,,,,,,,,,,,,,,,,,,,,,,,,,,,,,,,,,,,,,,,,,,,,,,,,,,,,,,,,,,,,,,,,,,,,,,,,,,,,,,27112100,,,,,,,,,,,,,,,,,,,65%,No
,,,,,,,Hand Tools,Screwdrivers,,,220USB25U,220USB25U Vessel Screwdriver w/25pc Bit Set,,,,Vessel Tools USA Inc (VESTO),Masco Corporation,Delta®,Delta®,220USB25U,,Hand Tools>Screwdrivers,"Masco Corporation, Delta, Screwdriver, 220USB25U, Quantity=25, Pack Type=Set",SCREWDRIVER,DELTA 220USB25U Screwdriver,"DELTA, Screwdriver",Screwdriver,"Discover the Delta® Screwdriver, engineered for outstanding performance and lasting durability. With a focus on quality and efficiency, this Screwdriver is the perfect addition to any modern home.",,,,,,,,,,,,,,,,,,,,,,,,Screwdriver,,Screwdriver,Quantity,25,EA,Pack Type,Set,,Color,Yellow,,,,,,,,,,,,,,,,,,,,,,,,,,,,,,,,,,,,,,,,,,,,,,,,,,,,,,,,,,,,,,,,,,,,,,,,,,,,,,,,,,,,,,,,,,,,,,,,,,,,,,,,,,,,,,,,,,,,,,,,,,,,,,,,,,,,,,,,,,,,,,,,,,27111400,,,,,,,,,,,,,,,,,,,60%,No
,,,,,,,Hand Tools,Screwdrivers,,,XRF03Z,XRF03Z Makita 18V Screwdriver - Autofeed,,,,Makita Usa Inc (5142),Makita USA,Makita®,Makita®,XRF03Z,,Hand Tools>Screwdrivers,"Makita USA, Makita, Screwdriver, XRF03Z, Voltage=18, Cordless=18V",SCREWDRIVER 18V,MAKITA XRF03Z Screwdriver,"MAKITA, Screwdriver, 18 Voltage",Screwdriver,"Discover the Makita® Screwdriver, engineered for outstanding performance and lasting durability. With a focus on quality and efficiency, this Screwdriver is the perfect addition to any modern home.",,,,,,,,,,,,,,,,,,,,,,,,Screwdriver,,Screwdriver,Voltage,18,V,Cordless,18V,,Voltage Rating,18,,Color,Yellow,,,,,,,,,,,,,,,,,,,,,,,,,,,,,,,,,,,,,,,,,,,,,,,,,,,,,,,,,,,,,,,,,,,,,,,,,,,,,,,,,,,,,,,,,,,,,,,,,,,,,,,,,,,,,,,,,,,,,,,,,,,,,,,,,,,,,,,,,,,,,,,27111400,,,,,,,,,,,,,,,,,,,70%,No
,,,,,,,Hand Tools,Screwdrivers,,,220USBP5U,220USBP5U Vessel Screwdriver Plus w/5pc Bit Set,,,,Vessel Tools USA Inc (VESTO),Masco Corporation,Delta®,Delta®,220USBP5U,,Hand Tools>Screwdrivers,"Masco Corporation, Delta, Screwdriver, 220USBP5U, Quantity=5, Pack Type=Set",SCREWDRIVER,DELTA 220USBP5U Screwdriver,"DELTA, Screwdriver",Screwdriver,"Discover the Delta® Screwdriver, engineered for outstanding performance and lasting durability. With a focus on quality and efficiency, this Screwdriver is the perfect addition to any modern home.",,,,,,,,,,,,,,,,,,,,,,,,Screwdriver,,Screwdriver,Quantity,5,EA,Pack Type,Set,,Color,Yellow,,,,,,,,,,,,,,,,,,,,,,,,,,,,,,,,,,,,,,,,,,,,,,,,,,,,,,,,,,,,,,,,,,,,,,,,,,,,,,,,,,,,,,,,,,,,,,,,,,,,,,,,,,,,,,,,,,,,,,,,,,,,,,,,,,,,,,,,,,,,,,,,,,27111400,,,,,,,,,,,,,,,,,,,60%,No
,,,,,,,Power Tools,Drivers,Impact Drivers,,49-66-4567,"49-66-4567 Milw 6"" Magnetic - Impact Driver Set 6pc",,,,Milwaukee Accessory (4031),Milwaukee Tool,Milwaukee®,Milwaukee®,49-66-4567,,Power Tools>Drivers>Impact Drivers,"Milwaukee Tool, Milwaukee, Impact Driver, 49-66-4567, Quantity=6, Pack Type=Set",IMPACT DRIVE,MILWAUKEE 49-66-4567 Impact Driver,"MILWAUKEE, Impact Driver",Impact Driver,"Discover the Milwaukee® Impact Driver, engineered for outstanding performance and lasting durability. With a focus on quality and efficiency, this Impact Driver is the perfect addition to any modern home.",,,,,,,,,,,,,,,,,,,,,,,,Impact Driver,,Impact Driver,Quantity,6,EA,Pack Type,Set,,Color,Yellow,,,,,,,,,,,,,,,,,,,,,,,,,,,,,,,,,,,,,,,,,,,,,,,,,,,,,,,,,,,,,,,,,,,,,,,,,,,,,,,,,,,,,,,,,,,,,,,,,,,,,,,,,,,,,,,,,,,,,,,,,,,,,,,,,,,,,,,,,,,,,,,,,,27111902,,,,,,,,,,,,,,,,,,,80%,No
,,,,,,,Power Tools,Impact Drivers,,,IBMG90K003,"IBMG90K003 Vessel Impact Ball Torsion Bit Assort 5pc 3.5""",,,,Vessel Tools USA Inc (VESTO),Vessel Tools USA Inc,Vessel Tools®,Vessel Tools®,IBMG90K003,,Power Tools>Impact Drivers,"Vessel Tools USA Inc, Vessel Tools, IBMG90K003, Voltage=003, Quantity=5",003V YELLOW,VESSEL TOOLS IBMG90K003,"VESSEL TOOLS, 003 Voltage",,"Discover the Vessel Tools® product, engineered for outstanding performance and lasting durability. With a focus on quality and efficiency, this product is the perfect addition to any modern home.",,,,,,,,,,,,,,,,,,,,,,,,,,,Voltage,003,V,Quantity,5,EA,Voltage Rating,003,,Color,Yellow,,,,,,,,,,,,,,,,,,,,,,,,,,,,,,,,,,,,,,,,,,,,,,,,,,,,,,,,,,,,,,,,,,,,,,,,,,,,,,,,,,,,,,,,,,,,,,,,,,,,,,,,,,,,,,,,,,,,,,,,,,,,,,,,,,,,,,,,,,,,,,,27111902,,,,,,,,,,,,,,,,,,,60%,No
,,,,,,,Power Tools,,,,IBPH250P15T,"IBPH250P15T Vessel Torsion Bit 2"" 15pc",,,,Vessel Tools USA Inc (VESTO),Vessel Tools USA Inc,Vessel Tools®,Vessel Tools®,IBPH250P15T,,Power Tools,"Vessel Tools USA Inc, Vessel Tools, IBPH250P15T, Quantity=15",IBPH250P15T VESSEL TORSION BIT 2  15PC,VESSEL TOOLS IBPH250P15T,VESSEL TOOLS,,"Discover the Vessel Tools® product, engineered for outstanding performance and lasting durability. With a focus on quality and efficiency, this product is the perfect addition to any modern home.",,,,,,,,,,,,,,,,,,,,,,,,,,,Quantity,15,EA,Color,Yellow,,,,,,,,,,,,,,,,,,,,,,,,,,,,,,,,,,,,,,,,,,,,,,,,,,,,,,,,,,,,,,,,,,,,,,,,,,,,,,,,,,,,,,,,,,,,,,,,,,,,,,,,,,,,,,,,,,,,,,,,,,,,,,,,,,,,,,,,,,,,,,,,,,,,,27111901,,,,,,,,,,,,,,,,,,Low Confidence,45%,Yes
,,,,,,,Power Tools,Drill Bits,,,DPH12B,"DPH12B 2"" #1 Phillips Drive - Bit",,,Diablo,Freud Inc (2435),Freud Inc,Diablo®,Diablo®,DPH12B,,Power Tools>Drill Bits,"Freud Inc, Diablo, Phillips Bit, 1 Series, DPH12B, Thread Size=1",PHILLIPS BIT,DIABLO 1 DPH12B Phillips Bit,"DIABLO, Phillips Bit, 1",1 Phillips Bit,"Discover the Diablo® Phillips Bit, engineered for outstanding performance and lasting durability. With a focus on quality and efficiency, this Phillips Bit is the perfect addition to any modern home.",,,,,,,,,,,,,,,,,,,,,,,,Phillips Bit,,Phillips Bit,Thread Size,1,,Head Type,Phillips,,Color,Yellow,,,,,,,,,,,,,,,,,,,,,,,,,,,,,,,,,,,,,,,,,,,,,,,,,,,,,,,,,,,,,,,,,,,,,,,,,,,,,,,,,,,,,,,,,,,,,,,,,,,,,,,,,,,,,,,,,,,,,,,,,,,,,,,,,,,,,,,,,,,,,,,,,,27111903,,,,,,,,,,,,,,,,,,,70%,No
,,,,,,,Power Tools,Drill Bits,,,DPH135B,"DPH135B 3-1/2"" #1 Phillips - Drive Bit",,,Diablo,Freud Inc (2435),Freud Inc,Diablo®,Diablo®,DPH135B,,Power Tools>Drill Bits,"Freud Inc, Diablo, Driver Bit, 1 Series, DPH135B, Thread Size=1",DRIVER BIT,DIABLO 1 DPH135B Driver Bit,"DIABLO, Driver Bit, 1",1 Driver Bit,"Discover the Diablo® Driver Bit, engineered for outstanding performance and lasting durability. With a focus on quality and efficiency, this Driver Bit is the perfect addition to any modern home.",,,,,,,,,,,,,,,,,,,,,,,,Driver Bit,,Driver Bit,Thread Size,1,,Head Type,Phillips,,Color,Yellow,,,,,,,,,,,,,,,,,,,,,,,,,,,,,,,,,,,,,,,,,,,,,,,,,,,,,,,,,,,,,,,,,,,,,,,,,,,,,,,,,,,,,,,,,,,,,,,,,,,,,,,,,,,,,,,,,,,,,,,,,,,,,,,,,,,,,,,,,,,,,,,,,,27111903,,,,,,,,,,,,,,,,,,,70%,No
,,,,,,,Power Tools,Drill Bits,,,DPH21B,"DPH21B 1"" #2 Phillips Drive - Bit",,,Diablo,Freud Inc (2435),Freud Inc,Diablo®,Diablo®,DPH21B,,Power Tools>Drill Bits,"Freud Inc, Diablo, Phillips Bit, 2 Series, DPH21B, Thread Size=2",PHILLIPS BIT,DIABLO 2 DPH21B Phillips Bit,"DIABLO, Phillips Bit, 2",2 Phillips Bit,"Discover the Diablo® Phillips Bit, engineered for outstanding performance and lasting durability. With a focus on quality and efficiency, this Phillips Bit is the perfect addition to any modern home.",,,,,,,,,,,,,,,,,,,,,,,,Phillips Bit,,Phillips Bit,Thread Size,2,,Head Type,Phillips,,Color,Yellow,,,,,,,,,,,,,,,,,,,,,,,,,,,,,,,,,,,,,,,,,,,,,,,,,,,,,,,,,,,,,,,,,,,,,,,,,,,,,,,,,,,,,,,,,,,,,,,,,,,,,,,,,,,,,,,,,,,,,,,,,,,,,,,,,,,,,,,,,,,,,,,,,,27111903,,,,,,,,,,,,,,,,,,,70%,No
,,,,,,,Power Tools,Drill Bits,,,DPH22B,"DPH22B 2"" #2 Phillips Drive - Bit",,,Diablo,Freud Inc (2435),Freud Inc,Diablo®,Diablo®,DPH22B,,Power Tools>Drill Bits,"Freud Inc, Diablo, Phillips Bit, 2 Series, DPH22B, Thread Size=2",PHILLIPS BIT,DIABLO 2 DPH22B Phillips Bit,"DIABLO, Phillips Bit, 2",2 Phillips Bit,"Discover the Diablo® Phillips Bit, engineered for outstanding performance and lasting durability. With a focus on quality and efficiency, this Phillips Bit is the perfect addition to any modern home.",,,,,,,,,,,,,,,,,,,,,,,,Phillips Bit,,Phillips Bit,Thread Size,2,,Head Type,Phillips,,Color,Yellow,,,,,,,,,,,,,,,,,,,,,,,,,,,,,,,,,,,,,,,,,,,,,,,,,,,,,,,,,,,,,,,,,,,,,,,,,,,,,,,,,,,,,,,,,,,,,,,,,,,,,,,,,,,,,,,,,,,,,,,,,,,,,,,,,,,,,,,,,,,,,,,,,,27111903,,,,,,,,,,,,,,,,,,,70%,No
,,,,,,,Power Tools,Drill Bits,,,DPH235B,"DPH235B 3-1/2"" #2 Phillips - Drive Bit",,,Diablo,Freud Inc (2435),Freud Inc,Diablo®,Diablo®,DPH235B,,Power Tools>Drill Bits,"Freud Inc, Diablo, Driver Bit, 2 Series, DPH235B, Thread Size=2",DRIVER BIT,DIABLO 2 DPH235B Driver Bit,"DIABLO, Driver Bit, 2",2 Driver Bit,"Discover the Diablo® Driver Bit, engineered for outstanding performance and lasting durability. With a focus on quality and efficiency, this Driver Bit is the perfect addition to any modern home.",,,,,,,,,,,,,,,,,,,,,,,,Driver Bit,,Driver Bit,Thread Size,2,,Head Type,Phillips,,Color,Yellow,,,,,,,,,,,,,,,,,,,,,,,,,,,,,,,,,,,,,,,,,,,,,,,,,,,,,,,,,,,,,,,,,,,,,,,,,,,,,,,,,,,,,,,,,,,,,,,,,,,,,,,,,,,,,,,,,,,,,,,,,,,,,,,,,,,,,,,,,,,,,,,,,,27111903,,,,,,,,,,,,,,,,,,,70%,No
,,,,,,,Power Tools,Drill Bits,,,DPH26B,"DPH26B 6"" #2 Phillips Drive - Bit",,,Diablo,Freud Inc (2435),Freud Inc,Diablo®,Diablo®,DPH26B,,Power Tools>Drill Bits,"Freud Inc, Diablo, Phillips Bit, 2 Series, DPH26B, Thread Size=2",PHILLIPS BIT,DIABLO 2 DPH26B Phillips Bit,"DIABLO, Phillips Bit, 2",2 Phillips Bit,"Discover the Diablo® Phillips Bit, engineered for outstanding performance and lasting durability. With a focus on quality and efficiency, this Phillips Bit is the perfect addition to any modern home.",,,,,,,,,,,,,,,,,,,,,,,,Phillips Bit,,Phillips Bit,Thread Size,2,,Head Type,Phillips,,Color,Yellow,,,,,,,,,,,,,,,,,,,,,,,,,,,,,,,,,,,,,,,,,,,,,,,,,,,,,,,,,,,,,,,,,,,,,,,,,,,,,,,,,,,,,,,,,,,,,,,,,,,,,,,,,,,,,,,,,,,,,,,,,,,,,,,,,,,,,,,,,,,,,,,,,,27111903,,,,,,,,,,,,,,,,,,,70%,No
,,,,,,,Power Tools,Drill Bits,,,DPH2R1B,"DPH2R1B 1"" #2 Phillips Drywall - Screws Drive Bit",,,Diablo,Freud Inc (2435),Freud Inc,Diablo®,Diablo®,DPH2R1B,,Power Tools>Drill Bits,"Freud Inc, Diablo, Driver Bit, 2 Series, DPH2R1B, Thread Size=2",DRIVER BIT,DIABLO 2 DPH2R1B Driver Bit,"DIABLO, Driver Bit, 2",2 Driver Bit,"Discover the Diablo® Driver Bit, engineered for outstanding performance and lasting durability. With a focus on quality and efficiency, this Driver Bit is the perfect addition to any modern home.",,,,,,,,,,,,,,,,,,,,,,,,Driver Bit,,Driver Bit,Thread Size,2,,Head Type,Phillips,,Color,Yellow,,,,,,,,,,,,,,,,,,,,,,,,,,,,,,,,,,,,,,,,,,,,,,,,,,,,,,,,,,,,,,,,,,,,,,,,,,,,,,,,,,,,,,,,,,,,,,,,,,,,,,,,,,,,,,,,,,,,,,,,,,,,,,,,,,,,,,,,,,,,,,,,,,27111903,,,,,,,,,,,,,,,,,,,70%,No
,,,,,,,Power Tools,Drill Bits,,,DPH31B,"DPH31B 1"" #3 Phillips Drive - Bit",,,Diablo,Freud Inc (2435),Freud Inc,Diablo®,Diablo®,DPH31B,,Power Tools>Drill Bits,"Freud Inc, Diablo, Phillips Bit, 3 Series, DPH31B, Thread Size=3",PHILLIPS BIT,DIABLO 3 DPH31B Phillips Bit,"DIABLO, Phillips Bit, 3",3 Phillips Bit,"Discover the Diablo® Phillips Bit, engineered for outstanding performance and lasting durability. With a focus on quality and efficiency, this Phillips Bit is the perfect addition to any modern home.",,,,,,,,,,,,,,,,,,,,,,,,Phillips Bit,,Phillips Bit,Thread Size,3,,Head Type,Phillips,,Color,Yellow,,,,,,,,,,,,,,,,,,,,,,,,,,,,,,,,,,,,,,,,,,,,,,,,,,,,,,,,,,,,,,,,,,,,,,,,,,,,,,,,,,,,,,,,,,,,,,,,,,,,,,,,,,,,,,,,,,,,,,,,,,,,,,,,,,,,,,,,,,,,,,,,,,27111903,,,,,,,,,,,,,,,,,,,70%,No
,,,,,,,Power Tools,Drill Bits,,,DPH32B,"DPH32B 2"" #3 Phillips Drive - Bit",,,Diablo,Freud Inc (2435),Freud Inc,Diablo®,Diablo®,DPH32B,,Power Tools>Drill Bits,"Freud Inc, Diablo, Phillips Bit, 3 Series, DPH32B, Thread Size=3",PHILLIPS BIT,DIABLO 3 DPH32B Phillips Bit,"DIABLO, Phillips Bit, 3",3 Phillips Bit,"Discover the Diablo® Phillips Bit, engineered for outstanding performance and lasting durability. With a focus on quality and efficiency, this Phillips Bit is the perfect addition to any modern home.",,,,,,,,,,,,,,,,,,,,,,,,Phillips Bit,,Phillips Bit,Thread Size,3,,Head Type,Phillips,,Color,Yellow,,,,,,,,,,,,,,,,,,,,,,,,,,,,,,,,,,,,,,,,,,,,,,,,,,,,,,,,,,,,,,,,,,,,,,,,,,,,,,,,,,,,,,,,,,,,,,,,,,,,,,,,,,,,,,,,,,,,,,,,,,,,,,,,,,,,,,,,,,,,,,,,,,27111903,,,,,,,,,,,,,,,,,,,70%,No
,,,,,,,Power Tools,Drill Bits,,,DPH335B,"DPH335B 3-1/2"" #3 Phillips - Drive Bit",,,Diablo,Freud Inc (2435),Freud Inc,Diablo®,Diablo®,DPH335B,,Power Tools>Drill Bits,"Freud Inc, Diablo, Driver Bit, 3 Series, DPH335B, Thread Size=3",DRIVER BIT,DIABLO 3 DPH335B Driver Bit,"DIABLO, Driver Bit, 3",3 Driver Bit,"Discover the Diablo® Driver Bit, engineered for outstanding performance and lasting durability. With a focus on quality and efficiency, this Driver Bit is the perfect addition to any modern home.",,,,,,,,,,,,,,,,,,,,,,,,Driver Bit,,Driver Bit,Thread Size,3,,Head Type,Phillips,,Color,Yellow,,,,,,,,,,,,,,,,,,,,,,,,,,,,,,,,,,,,,,,,,,,,,,,,,,,,,,,,,,,,,,,,,,,,,,,,,,,,,,,,,,,,,,,,,,,,,,,,,,,,,,,,,,,,,,,,,,,,,,,,,,,,,,,,,,,,,,,,,,,,,,,,,,27111903,,,,,,,,,,,,,,,,,,,70%,No
,,,,,,,Power Tools,Drill Bits,,,DSQ12B,"DSQ12B 2"" #1 Square Drive Bit",,,Diablo,Freud Inc (2435),Freud Inc,Diablo®,Diablo®,DSQ12B,,Power Tools>Drill Bits,"Freud Inc, Diablo, Driver Bit, 1 Series, DSQ12B, Thread Size=1",DRIVER BIT,DIABLO 1 DSQ12B Driver Bit,"DIABLO, Driver Bit, 1",1 Driver Bit,"Discover the Diablo® Driver Bit, engineered for outstanding performance and lasting durability. With a focus on quality and efficiency, this Driver Bit is the perfect addition to any modern home.",,,,,,,,,,,,,,,,,,,,,,,,Driver Bit,,Driver Bit,Thread Size,1,,Color,Yellow,,,,,,,,,,,,,,,,,,,,,,,,,,,,,,,,,,,,,,,,,,,,,,,,,,,,,,,,,,,,,,,,,,,,,,,,,,,,,,,,,,,,,,,,,,,,,,,,,,,,,,,,,,,,,,,,,,,,,,,,,,,,,,,,,,,,,,,,,,,,,,,,,,,,,27111903,,,,,,,,,,,,,,,,,,,65%,No
,,,,,,,Power Tools,Drill Bits,,,DSQ22B,"DSQ22B 2"" #2 Square Drive Bit",,,Diablo,Freud Inc (2435),Freud Inc,Diablo®,Diablo®,DSQ22B,,Power Tools>Drill Bits,"Freud Inc, Diablo, Driver Bit, 2 Series, DSQ22B, Thread Size=2",DRIVER BIT,DIABLO 2 DSQ22B Driver Bit,"DIABLO, Driver Bit, 2",2 Driver Bit,"Discover the Diablo® Driver Bit, engineered for outstanding performance and lasting durability. With a focus on quality and efficiency, this Driver Bit is the perfect addition to any modern home.",,,,,,,,,,,,,,,,,,,,,,,,Driver Bit,,Driver Bit,Thread Size,2,,Color,Yellow,,,,,,,,,,,,,,,,,,,,,,,,,,,,,,,,,,,,,,,,,,,,,,,,,,,,,,,,,,,,,,,,,,,,,,,,,,,,,,,,,,,,,,,,,,,,,,,,,,,,,,,,,,,,,,,,,,,,,,,,,,,,,,,,,,,,,,,,,,,,,,,,,,,,,27111903,,,,,,,,,,,,,,,,,,,65%,No
,,,,,,,Power Tools,Drill Bits,,,DSQ26B,"DSQ26B 6"" #2 Square Drive Bit",,,Diablo,Freud Inc (2435),Freud Inc,Diablo®,Diablo®,DSQ26B,,Power Tools>Drill Bits,"Freud Inc, Diablo, Driver Bit, 2 Series, DSQ26B, Thread Size=2",DRIVER BIT,DIABLO 2 DSQ26B Driver Bit,"DIABLO, Driver Bit, 2",2 Driver Bit,"Discover the Diablo® Driver Bit, engineered for outstanding performance and lasting durability. With a focus on quality and efficiency, this Driver Bit is the perfect addition to any modern home.",,,,,,,,,,,,,,,,,,,,,,,,Driver Bit,,Driver Bit,Thread Size,2,,Color,Yellow,,,,,,,,,,,,,,,,,,,,,,,,,,,,,,,,,,,,,,,,,,,,,,,,,,,,,,,,,,,,,,,,,,,,,,,,,,,,,,,,,,,,,,,,,,,,,,,,,,,,,,,,,,,,,,,,,,,,,,,,,,,,,,,,,,,,,,,,,,,,,,,,,,,,,27111903,,,,,,,,,,,,,,,,,,,65%,No
,,,,,,,Power Tools,Drill Bits,,,DSQ32B,"DSQ32B 2"" #3 Square Drive Bit",,,Diablo,Freud Inc (2435),Freud Inc,Diablo®,Diablo®,DSQ32B,,Power Tools>Drill Bits,"Freud Inc, Diablo, Driver Bit, 3 Series, DSQ32B, Thread Size=3",DRIVER BIT,DIABLO 3 DSQ32B Driver Bit,"DIABLO, Driver Bit, 3",3 Driver Bit,"Discover the Diablo® Driver Bit, engineered for outstanding performance and lasting durability. With a focus on quality and efficiency, this Driver Bit is the perfect addition to any modern home.",,,,,,,,,,,,,,,,,,,,,,,,Driver Bit,,Driver Bit,Thread Size,3,,Color,Yellow,,,,,,,,,,,,,,,,,,,,,,,,,,,,,,,,,,,,,,,,,,,,,,,,,,,,,,,,,,,,,,,,,,,,,,,,,,,,,,,,,,,,,,,,,,,,,,,,,,,,,,,,,,,,,,,,,,,,,,,,,,,,,,,,,,,,,,,,,,,,,,,,,,,,,27111903,,,,,,,,,,,,,,,,,,,65%,No
,,,,,,,Power Tools,Drill Bits,,,DT102B,"DT102B 2"" #10 Torx Drive Bit",,,Diablo,Freud Inc (2435),Freud Inc,Diablo®,Diablo®,DT102B,,Power Tools>Drill Bits,"Freud Inc, Diablo, Driver Bit, 10 Series, DT102B, Thread Size=10, Head Type=Torx",DRIVER BIT,DIABLO 10 DT102B Driver Bit,"DIABLO, Driver Bit, 10",10 Driver Bit,"Discover the Diablo® Driver Bit, engineered for outstanding performance and lasting durability. With a focus on quality and efficiency, this Driver Bit is the perfect addition to any modern home.",,,,,,,,,,,,,,,,,,,,,,,,Driver Bit,,Driver Bit,Thread Size,10,,Head Type,Torx,,Color,Yellow,,,,,,,,,,,,,,,,,,,,,,,,,,,,,,,,,,,,,,,,,,,,,,,,,,,,,,,,,,,,,,,,,,,,,,,,,,,,,,,,,,,,,,,,,,,,,,,,,,,,,,,,,,,,,,,,,,,,,,,,,,,,,,,,,,,,,,,,,,,,,,,,,,27111903,,,,,,,,,,,,,,,,,,,70%,No
,,,,,,,Power Tools,Drill Bits,,,DT152B,"DT152B 2"" #15 Torx Drive Bit",,,Diablo,Freud Inc (2435),Freud Inc,Diablo®,Diablo®,DT152B,,Power Tools>Drill Bits,"Freud Inc, Diablo, Driver Bit, 15 Series, DT152B, Thread Size=15, Head Type=Torx",DRIVER BIT,DIABLO 15 DT152B Driver Bit,"DIABLO, Driver Bit, 15",15 Driver Bit,"Discover the Diablo® Driver Bit, engineered for outstanding performance and lasting durability. With a focus on quality and efficiency, this Driver Bit is the perfect addition to any modern home.",,,,,,,,,,,,,,,,,,,,,,,,Driver Bit,,Driver Bit,Thread Size,15,,Head Type,Torx,,Color,Yellow,,,,,,,,,,,,,,,,,,,,,,,,,,,,,,,,,,,,,,,,,,,,,,,,,,,,,,,,,,,,,,,,,,,,,,,,,,,,,,,,,,,,,,,,,,,,,,,,,,,,,,,,,,,,,,,,,,,,,,,,,,,,,,,,,,,,,,,,,,,,,,,,,,27111903,,,,,,,,,,,,,,,,,,,70%,No
,,,,,,,Power Tools,Drill Bits,,,DT1535B,"DT1535B 3-1/2"" #15 Torx Drive - Bit",,,Diablo,Freud Inc (2435),Freud Inc,Diablo®,Diablo®,DT1535B,,Power Tools>Drill Bits,"Freud Inc, Diablo, Torx Bit, 15 Series, DT1535B, Thread Size=15, Head Type=Torx",TORX BIT,DIABLO 15 DT1535B Torx Bit,"DIABLO, Torx Bit, 15",15 Torx Bit,"Discover the Diablo® Torx Bit, engineered for outstanding performance and lasting durability. With a focus on quality and efficiency, this Torx Bit is the perfect addition to any modern home.",,,,,,,,,,,,,,,,,,,,,,,,Torx Bit,,Torx Bit,Thread Size,15,,Head Type,Torx,,Color,Yellow,,,,,,,,,,,,,,,,,,,,,,,,,,,,,,,,,,,,,,,,,,,,,,,,,,,,,,,,,,,,,,,,,,,,,,,,,,,,,,,,,,,,,,,,,,,,,,,,,,,,,,,,,,,,,,,,,,,,,,,,,,,,,,,,,,,,,,,,,,,,,,,,,,27111903,,,,,,,,,,,,,,,,,,,70%,No
,,,,,,,Power Tools,Drill Bits,,,DT202B,"DT202B 2"" #20 Torx Drive Bit",,,Diablo,Freud Inc (2435),Freud Inc,Diablo®,Diablo®,DT202B,,Power Tools>Drill Bits,"Freud Inc, Diablo, Driver Bit, 20 Series, DT202B, Thread Size=20, Head Type=Torx",DRIVER BIT,DIABLO 20 DT202B Driver Bit,"DIABLO, Driver Bit, 20",20 Driver Bit,"Discover the Diablo® Driver Bit, engineered for outstanding performance and lasting durability. With a focus on quality and efficiency, this Driver Bit is the perfect addition to any modern home.",,,,,,,,,,,,,,,,,,,,,,,,Driver Bit,,Driver Bit,Thread Size,20,,Head Type,Torx,,Color,Yellow,,,,,,,,,,,,,,,,,,,,,,,,,,,,,,,,,,,,,,,,,,,,,,,,,,,,,,,,,,,,,,,,,,,,,,,,,,,,,,,,,,,,,,,,,,,,,,,,,,,,,,,,,,,,,,,,,,,,,,,,,,,,,,,,,,,,,,,,,,,,,,,,,,27111903,,,,,,,,,,,,,,,,,,,70%,No
,,,,,,,Power Tools,Drill Bits,,,DT2035B,"DT2035B 3-1/2"" #20 Torx Drive - Bit",,,Diablo,Freud Inc (2435),Freud Inc,Diablo®,Diablo®,DT2035B,,Power Tools>Drill Bits,"Freud Inc, Diablo, Torx Bit, 20 Series, DT2035B, Thread Size=20, Head Type=Torx",TORX BIT,DIABLO 20 DT2035B Torx Bit,"DIABLO, Torx Bit, 20",20 Torx Bit,"Discover the Diablo® Torx Bit, engineered for outstanding performance and lasting durability. With a focus on quality and efficiency, this Torx Bit is the perfect addition to any modern home.",,,,,,,,,,,,,,,,,,,,,,,,Torx Bit,,Torx Bit,Thread Size,20,,Head Type,Torx,,Color,Yellow,,,,,,,,,,,,,,,,,,,,,,,,,,,,,,,,,,,,,,,,,,,,,,,,,,,,,,,,,,,,,,,,,,,,,,,,,,,,,,,,,,,,,,,,,,,,,,,,,,,,,,,,,,,,,,,,,,,,,,,,,,,,,,,,,,,,,,,,,,,,,,,,,,27111903,,,,,,,,,,,,,,,,,,,70%,No
,,,,,,,Power Tools,Drill Bits,,,DT206B,"DT206B 6"" #20 Torx Drive Bit",,,Diablo,Freud Inc (2435),Freud Inc,Diablo®,Diablo®,DT206B,,Power Tools>Drill Bits,"Freud Inc, Diablo, Driver Bit, 20 Series, DT206B, Thread Size=20, Head Type=Torx",DRIVER BIT,DIABLO 20 DT206B Driver Bit,"DIABLO, Driver Bit, 20",20 Driver Bit,"Discover the Diablo® Driver Bit, engineered for outstanding performance and lasting durability. With a focus on quality and efficiency, this Driver Bit is the perfect addition to any modern home.",,,,,,,,,,,,,,,,,,,,,,,,Driver Bit,,Driver Bit,Thread Size,20,,Head Type,Torx,,Color,Yellow,,,,,,,,,,,,,,,,,,,,,,,,,,,,,,,,,,,,,,,,,,,,,,,,,,,,,,,,,,,,,,,,,,,,,,,,,,,,,,,,,,,,,,,,,,,,,,,,,,,,,,,,,,,,,,,,,,,,,,,,,,,,,,,,,,,,,,,,,,,,,,,,,,27111903,,,,,,,,,,,,,,,,,,,70%,No
,,,,,,,Power Tools,Drill Bits,,,DT252B,"DT252B 2"" #25 Trox Drive Bit",,,Diablo,Freud Inc (2435),Freud Inc,Diablo®,Diablo®,DT252B,,Power Tools>Drill Bits,"Freud Inc, Diablo, Driver Bit, 25 Series, DT252B, Thread Size=25",DRIVER BIT,DIABLO 25 DT252B Driver Bit,"DIABLO, Driver Bit, 25",25 Driver Bit,"Discover the Diablo® Driver Bit, engineered for outstanding performance and lasting durability. With a focus on quality and efficiency, this Driver Bit is the perfect addition to any modern home.",,,,,,,,,,,,,,,,,,,,,,,,Driver Bit,,Driver Bit,Thread Size,25,,Color,Yellow,,,,,,,,,,,,,,,,,,,,,,,,,,,,,,,,,,,,,,,,,,,,,,,,,,,,,,,,,,,,,,,,,,,,,,,,,,,,,,,,,,,,,,,,,,,,,,,,,,,,,,,,,,,,,,,,,,,,,,,,,,,,,,,,,,,,,,,,,,,,,,,,,,,,,27111903,,,,,,,,,,,,,,,,,,,65%,No
,,,,,,,Power Tools,Drill Bits,,,DT2535B,"DT2535B 3-1/4"" #25 Torx Drive - Bit",,,Diablo,Freud Inc (2435),Freud Inc,Diablo®,Diablo®,DT2535B,,Power Tools>Drill Bits,"Freud Inc, Diablo, Torx Bit, 25 Series, DT2535B, Thread Size=25, Head Type=Torx",TORX BIT,DIABLO 25 DT2535B Torx Bit,"DIABLO, Torx Bit, 25",25 Torx Bit,"Discover the Diablo® Torx Bit, engineered for outstanding performance and lasting durability. With a focus on quality and efficiency, this Torx Bit is the perfect addition to any modern home.",,,,,,,,,,,,,,,,,,,,,,,,Torx Bit,,Torx Bit,Thread Size,25,,Head Type,Torx,,Color,Yellow,,,,,,,,,,,,,,,,,,,,,,,,,,,,,,,,,,,,,,,,,,,,,,,,,,,,,,,,,,,,,,,,,,,,,,,,,,,,,,,,,,,,,,,,,,,,,,,,,,,,,,,,,,,,,,,,,,,,,,,,,,,,,,,,,,,,,,,,,,,,,,,,,,27111903,,,,,,,,,,,,,,,,,,,70%,No
,,,,,,,Power Tools,Drill Bits,,,DT256B,"DT256B 6"" #25 Torx Drive Bit",,,Diablo,Freud Inc (2435),Freud Inc,Diablo®,Diablo®,DT256B,,Power Tools>Drill Bits,"Freud Inc, Diablo, Driver Bit, 25 Series, DT256B, Thread Size=25, Head Type=Torx",DRIVER BIT,DIABLO 25 DT256B Driver Bit,"DIABLO, Driver Bit, 25",25 Driver Bit,"Discover the Diablo® Driver Bit, engineered for outstanding performance and lasting durability. With a focus on quality and efficiency, this Driver Bit is the perfect addition to any modern home.",,,,,,,,,,,,,,,,,,,,,,,,Driver Bit,,Driver Bit,Thread Size,25,,Head Type,Torx,,Color,Yellow,,,,,,,,,,,,,,,,,,,,,,,,,,,,,,,,,,,,,,,,,,,,,,,,,,,,,,,,,,,,,,,,,,,,,,,,,,,,,,,,,,,,,,,,,,,,,,,,,,,,,,,,,,,,,,,,,,,,,,,,,,,,,,,,,,,,,,,,,,,,,,,,,,27111903,,,,,,,,,,,,,,,,,,,70%,No
,,,,,,,Power Tools,Drill Bits,,,DT302B,"DT302B 2"" #30 Torx Drive Bit",,,Diablo,Freud Inc (2435),Freud Inc,Diablo®,Diablo®,DT302B,,Power Tools>Drill Bits,"Freud Inc, Diablo, Driver Bit, 30 Series, DT302B, Thread Size=30, Head Type=Torx",DRIVER BIT,DIABLO 30 DT302B Driver Bit,"DIABLO, Driver Bit, 30",30 Driver Bit,"Discover the Diablo® Driver Bit, engineered for outstanding performance and lasting durability. With a focus on quality and efficiency, this Driver Bit is the perfect addition to any modern home.",,,,,,,,,,,,,,,,,,,,,,,,Driver Bit,,Driver Bit,Thread Size,30,,Head Type,Torx,,Color,Yellow,,,,,,,,,,,,,,,,,,,,,,,,,,,,,,,,,,,,,,,,,,,,,,,,,,,,,,,,,,,,,,,,,,,,,,,,,,,,,,,,,,,,,,,,,,,,,,,,,,,,,,,,,,,,,,,,,,,,,,,,,,,,,,,,,,,,,,,,,,,,,,,,,,27111903,,,,,,,,,,,,,,,,,,,70%,No
,,,,,,,Power Tools,Drill Bits,,,DT402B,"DT402B 2"" #40 Torx Drive Bit",,,Diablo,Freud Inc (2435),Freud Inc,Diablo®,Diablo®,DT402B,,Power Tools>Drill Bits,"Freud Inc, Diablo, Driver Bit, 40 Series, DT402B, Thread Size=40, Head Type=Torx",DRIVER BIT,DIABLO 40 DT402B Driver Bit,"DIABLO, Driver Bit, 40",40 Driver Bit,"Discover the Diablo® Driver Bit, engineered for outstanding performance and lasting durability. With a focus on quality and efficiency, this Driver Bit is the perfect addition to any modern home.",,,,,,,,,,,,,,,,,,,,,,,,Driver Bit,,Driver Bit,Thread Size,40,,Head Type,Torx,,Color,Yellow,,,,,,,,,,,,,,,,,,,,,,,,,,,,,,,,,,,,,,,,,,,,,,,,,,,,,,,,,,,,,,,,,,,,,,,,,,,,,,,,,,,,,,,,,,,,,,,,,,,,,,,,,,,,,,,,,,,,,,,,,,,,,,,,,,,,,,,,,,,,,,,,,,27111903,,,,,,,,,,,,,,,,,,,70%,No
,,,,,,,Fasteners,Screws,Drywall,,DDWSSB,DDWSSB #2 Drywall Screw Setter,,,Diablo,Freud Inc (2435),Freud Inc,Diablo®,Diablo®,DDWSSB,,Fasteners>Screws>Drywall,"Freud Inc, Diablo, Drywall Screw, 2 Series, DDWSSB, Thread=2, Material=Drywall",DRYWALL SCRE DRYWAL,DIABLO 2 DDWSSB Drywall Screw,"DIABLO, Drywall Screw, 2",2 Drywall Screw,"Discover the Diablo® Drywall Screw, engineered for outstanding performance and lasting durability. With a focus on quality and efficiency, this Drywall Screw is the perfect addition to any modern home.",,,,,,,,,,,,,,,,,,,,,,,,Drywall Screw,,Drywall Screw,Thread,2,,Material,Drywall,,Thread Size,2,,Color,Yellow,,,,,,,,,,,,,,,,,,,,,,,,,,,,,,,,,,,,,,,,,,,,,,,,,,,,,,,,,,,,,,,,,,,,,,,,,,,,,,,,,,,,,,,,,,,,,,,,,,,,,,,,,,,,,,,,,,,,,,,,,,,,,,,,,,,,,,,,,,,,,,,31161706,,,,,,,,,,,,,,,,,,,80%,No
,,,,,,,Power Tools,Drill Bits,,,191V02-0,191V02-0 Makita #2 Phillips Bit 5pk,,,,Makita Usa Inc (5142),Makita USA,Makita®,Makita®,191V02-0,,Power Tools>Drill Bits,"Makita USA, Makita, Phillips Bit, 2 Series, 191V02-0, Voltage=191, Thread Size=2",PHILLIPS BIT 191V,MAKITA 2 191V02-0 Phillips Bit,"MAKITA, Phillips Bit, 2, 191 Voltage",2 Phillips Bit,"Discover the Makita® Phillips Bit, engineered for outstanding performance and lasting durability. With a focus on quality and efficiency, this Phillips Bit is the perfect addition to any modern home.",,,,,,,,,,,,,,,,,,,,,,,,Phillips Bit,,Phillips Bit,Voltage,191,V,Thread Size,2,,Head Type,Phillips,,Voltage Rating,191,,Color,Yellow,,,,,,,,,,,,,,,,,,,,,,,,,,,,,,,,,,,,,,,,,,,,,,,,,,,,,,,,,,,,,,,,,,,,,,,,,,,,,,,,,,,,,,,,,,,,,,,,,,,,,,,,,,,,,,,,,,,,,,,,,,,,,,,,,,,,,,,,,,,,27111903,,,,,,,,,,,,,,,,,,,75%,No
,,,,,,,Power Tools,Nailers,Staplers,,XTS02Z,"XTS02Z Makita 18V 1/4"" Narrow Crown Stapler 18GA",,,,Makita Usa Inc (5142),Makita USA,Makita®,Makita®,XTS02Z,,Power Tools>Nailers>Staplers,"Makita USA, Makita, Stapler, XTS02Z, Voltage=18, Cordless=18V, Gauge=18",STAPLER 18V,MAKITA XTS02Z Stapler,"MAKITA, Stapler, 18 Voltage",Stapler,"Discover the Makita® Stapler, engineered for outstanding performance and lasting durability. With a focus on quality and efficiency, this Stapler is the perfect addition to any modern home.",,,,,,,,,,,,,,,,,,,,,,,,Stapler,,Stapler,Voltage,18,V,Cordless,18V,,Gauge,18,,Voltage Rating,18,,Color,Yellow,,,,,,,,,,,,,,,,,,,,,,,,,,,,,,,,,,,,,,,,,,,,,,,,,,,,,,,,,,,,,,,,,,,,,,,,,,,,,,,,,,,,,,,,,,,,,,,,,,,,,,,,,,,,,,,,,,,,,,,,,,,,,,,,,,,,,,,,,,,,27112104,,,,,,,,,,,,,,,,,,,85%,No
,,,,,,,Power Tools,Drivers,Impact Drivers,,DCF809D1,"DCF809D1 Dewalt Atomic 20V 1/4"" Impact Driver Kit",,,DEWALT,Black & Decker/dewlt (2585),Black & Decker/dewlt,DeWalt®,DeWalt®,DCF809D1,,Power Tools>Drivers>Impact Drivers,"Black & Decker/dewlt, DeWalt, Impact Driver, DCF809D1, Voltage=20, Cordless=20V",IMPACT DRIVE 20V,DEWALT DCF809D1 Impact Driver,"DEWALT, Impact Driver, 20 Voltage",Impact Driver,"Discover the DeWalt® Impact Driver, engineered for outstanding performance and lasting durability. With a focus on quality and efficiency, this Impact Driver is the perfect addition to any modern home.",,,,,,,,,,,,,,,,,,,,,,,,Impact Driver,,Impact Driver,Voltage,20,V,Cordless,20V,,Pack Type,Kit,,Voltage Rating,20,,Color,Yellow,,,,,,,,,,,,,,,,,,,,,,,,,,,,,,,,,,,,,,,,,,,,,,,,,,,,,,,,,,,,,,,,,,,,,,,,,,,,,,,,,,,,,,,,,,,,,,,,,,,,,,,,,,,,,,,,,,,,,,,,,,,,,,,,,,,,,,,,,,,,27111902,,,,,,,,,,,,,,,,,,,85%,No
,,,,,,,Power Tools,Drivers,,,2761-20,"2761-20 Milw M18 1/4"" Hex Hydraulic Driver",,,,Milwaukee Accessory (4031),Milwaukee Accessory,Milwaukee®,Milwaukee®,2761-20,,Power Tools>Drivers,"Milwaukee Accessory, Milwaukee, 2761-20, Cordless=M18, Head Type=Hex",2761-20 MILW M18 1/4  HEX HYDRAULIC DRIV,MILWAUKEE 2761-20,MILWAUKEE,,"Discover the Milwaukee® product, engineered for outstanding performance and lasting durability. With a focus on quality and efficiency, this product is the perfect addition to any modern home.",,,,,,,,,,,,,,,,,,,,,,,,,,,Cordless,M18,,Head Type,Hex,,Color,Yellow,,,,,,,,,,,,,,,,,,,,,,,,,,,,,,,,,,,,,,,,,,,,,,,,,,,,,,,,,,,,,,,,,,,,,,,,,,,,,,,,,,,,,,,,,,,,,,,,,,,,,,,,,,,,,,,,,,,,,,,,,,,,,,,,,,,,,,,,,,,,,,,,,,27111902,,,,,,,,,,,,,,,,,,,70%,No
,,,,,,,Power Tools,,,,2761-22,2761-22 Milw M18 Surge Kit,,,,Milwaukee Accessory (4031),GE Appliances,GE®,GE®,2761-22,,Power Tools,"GE Appliances, GE, 2761-22, Cordless=M18, Pack Type=Kit, Milw M18 Surge Kit",2761-22 MILW M18 SURGE KIT YELLOW,GE 2761-22,GE,,"Discover the GE® product, engineered for outstanding performance and lasting durability. With a focus on quality and efficiency, this product is the perfect addition to any modern home.",,,,,,,,,,,,,,,,,,,,,,,,,,,Cordless,M18,,Pack Type,Kit,,Color,Yellow,,,,,,,,,,,,,,,,,,,,,,,,,,,,,,,,,,,,,,,,,,,,,,,,,,,,,,,,,,,,,,,,,,,,,,,,,,,,,,,,,,,,,,,,,,,,,,,,,,,,,,,,,,,,,,,,,,,,,,,,,,,,,,,,,,,,,,,,,,,,,,,,,,27111901,,,,,,,,,,,,,,,,,,,60%,No
,,,,,,,Power Tools,Drivers,Impact Drivers,,3450-20,3450-20 Milw M12 Impact Driver - Brushless Compact (Bare),,,,Milwaukee Accessory (4031),Masco Corporation,Delta®,Delta®,3450-20,,Power Tools>Drivers>Impact Drivers,"Masco Corporation, Delta, Impact Driver, 3450-20, Cordless=M12",IMPACT DRIVE,DELTA 3450-20 Impact Driver With Brushless,"DELTA, Impact Driver, With Brushless","Impact Driver, Brushless","Upgrade your home with the Delta® Impact Driver, designed to deliver exceptional performance and reliability. Featuring Brushless, this Impact Driver combines innovative technology with sleek design to meet your everyday needs.",Brushless,,,,,,,,,,,,,,,,,,,,With Brushless,,,Impact Driver,,Impact Driver,Cordless,M12,,Motor Type,Brushless,,Color,Yellow,,Feature,Brushless,,,,,,,,,,,,,,,,,,,,,,,,,,,,,,,,,,,,,,,,,,,,,,,,,,,,,,,,,,,,,,,,,,,,,,,,,,,,,,,,,,,,,,,,,,,,,,,,,,,,,,,,,,,,,,,,,,,,,,,,,,,,,,,,,,,,,,,,,,,,,,,27111902,,,,,,,,,,,,,,,,,,,70%,No
,,,,,,,Power Tools,Drivers,Impact Drivers,,KPTDV025A,KPTDV025A Kreg 20V Ionic Compact Impact Driver,,,,Kreg Tool Company (KRETO),Kreg Tool Company,Kreg®,Kreg®,KPTDV025A,,Power Tools>Drivers>Impact Drivers,"Kreg Tool Company, Kreg, Impact Driver, KPTDV025A, Voltage=20, Amperage=025",IMPACT DRIVE 20V,KREG KPTDV025A Impact Driver,"KREG, Impact Driver, 20 Voltage, 025 Amperage",Impact Driver,"Discover the Kreg® Impact Driver, engineered for outstanding performance and lasting durability. With a focus on quality and efficiency, this Impact Driver is the perfect addition to any modern home.",,,,,,,,,,,,,,,,,,,,,,,,Impact Driver,,Impact Driver,Voltage,20,V,Amperage,025,A,Cordless,20V,,Voltage Rating,20,,Amperage Rating,025,,Color,Yellow,,,,,,,,,,,,,,,,,,,,,,,,,,,,,,,,,,,,,,,,,,,,,,,,,,,,,,,,,,,,,,,,,,,,,,,,,,,,,,,,,,,,,,,,,,,,,,,,,,,,,,,,,,,,,,,,,,,,,,,,,,,,,,,,,,,,,,,,,27111902,,,,,,,,,,,,,,,,,,,75%,No
,,,,,,,Power Tools,Wrenches,Impact Wrenches,,3048-20,"3048-20 Milw M12 1/4"" Impact Wrench w/Friction Ring",,,,Milwaukee Accessory (4031),Channellock Inc,Channellock®,Channellock®,3048-20,,Power Tools>Wrenches>Impact Wrenches,"Channellock Inc, Channellock, Impact Wrench, 3048-20, Cordless=M12",IMPACT WRENC,CHANNELLOCK 3048-20 Impact Wrench,"CHANNELLOCK, Impact Wrench",Impact Wrench,"Discover the Channellock® Impact Wrench, engineered for outstanding performance and lasting durability. With a focus on quality and efficiency, this Impact Wrench is the perfect addition to any modern home.",,,,,,,,,,,,,,,,,,,,,,,,Impact Wrench,,Impact Wrench,Cordless,M12,,Color,Yellow,,,,,,,,,,,,,,,,,,,,,,,,,,,,,,,,,,,,,,,,,,,,,,,,,,,,,,,,,,,,,,,,,,,,,,,,,,,,,,,,,,,,,,,,,,,,,,,,,,,,,,,,,,,,,,,,,,,,,,,,,,,,,,,,,,,,,,,,,,,,,,,,,,,,,27111507,,,,,,,,,,,,,,,,,,,75%,No
,,,,,,,Power Tools,Wrenches,Impact Wrenches,,3049-20,"3049-20 Milw M12 3/8"" Impact Wrench w/Friction Ring",,,,Milwaukee Accessory (4031),Channellock Inc,Channellock®,Channellock®,3049-20,,Power Tools>Wrenches>Impact Wrenches,"Channellock Inc, Channellock, Impact Wrench, 3049-20, Cordless=M12",IMPACT WRENC,CHANNELLOCK 3049-20 Impact Wrench,"CHANNELLOCK, Impact Wrench",Impact Wrench,"Discover the Channellock® Impact Wrench, engineered for outstanding performance and lasting durability. With a focus on quality and efficiency, this Impact Wrench is the perfect addition to any modern home.",,,,,,,,,,,,,,,,,,,,,,,,Impact Wrench,,Impact Wrench,Cordless,M12,,Color,Yellow,,,,,,,,,,,,,,,,,,,,,,,,,,,,,,,,,,,,,,,,,,,,,,,,,,,,,,,,,,,,,,,,,,,,,,,,,,,,,,,,,,,,,,,,,,,,,,,,,,,,,,,,,,,,,,,,,,,,,,,,,,,,,,,,,,,,,,,,,,,,,,,,,,,,,27111507,,,,,,,,,,,,,,,,,,,75%,No
,,,,,,,Power Tools,Wrenches,Impact Wrenches,,2563-20,"2563-20 Milw M12 Stubby 1/2"" Impact Wrench",,,,Milwaukee Accessory (4031),Signify North America,Philips®,Philips®,2563-20,,Power Tools>Wrenches>Impact Wrenches,"Signify North America, Philips, Impact Wrench, 2563-20, Cordless=M12",IMPACT WRENC,PHILIPS 2563-20 Impact Wrench,"PHILIPS, Impact Wrench",Impact Wrench,"Discover the Philips® Impact Wrench, engineered for outstanding performance and lasting durability. With a focus on quality and efficiency, this Impact Wrench is the perfect addition to any modern home.",,,,,,,,,,,,,,,,,,,,,,,,Impact Wrench,,Impact Wrench,Cordless,M12,,Color,Yellow,,,,,,,,,,,,,,,,,,,,,,,,,,,,,,,,,,,,,,,,,,,,,,,,,,,,,,,,,,,,,,,,,,,,,,,,,,,,,,,,,,,,,,,,,,,,,,,,,,,,,,,,,,,,,,,,,,,,,,,,,,,,,,,,,,,,,,,,,,,,,,,,,,,,,27111507,,,,,,,,,,,,,,,,,,,75%,No
,,,,,,,Power Tools,Impact Drivers,,,DCF961B,"Dewalt DCF961B 20V 1/2"" Impact - Bare Tool",,,DEWALT,Black & Decker/dewlt (2585),Black & Decker/dewlt,DeWalt®,DeWalt®,DCF961B,,Power Tools>Impact Drivers,"Black & Decker/dewlt, DeWalt, DCF961B, Voltage=20, Cordless=20V",20V YELLOW,DEWALT DCF961B,"DEWALT, 20 Voltage",,"Discover the DeWalt® product, engineered for outstanding performance and lasting durability. With a focus on quality and efficiency, this product is the perfect addition to any modern home.",,,,,,,,,,,,,,,,,,,,,,,,,,,Voltage,20,V,Cordless,20V,,Voltage Rating,20,,Color,Yellow,,,,,,,,,,,,,,,,,,,,,,,,,,,,,,,,,,,,,,,,,,,,,,,,,,,,,,,,,,,,,,,,,,,,,,,,,,,,,,,,,,,,,,,,,,,,,,,,,,,,,,,,,,,,,,,,,,,,,,,,,,,,,,,,,,,,,,,,,,,,,,,27111902,,,,,,,,,,,,,,,,,,,70%,No
,,,,,,,Hand Tools,Wrenches,,,DCF964B,"DCF964B Dewalt 20V 3/4"" Impact - Wrench (Bare)",,,DEWALT,Black & Decker/dewlt (2585),Black & Decker/dewlt,DeWalt®,DeWalt®,DCF964B,,Hand Tools>Wrenches,"Black & Decker/dewlt, DeWalt, Wrench, DCF964B, Voltage=20, Cordless=20V",WRENCH 20V,DEWALT DCF964B Wrench,"DEWALT, Wrench, 20 Voltage",Wrench,"Discover the DeWalt® Wrench, engineered for outstanding performance and lasting durability. With a focus on quality and efficiency, this Wrench is the perfect addition to any modern home.",,,,,,,,,,,,,,,,,,,,,,,,Wrench,,Wrench,Voltage,20,V,Cordless,20V,,Voltage Rating,20,,Color,Yellow,,,,,,,,,,,,,,,,,,,,,,,,,,,,,,,,,,,,,,,,,,,,,,,,,,,,,,,,,,,,,,,,,,,,,,,,,,,,,,,,,,,,,,,,,,,,,,,,,,,,,,,,,,,,,,,,,,,,,,,,,,,,,,,,,,,,,,,,,,,,,,,27111500,,,,,,,,,,,,,,,,,,,70%,No
,,,,,,,Power Tools,Wrenches,Impact Wrenches,,2563P-20,"2563P-20 Milw M12 1/2"" Stubby - Impact Wrench w/Pin Detent",,,,Milwaukee Accessory (4031),Signify North America,Philips®,Philips®,2563P-20,,Power Tools>Wrenches>Impact Wrenches,"Signify North America, Philips, Impact Wrench, 2563P-20, Cordless=M12",IMPACT WRENC,PHILIPS 2563P-20 Impact Wrench,"PHILIPS, Impact Wrench",Impact Wrench,"Discover the Philips® Impact Wrench, engineered for outstanding performance and lasting durability. With a focus on quality and efficiency, this Impact Wrench is the perfect addition to any modern home.",,,,,,,,,,,,,,,,,,,,,,,,Impact Wrench,,Impact Wrench,Cordless,M12,,Color,Yellow,,,,,,,,,,,,,,,,,,,,,,,,,,,,,,,,,,,,,,,,,,,,,,,,,,,,,,,,,,,,,,,,,,,,,,,,,,,,,,,,,,,,,,,,,,,,,,,,,,,,,,,,,,,,,,,,,,,,,,,,,,,,,,,,,,,,,,,,,,,,,,,,,,,,,27111507,,,,,,,,,,,,,,,,,,,75%,No
,,,,,,,Power Tools,Impact Drivers,,,DCF921P2,DCF921P2 Dewalt 20V 1/2 Impact,,,,Black & Decker/dewlt (2585),DeWalt Industrial Tool,DeWalt®,DeWalt®,DCF921P2,,Power Tools>Impact Drivers,"DeWalt Industrial Tool, DeWalt, DCF921P2, Voltage=20, Cordless=20V",20V P2 YELLOW,DEWALT DCF921P2,"DEWALT, 20 Voltage",,"Discover the DeWalt® product, engineered for outstanding performance and lasting durability. With a focus on quality and efficiency, this product is the perfect addition to any modern home.",,,,,,,,,,,,,,,,,,,,,,,,,,,Voltage,20,V,Cordless,20V,,Voltage Rating,20,,Color,Yellow,,,,,,,,,,,,,,,,,,,,,,,,,,,,,,,,,,,,,,,,,,,,,,,,,,,,,,,,,,,,,,,,,,,,,,,,,,,,,,,,,,,,,,,,,,,,,,,,,,,,,,,,,,,,,,,,,,,,,,,,,,,,,,,,,,,,,,,,,,,,,,,27111902,,,,,,,,,,,,,,,,,,,70%,No
,,,,,,,Power Tools,Impact Drivers,,,XLT03Z,"XLT03Z Makita 3/8"" 18V Angle Impact",,,,Makita Usa Inc (5142),Makita USA,Makita®,Makita®,XLT03Z,,Power Tools>Impact Drivers,"Makita USA, Makita, XLT03Z, Voltage=18, Cordless=18V",18V YELLOW,MAKITA XLT03Z,"MAKITA, 18 Voltage",,"Discover the Makita® product, engineered for outstanding performance and lasting durability. With a focus on quality and efficiency, this product is the perfect addition to any modern home.",,,,,,,,,,,,,,,,,,,,,,,,,,,Voltage,18,V,Cordless,18V,,Voltage Rating,18,,Color,Yellow,,,,,,,,,,,,,,,,,,,,,,,,,,,,,,,,,,,,,,,,,,,,,,,,,,,,,,,,,,,,,,,,,,,,,,,,,,,,,,,,,,,,,,,,,,,,,,,,,,,,,,,,,,,,,,,,,,,,,,,,,,,,,,,,,,,,,,,,,,,,,,,27111902,,,,,,,,,,,,,,,,,,,63%,No
,,,,,,,Power Tools,Impact Drivers,,,XLT04Z,"XLT04Z Makita 1/4"" 18V Angle Impact",,,,Makita Usa Inc (5142),Makita USA,Makita®,Makita®,XLT04Z,,Power Tools>Impact Drivers,"Makita USA, Makita, XLT04Z, Voltage=18, Cordless=18V",18V YELLOW,MAKITA XLT04Z,"MAKITA, 18 Voltage",,"Discover the Makita® product, engineered for outstanding performance and lasting durability. With a focus on quality and efficiency, this product is the perfect addition to any modern home.",,,,,,,,,,,,,,,,,,,,,,,,,,,Voltage,18,V,Cordless,18V,,Voltage Rating,18,,Color,Yellow,,,,,,,,,,,,,,,,,,,,,,,,,,,,,,,,,,,,,,,,,,,,,,,,,,,,,,,,,,,,,,,,,,,,,,,,,,,,,,,,,,,,,,,,,,,,,,,,,,,,,,,,,,,,,,,,,,,,,,,,,,,,,,,,,,,,,,,,,,,,,,,27111902,,,,,,,,,,,,,,,,,,,63%,No
,,,,,,,Power Tools,Impact Drivers,,,XLT05Z,"XLT05Z Makita 1/2"" 18V Angle Impact",,,,Makita Usa Inc (5142),Makita USA,Makita®,Makita®,XLT05Z,,Power Tools>Impact Drivers,"Makita USA, Makita, XLT05Z, Voltage=18, Cordless=18V",18V YELLOW,MAKITA XLT05Z,"MAKITA, 18 Voltage",,"Discover the Makita® product, engineered for outstanding performance and lasting durability. With a focus on quality and efficiency, this product is the perfect addition to any modern home.",,,,,,,,,,,,,,,,,,,,,,,,,,,Voltage,18,V,Cordless,18V,,Voltage Rating,18,,Color,Yellow,,,,,,,,,,,,,,,,,,,,,,,,,,,,,,,,,,,,,,,,,,,,,,,,,,,,,,,,,,,,,,,,,,,,,,,,,,,,,,,,,,,,,,,,,,,,,,,,,,,,,,,,,,,,,,,,,,,,,,,,,,,,,,,,,,,,,,,,,,,,,,,27111902,,,,,,,,,,,,,,,,,,,63%,No
,,,,,,,Building Materials & Hardscape,,,,DCF510B,Dewalt DCF510B 20V Rachet - Interchangeable Anvil,,,DEWALT,Black & Decker/dewlt (2585),Black & Decker/dewlt,DeWalt®,DeWalt®,DCF510B,,Building Materials & Hardscape,"DeWalt®, Yellow, DCF510B 20V Rachet - Interchangeable Anvil",PRODUCT,DEWALT DCF510B,"DEWALT, 20 Voltage",,"Discover the DeWalt® product, engineered for outstanding performance and lasting durability. With a focus on quality and efficiency, this product is the perfect addition to any modern home.",,,,,,,,,,,,,,,,,,,,,,,,,,,Voltage,20,V,Voltage Rating,20,,Color,Yellow,,,,,,,,,,,,,,,,,,,,,,,,,,,,,,,,,,,,,,,,,,,,,,,,,,,,,,,,,,,,,,,,,,,,,,,,,,,,,,,,,,,,,,,,,,,,,,,,,,,,,,,,,,,,,,,,,,,,,,,,,,,,,,,,,,,,,,,,,,,,,,,,,,30000000,,,,,,,,,,,,,,,,,,Low Confidence,53%,No
,,,,,,,Power Tools,,,,3052-20,"3052-20 Milw M12 Fuel 1/4"" Rachet",,,,Milwaukee Accessory (4031),Channellock Inc,Channellock®,Channellock®,3052-20,,Power Tools,"Channellock Inc, Channellock, 3052-20, Cordless=M12, Milw M12 Fuel 1/4"" Rachet",3052-20 MILW M12 FUEL 1/4  RACHET YELLOW,CHANNELLOCK 3052-20,CHANNELLOCK,,"Discover the Channellock® product, engineered for outstanding performance and lasting durability. With a focus on quality and efficiency, this product is the perfect addition to any modern home.",,,,,,,,,,,,,,,,,,,,,,,,,,,Cordless,M12,,Color,Yellow,,,,,,,,,,,,,,,,,,,,,,,,,,,,,,,,,,,,,,,,,,,,,,,,,,,,,,,,,,,,,,,,,,,,,,,,,,,,,,,,,,,,,,,,,,,,,,,,,,,,,,,,,,,,,,,,,,,,,,,,,,,,,,,,,,,,,,,,,,,,,,,,,,,,,27111901,,,,,,,,,,,,,,,,,,Low Confidence,55%,No
,,,,,,,Hand Tools,Ratchets,,,3054-20,"3054-20 Milw M12 1/2"" Ratchet (Bare)",,,,Milwaukee Accessory (4031),Channellock Inc,Channellock®,Channellock®,3054-20,,Hand Tools>Ratchets,"Channellock Inc, Channellock, Ratchet, 3054-20, Cordless=M12",RATCHET YELLOW,CHANNELLOCK 3054-20 Ratchet,"CHANNELLOCK, Ratchet",Ratchet,"Discover the Channellock® Ratchet, engineered for outstanding performance and lasting durability. With a focus on quality and efficiency, this Ratchet is the perfect addition to any modern home.",,,,,,,,,,,,,,,,,,,,,,,,Ratchet,,Ratchet,Cordless,M12,,Color,Yellow,,,,,,,,,,,,,,,,,,,,,,,,,,,,,,,,,,,,,,,,,,,,,,,,,,,,,,,,,,,,,,,,,,,,,,,,,,,,,,,,,,,,,,,,,,,,,,,,,,,,,,,,,,,,,,,,,,,,,,,,,,,,,,,,,,,,,,,,,,,,,,,,,,,,,27111501,,,,,,,,,,,,,,,,,,,65%,No
,,,,,,,Building Materials & Hardscape,,,,DCF513EB,"DCF513EB Dewalt 3/8"" Open Head Rachet",,,,Black & Decker/dewlt (2585),DeWalt Industrial Tool,DeWalt®,DeWalt®,DCF513EB,,Building Materials & Hardscape,"DeWalt Industrial Tool, DeWalt, DCF513EB, Dewalt 3/8"" Open Head Rachet, Yellow",DCF513EB DEWALT 3/8  OPEN HEAD RACHET,DEWALT DCF513EB,DEWALT,,"Discover the DeWalt® product, engineered for outstanding performance and lasting durability. With a focus on quality and efficiency, this product is the perfect addition to any modern home.",,,,,,,,,,,,,,,,,,,,,,,,,,,Color,Yellow,,,,,,,,,,,,,,,,,,,,,,,,,,,,,,,,,,,,,,,,,,,,,,,,,,,,,,,,,,,,,,,,,,,,,,,,,,,,,,,,,,,,,,,,,,,,,,,,,,,,,,,,,,,,,,,,,,,,,,,,,,,,,,,,,,,,,,,,,,,,,,,,,,,,,,,,30000000,,,,,,,,,,,,,,,,,,Low Confidence,55%,No
,,,,,,,Power Tools,Sanders,,,XVP01Z,"XVP01Z Makita 18V 3"" Polisher/ 2"" Sander",,,,Makita Usa Inc (5142),Makita USA,Makita®,Makita®,XVP01Z,,Power Tools>Sanders,"Makita USA, Makita, Sander, XVP01Z, Voltage=18, Cordless=18V",SANDER 18V,MAKITA XVP01Z Sander,"MAKITA, Sander, 18 Voltage",Sander,"Discover the Makita® Sander, engineered for outstanding performance and lasting durability. With a focus on quality and efficiency, this Sander is the perfect addition to any modern home.",,,,,,,,,,,,,,,,,,,,,,,,Sander,,Sander,Voltage,18,V,Cordless,18V,,Voltage Rating,18,,Color,Yellow,,,,,,,,,,,,,,,,,,,,,,,,,,,,,,,,,,,,,,,,,,,,,,,,,,,,,,,,,,,,,,,,,,,,,,,,,,,,,,,,,,,,,,,,,,,,,,,,,,,,,,,,,,,,,,,,,,,,,,,,,,,,,,,,,,,,,,,,,,,,,,,27111700,,,,,,,,,,,,,,,,,,,70%,No
,,,,,,,Hand Tools,Files,,,DCM200B,DCM200B Dewalt 1/2in x 18in - Band File,,,DEWALT,Black & Decker/dewlt (2585),Black & Decker/dewlt,DeWalt®,DeWalt®,DCM200B,,Hand Tools>Files,"Black & Decker/dewlt, DeWalt, File, DCM200B, 1/2in x 18in, Chuck Size=2",FILE 240V 1/2INX18IN,DEWALT DCM200B File,"DEWALT, File, 240 Voltage, 30 Amperage, 1/2 in Width, 7.0 Capacity, 18 in",File,"Discover the DeWalt® File, engineered for outstanding performance and lasting durability. With a focus on quality and efficiency, this File is the perfect addition to any modern home.",,,,,,,,,,,,,,,,,,,,,,,,File,,File,Chuck Size,2,in,Size,2,,Width,1/2 in,,length,18 in,,Voltage Rating,240,,Amperage Rating,30,,Capacity,7.0,,Color,Yellow,,,,,,,,,,,,,,,,,,,,,,,,,,,,,,,,,,,,,,,,,,,,,,,,,,,,,,,,,,,,,,,,,,,,,,,,,,,,,,,,,,,,,,,,,,,,,,,,,,,,,,,,,,,,,,,,,,,,,,,,,,,,,,,,,,,27112700,,,,,18 in,,,,1/2 in,,,,,,,,,,75%,No
,,,,,,,Power Tools,Grinders,Angle Grinders,,DCG410B,"DCG410B Dewalt 20V 4-1/2""-5"" - Angle Grinder (Bare)",,,DEWALT,Black & Decker/dewlt (2585),Black & Decker/dewlt,DeWalt®,DeWalt®,DCG410B,,Power Tools>Grinders>Angle Grinders,"Black & Decker/dewlt, DeWalt, Angle Grinder, DCG410B, Voltage=20, Cordless=20V",ANGLE GRINDE 20V,DEWALT DCG410B Angle Grinder,"DEWALT, Angle Grinder, 20 Voltage",Angle Grinder,"Discover the DeWalt® Angle Grinder, engineered for outstanding performance and lasting durability. With a focus on quality and efficiency, this Angle Grinder is the perfect addition to any modern home.",,,,,,,,,,,,,,,,,,,,,,,,Angle Grinder,,Angle Grinder,Voltage,20,V,Cordless,20V,,Voltage Rating,20,,Color,Yellow,,,,,,,,,,,,,,,,,,,,,,,,,,,,,,,,,,,,,,,,,,,,,,,,,,,,,,,,,,,,,,,,,,,,,,,,,,,,,,,,,,,,,,,,,,,,,,,,,,,,,,,,,,,,,,,,,,,,,,,,,,,,,,,,,,,,,,,,,,,,,,,27111801,,,,,,,,,,,,,,,,,,,80%,No
,,,,,,,Power Tools,Grinders,,,DCG460B,"DCG460B Dewalt 60V Grinder - 7-9""",,,DEWALT,Black & Decker/dewlt (2585),Black & Decker/dewlt,DeWalt®,DeWalt®,DCG460B,,Power Tools>Grinders,"Black & Decker/dewlt, DeWalt, Grinder, DCG460B, Voltage=60, Cordless=60V",GRINDER 60V,DEWALT DCG460B Grinder,"DEWALT, Grinder, 60 Voltage",Grinder,"Discover the DeWalt® Grinder, engineered for outstanding performance and lasting durability. With a focus on quality and efficiency, this Grinder is the perfect addition to any modern home.",,,,,,,,,,,,,,,,,,,,,,,,Grinder,,Grinder,Voltage,60,V,Cordless,60V,,Voltage Rating,60,,Color,Yellow,,,,,,,,,,,,,,,,,,,,,,,,,,,,,,,,,,,,,,,,,,,,,,,,,,,,,,,,,,,,,,,,,,,,,,,,,,,,,,,,,,,,,,,,,,,,,,,,,,,,,,,,,,,,,,,,,,,,,,,,,,,,,,,,,,,,,,,,,,,,,,,27111800,,,,,,,,,,,,,,,,,,,70%,No
,,,,,,,Power Tools,Grinders,Angle Grinders,,DCG402B,"DCG402B Dewalt 20V 4.5"" Angle Grinder (Bare)",,,,Black & Decker/dewlt (2585),DeWalt Industrial Tool,DeWalt®,DeWalt®,DCG402B,,Power Tools>Grinders>Angle Grinders,"DeWalt Industrial Tool, DeWalt, Angle Grinder, DCG402B, Voltage=20, Cordless=20V",ANGLE GRINDE 20V,DEWALT DCG402B Angle Grinder,"DEWALT, Angle Grinder, 20 Voltage",Angle Grinder,"Discover the DeWalt® Angle Grinder, engineered for outstanding performance and lasting durability. With a focus on quality and efficiency, this Angle Grinder is the perfect addition to any modern home.",,,,,,,,,,,,,,,,,,,,,,,,Angle Grinder,,Angle Grinder,Voltage,20,V,Cordless,20V,,Voltage Rating,20,,Color,Yellow,,,,,,,,,,,,,,,,,,,,,,,,,,,,,,,,,,,,,,,,,,,,,,,,,,,,,,,,,,,,,,,,,,,,,,,,,,,,,,,,,,,,,,,,,,,,,,,,,,,,,,,,,,,,,,,,,,,,,,,,,,,,,,,,,,,,,,,,,,,,,,,27111801,,,,,,,,,,,,,,,,,,,80%,No
,,,,,,,Power Tools,Grinders,,,3485-20,"3485-20 Milw M12 1/4"" Right Angle Die Grinder",,,,Milwaukee Accessory (4031),Masco Corporation,Delta®,Delta®,3485-20,,Power Tools>Grinders,"Delta®, Grinder, Yellow, Milw M12 1/4"" Right Angle Die, 3485-20",GRINDER YELLOW,DELTA 3485-20 Grinder,"DELTA, Grinder",Grinder,"Discover the Delta® Grinder, engineered for outstanding performance and lasting durability. With a focus on quality and efficiency, this Grinder is the perfect addition to any modern home.",,,,,,,,,,,,,,,,,,,,,,,,Grinder,,Grinder,Cordless,M12,,Color,Yellow,,,,,,,,,,,,,,,,,,,,,,,,,,,,,,,,,,,,,,,,,,,,,,,,,,,,,,,,,,,,,,,,,,,,,,,,,,,,,,,,,,,,,,,,,,,,,,,,,,,,,,,,,,,,,,,,,,,,,,,,,,,,,,,,,,,,,,,,,,,,,,,,,,,,,27111800,,,,,,,,,,,,,,,,,,Low Confidence,55%,No
,,,,,,,Power Tools,Grinders,,,DCG420B,DCG420B Dewalt 20V Die Grinder (Bare),,,,Black & Decker/dewlt (2585),DeWalt Industrial Tool,DeWalt®,DeWalt®,DCG420B,,Power Tools>Grinders,"DeWalt Industrial Tool, DeWalt, Grinder, DCG420B, Voltage=20, Cordless=20V",GRINDER 20V,DEWALT DCG420B Grinder,"DEWALT, Grinder, 20 Voltage",Grinder,"Discover the DeWalt® Grinder, engineered for outstanding performance and lasting durability. With a focus on quality and efficiency, this Grinder is the perfect addition to any modern home.",,,,,,,,,,,,,,,,,,,,,,,,Grinder,,Grinder,Voltage,20,V,Cordless,20V,,Voltage Rating,20,,Color,Yellow,,,,,,,,,,,,,,,,,,,,,,,,,,,,,,,,,,,,,,,,,,,,,,,,,,,,,,,,,,,,,,,,,,,,,,,,,,,,,,,,,,,,,,,,,,,,,,,,,,,,,,,,,,,,,,,,,,,,,,,,,,,,,,,,,,,,,,,,,,,,,,,27111800,,,,,,,,,,,,,,,,,,,70%,No
,,,,,,,Power Tools,Grinders,,,DCG422B,DCG422B Dewalt 20V Right Angle Die Grinder (Bare),,,,Black & Decker/dewlt (2585),DeWalt Industrial Tool,DeWalt®,DeWalt®,DCG422B,,Power Tools>Grinders,"DeWalt Industrial Tool, DeWalt, Grinder, DCG422B, Voltage=20, Cordless=20V",GRINDER 20V,DEWALT DCG422B Grinder,"DEWALT, Grinder, 20 Voltage",Grinder,"Discover the DeWalt® Grinder, engineered for outstanding performance and lasting durability. With a focus on quality and efficiency, this Grinder is the perfect addition to any modern home.",,,,,,,,,,,,,,,,,,,,,,,,Grinder,,Grinder,Voltage,20,V,Cordless,20V,,Voltage Rating,20,,Color,Yellow,,,,,,,,,,,,,,,,,,,,,,,,,,,,,,,,,,,,,,,,,,,,,,,,,,,,,,,,,,,,,,,,,,,,,,,,,,,,,,,,,,,,,,,,,,,,,,,,,,,,,,,,,,,,,,,,,,,,,,,,,,,,,,,,,,,,,,,,,,,,,,,27111800,,,,,,,,,,,,,,,,,,,70%,No
,,,,,,,Power Tools,Planers,,,924422,924422 Mafell Carpentry - Planing Machine ZH 320 Ec 120V,,,,,,,,924422,,Power Tools>Planers,"924422, Voltage=120, Cordless=20V, Mafell Carpentry - Planing Machine ZH 32",120V YELLOW,924422,120 Voltage,,"Discover the  product, engineered for outstanding performance and lasting durability. With a focus on quality and efficiency, this product is the perfect addition to any modern home.",,,,,,,,,,,,,,,,,,,,,,,,,,,Voltage,120,V,Cordless,20V,,Voltage Rating,120,,Color,Yellow,,,,,,,,,,,,,,,,,,,,,,,,,,,,,,,,,,,,,,,,,,,,,,,,,,,,,,,,,,,,,,,,,,,,,,,,,,,,,,,,,,,,,,,,,,,,,,,,,,,,,,,,,,,,,,,,,,,,,,,,,,,,,,,,,,,,,,,,,,,,,,,27112400,,,,,,,,,,,,,,,,,,No Brand Found + Low Confidence,50%,No
,,,,,,,Power Tools,Routers,,,DCW620B,DCW620B Dewalt 20V Plunge - Router,,,,Black & Decker/dewlt (2585),GE Appliances,GE®,GE®,DCW620B,,Power Tools>Routers,"GE Appliances, GE, Router, DCW620B, Voltage=20, Cordless=20V",ROUTER 20V,GE DCW620B Router,"GE, Router, 20 Voltage",Router,"Discover the GE® Router, engineered for outstanding performance and lasting durability. With a focus on quality and efficiency, this Router is the perfect addition to any modern home.",,,,,,,,,,,,,,,,,,,,,,,,Router,,Router,Voltage,20,V,Cordless,20V,,Voltage Rating,20,,Color,Yellow,,,,,,,,,,,,,,,,,,,,,,,,,,,,,,,,,,,,,,,,,,,,,,,,,,,,,,,,,,,,,,,,,,,,,,,,,,,,,,,,,,,,,,,,,,,,,,,,,,,,,,,,,,,,,,,,,,,,,,,,,,,,,,,,,,,,,,,,,,,,,,,27112000,,,,,,,,,,,,,,,,,,,70%,No
,,,,,,,Power Tools,Sanders,,,2535-20,"2535-20 Milw 3"" Orbit Sander - M12",,,,Milwaukee Accessory (4031),Signify North America,Philips®,Philips®,2535-20,,Power Tools>Sanders,"Signify North America, Philips, Sander, 2535-20, Cordless=M12",SANDER YELLOW,PHILIPS 2535-20 Sander,"PHILIPS, Sander",Sander,"Discover the Philips® Sander, engineered for outstanding performance and lasting durability. With a focus on quality and efficiency, this Sander is the perfect addition to any modern home.",,,,,,,,,,,,,,,,,,,,,,,,Sander,,Sander,Cordless,M12,,Color,Yellow,,,,,,,,,,,,,,,,,,,,,,,,,,,,,,,,,,,,,,,,,,,,,,,,,,,,,,,,,,,,,,,,,,,,,,,,,,,,,,,,,,,,,,,,,,,,,,,,,,,,,,,,,,,,,,,,,,,,,,,,,,,,,,,,,,,,,,,,,,,,,,,,,,,,,27111700,,,,,,,,,,,,,,,,,,,65%,No
,,,,,,,Power Tools,Sanders,,,2837-20,"2837-20 Milw M18 5"" Sander - Orbital (Bare)",,,Milwaukee,Milwaukee Accessory (4031),Milwaukee Tool,Milwaukee®,Milwaukee®,2837-20,,Power Tools>Sanders,"Milwaukee®, Sander, Yellow, M18 5"" - Orbital (Bare), 2837-20",SANDER YELLOW,MILWAUKEE 2837-20 Sander,"MILWAUKEE, Sander",Sander,"Discover the Milwaukee® Sander, engineered for outstanding performance and lasting durability. With a focus on quality and efficiency, this Sander is the perfect addition to any modern home.",,,,,,,,,,,,,,,,,,,,,,,,Sander,,Sander,Cordless,M18,,Color,Yellow,,,,,,,,,,,,,,,,,,,,,,,,,,,,,,,,,,,,,,,,,,,,,,,,,,,,,,,,,,,,,,,,,,,,,,,,,,,,,,,,,,,,,,,,,,,,,,,,,,,,,,,,,,,,,,,,,,,,,,,,,,,,,,,,,,,,,,,,,,,,,,,,,,,,,27111700,,,,,,,,,,,,,,,,,,,65%,No
,,,,,,,Power Tools,Sanders,,,577728,577728 Festool Cordless Sander - ETSC 2 150 I-Plus,,,,Festool USA (FESTO),Festool GmbH,Festool®,Festool®,577728,,Power Tools>Sanders,"Festool®, Sander, Yellow, Cordless, - ETSC 2 150 I-Plus, 577728",SANDER YELLOW,FESTOOL 577728 Sander With Cordless,"FESTOOL, Sander, With Cordless","Sander, Cordless","Upgrade your home with the Festool® Sander, designed to deliver exceptional performance and reliability. Featuring Cordless, this Sander combines innovative technology with sleek design to meet your everyday needs.",Cordless,,,,,,,,,,,,,,,,,,,,With Cordless,,,Sander,,Sander,Cordless,Cordless,,Color,Yellow,,Feature,Cordless,,,,,,,,,,,,,,,,,,,,,,,,,,,,,,,,,,,,,,,,,,,,,,,,,,,,,,,,,,,,,,,,,,,,,,,,,,,,,,,,,,,,,,,,,,,,,,,,,,,,,,,,,,,,,,,,,,,,,,,,,,,,,,,,,,,,,,,,,,,,,,,,,,27111700,,,,,,,,,,,,,,,,,,,70%,No
,,,,,,,Power Tools,Sanders,,,577738,577738 Festool Cordless Sander - ETSC 2 125 I-Plus,,,,Festool USA (FESTO),Festool GmbH,Festool®,Festool®,577738,,Power Tools>Sanders,"Festool®, Sander, Yellow, Cordless, - ETSC 2 125 I-Plus, 577738",SANDER YELLOW,FESTOOL 577738 Sander With Cordless,"FESTOOL, Sander, With Cordless","Sander, Cordless","Upgrade your home with the Festool® Sander, designed to deliver exceptional performance and reliability. Featuring Cordless, this Sander combines innovative technology with sleek design to meet your everyday needs.",Cordless,,,,,,,,,,,,,,,,,,,,With Cordless,,,Sander,,Sander,Cordless,Cordless,,Color,Yellow,,Feature,Cordless,,,,,,,,,,,,,,,,,,,,,,,,,,,,,,,,,,,,,,,,,,,,,,,,,,,,,,,,,,,,,,,,,,,,,,,,,,,,,,,,,,,,,,,,,,,,,,,,,,,,,,,,,,,,,,,,,,,,,,,,,,,,,,,,,,,,,,,,,,,,,,,,,,27111700,,,,,,,,,,,,,,,,,,,70%,No
,,,,,,,Power Tools,Sanders,,,KPTRS500A,"KPTRS500A Kreg 20V Ionic 5"" Random Orbit Sander",,,,Kreg Tool Company (KRETO),Kreg Tool Company,Kreg®,Kreg®,KPTRS500A,,Power Tools>Sanders,"Kreg Tool Company, Kreg, Sander, KPTRS500A, Voltage=20, Amperage=500",SANDER 20V 500A YELLOW,KREG KPTRS500A Sander,"KREG, Sander, 20 Voltage, 500 Amperage",Sander,"Discover the Kreg® Sander, engineered for outstanding performance and lasting durability. With a focus on quality and efficiency, this Sander is the perfect addition to any modern home.",,,,,,,,,,,,,,,,,,,,,,,,Sander,,Sander,Voltage,20,V,Amperage,500,A,Cordless,20V,,Voltage Rating,20,,Amperage Rating,500,,Color,Yellow,,,,,,,,,,,,,,,,,,,,,,,,,,,,,,,,,,,,,,,,,,,,,,,,,,,,,,,,,,,,,,,,,,,,,,,,,,,,,,,,,,,,,,,,,,,,,,,,,,,,,,,,,,,,,,,,,,,,,,,,,,,,,,,,,,,,,,,,,27111700,,,,,,,,,,,,,,,,,,,65%,No
,,,,,,,Abrasives,,,,24-35M-320,"24-35M-320 Iridium Grip - 3.2"" x 5.2"" Grip",,,,Mirka Abrasives Inc (MIRUS),Milwaukee Tool,Milwaukee®,Milwaukee®,24-35M-320,,Abrasives,"Milwaukee Tool, Milwaukee, 24-35M-320, 3.2"" x 5.2, Grit=24, Diameter=3.2",ABRASIVE 3.2INX5.2,MILWAUKEE 24-35M-320,"MILWAUKEE, 51/16 in Width, 83/16 in",,"Discover the Milwaukee® product, engineered for outstanding performance and lasting durability. With a focus on quality and efficiency, this product is the perfect addition to any modern home.",,,,,,,,,,,,,,,,,,,,,,,,,,,Grit,24,,Diameter,3.2,in,Width x Length,3.2,in,Width,51/16 in,,length,83/16 in,,Color,Yellow,,,,,,,,,,,,,,,,,,,,,,,,,,,,,,,,,,,,,,,,,,,,,,,,,,,,,,,,,,,,,,,,,,,,,,,,,,,,,,,,,,,,,,,,,,,,,,,,,,,,,,,,,,,,,,,,,,,,,,,,,,,,,,,,,,,,,,,,,31190000,,,,,83/16 in,,,,51/16 in,,,,,,,,,,65%,No
,,,,,,,Abrasives,Belts,Sanding Belts,,9A-129-120,9A-129-120 Abranet 3x4 - 50 Sheets/Box,,,,Mirka Abrasives Inc (MIRUS),Mirka Ltd,Mirka®,Mirka®,9A-129-120,,Abrasives>Belts>Sanding Belts,"Mirka Ltd, Mirka, Sanding Belt, Abranet Series, 9A-129-120, 3x4",SANDING BELT 3X4 ABRANE,MIRKA Abranet 9A-129-120 Sanding Belt,"MIRKA, Sanding Belt, Abranet, 9 Amperage, 3 in Width, 4 in",Abranet Sanding Belt,"Discover the Mirka® Sanding Belt, engineered for outstanding performance and lasting durability. With a focus on quality and efficiency, this Sanding Belt is the perfect addition to any modern home.",,,,,,,,,,,,,,,,,,,,,,,,Sanding Belt,,Sanding Belt,Grit,129,,Width x Length,3,in,Abrasive Type,Abranet,,Amperage,9,A,Pack Type,Box,,Width,3 in,,length,4 in,,Amperage Rating,9,,Color,Yellow,,,,,,,,,,,,,,,,,,,,,,,,,,,,,,,,,,,,,,,,,,,,,,,,,,,,,,,,,,,,,,,,,,,,,,,,,,,,,,,,,,,,,,,,,,,,,,,,,,,,,,,,,,,,,,,,,,,,,,,,,,,,,,,,31191501,,,,,4 in,,,,3 in,,,,,,,,,,85%,No
,,,,,,,Power Tools,,,,578800,578800 Festool 80x133 M GR PRO/10,,,,Festool USA (FESTO),Festool GmbH,Festool®,Festool®,578800,,Power Tools,"Festool GmbH, Festool, 578800, 80x133, Festool 80x133 M GR PRO/10, Yellow",PRODUCT 80X133,FESTOOL 578800,"FESTOOL, 80 in Width, 133 in",,"Discover the Festool® product, engineered for outstanding performance and lasting durability. With a focus on quality and efficiency, this product is the perfect addition to any modern home.",,,,,,,,,,,,,,,,,,,,,,,,,,,Width,80 in,,length,133 in,,Color,Yellow,,,,,,,,,,,,,,,,,,,,,,,,,,,,,,,,,,,,,,,,,,,,,,,,,,,,,,,,,,,,,,,,,,,,,,,,,,,,,,,,,,,,,,,,,,,,,,,,,,,,,,,,,,,,,,,,,,,,,,,,,,,,,,,,,,,,,,,,,,,,,,,,,,27111901,,,,,133 in,,,,80 in,,,,,,,,,,60%,No
,,,,,,,Power Tools,,,,578801,578801 Festool 80x133 F GR PRO/10,,,,Festool USA (FESTO),Festool GmbH,Festool®,Festool®,578801,,Power Tools,"Festool GmbH, Festool, 578801, 80x133, Festool 80x133 F GR PRO/10, Yellow",PRODUCT 80X133,FESTOOL 578801,"FESTOOL, 80 in Width, 133 in",,"Discover the Festool® product, engineered for outstanding performance and lasting durability. With a focus on quality and efficiency, this product is the perfect addition to any modern home.",,,,,,,,,,,,,,,,,,,,,,,,,,,Width,80 in,,length,133 in,,Color,Yellow,,,,,,,,,,,,,,,,,,,,,,,,,,,,,,,,,,,,,,,,,,,,,,,,,,,,,,,,,,,,,,,,,,,,,,,,,,,,,,,,,,,,,,,,,,,,,,,,,,,,,,,,,,,,,,,,,,,,,,,,,,,,,,,,,,,,,,,,,,,,,,,,,,27111901,,,,,133 in,,,,80 in,,,,,,,,,,60%,No
,,,,,,,Power Tools,,,,578802,578802 Festool 80x133 S GR PRO/10,,,,Festool USA (FESTO),Festool GmbH,Festool®,Festool®,578802,,Power Tools,"Festool GmbH, Festool, 578802, 80x133, Festool 80x133 S GR PRO/10, Yellow",PRODUCT 80X133,FESTOOL 578802,"FESTOOL, 80 in Width, 133 in",,"Discover the Festool® product, engineered for outstanding performance and lasting durability. With a focus on quality and efficiency, this product is the perfect addition to any modern home.",,,,,,,,,,,,,,,,,,,,,,,,,,,Width,80 in,,length,133 in,,Color,Yellow,,,,,,,,,,,,,,,,,,,,,,,,,,,,,,,,,,,,,,,,,,,,,,,,,,,,,,,,,,,,,,,,,,,,,,,,,,,,,,,,,,,,,,,,,,,,,,,,,,,,,,,,,,,,,,,,,,,,,,,,,,,,,,,,,,,,,,,,,,,,,,,,,,27111901,,,,,133 in,,,,80 in,,,,,,,,,,60%,No
,,,,,,,Power Tools,,,,578808,578808 Festool 3x4 M GR PRO/10,,,,Festool USA (FESTO),Festool GmbH,Festool®,Festool®,578808,,Power Tools,"Festool GmbH, Festool, 578808, 3x4, Festool 3x4 M GR PRO/10, Yellow",PRODUCT 3X4,FESTOOL 578808,"FESTOOL, 3 in Width, 4 in",,"Discover the Festool® product, engineered for outstanding performance and lasting durability. With a focus on quality and efficiency, this product is the perfect addition to any modern home.",,,,,,,,,,,,,,,,,,,,,,,,,,,Width,3 in,,length,4 in,,Color,Yellow,,,,,,,,,,,,,,,,,,,,,,,,,,,,,,,,,,,,,,,,,,,,,,,,,,,,,,,,,,,,,,,,,,,,,,,,,,,,,,,,,,,,,,,,,,,,,,,,,,,,,,,,,,,,,,,,,,,,,,,,,,,,,,,,,,,,,,,,,,,,,,,,,,27111901,,,,,4 in,,,,3 in,,,,,,,,,,60%,No
,,,,,,,Power Tools,,,,578809,578809 Festool 3x4 F GR PRO/10,,,,Festool USA (FESTO),Festool GmbH,Festool®,Festool®,578809,,Power Tools,"Festool GmbH, Festool, 578809, 3x4, Festool 3x4 F GR PRO/10, Yellow",PRODUCT 3X4,FESTOOL 578809,"FESTOOL, 3 in Width, 4 in",,"Discover the Festool® product, engineered for outstanding performance and lasting durability. With a focus on quality and efficiency, this product is the perfect addition to any modern home.",,,,,,,,,,,,,,,,,,,,,,,,,,,Width,3 in,,length,4 in,,Color,Yellow,,,,,,,,,,,,,,,,,,,,,,,,,,,,,,,,,,,,,,,,,,,,,,,,,,,,,,,,,,,,,,,,,,,,,,,,,,,,,,,,,,,,,,,,,,,,,,,,,,,,,,,,,,,,,,,,,,,,,,,,,,,,,,,,,,,,,,,,,,,,,,,,,,27111901,,,,,4 in,,,,3 in,,,,,,,,,,60%,No
,,,,,,,Power Tools,,,,578810,578810 Festool 3x4 S GR PRO/10,,,,Festool USA (FESTO),Festool GmbH,Festool®,Festool®,578810,,Power Tools,"Festool GmbH, Festool, 578810, 3x4, Festool 3x4 S GR PRO/10, Yellow",PRODUCT 3X4,FESTOOL 578810,"FESTOOL, 3 in Width, 4 in",,"Discover the Festool® product, engineered for outstanding performance and lasting durability. With a focus on quality and efficiency, this product is the perfect addition to any modern home.",,,,,,,,,,,,,,,,,,,,,,,,,,,Width,3 in,,length,4 in,,Color,Yellow,,,,,,,,,,,,,,,,,,,,,,,,,,,,,,,,,,,,,,,,,,,,,,,,,,,,,,,,,,,,,,,,,,,,,,,,,,,,,,,,,,,,,,,,,,,,,,,,,,,,,,,,,,,,,,,,,,,,,,,,,,,,,,,,,,,,,,,,,,,,,,,,,,27111901,,,,,4 in,,,,3 in,,,,,,,,,,60%,No
,,,,,,,Power Tools,,,,578811,578811 Festool 3x4 GR PRO/10-Set,,,,Festool USA (FESTO),Festool GmbH,Festool®,Festool®,578811,,Power Tools,"Festool GmbH, Festool, 578811, 3x4, Pack Type=Set, Festool 3x4 GR PRO/10-Set",PRODUCT 3X4,FESTOOL 578811,"FESTOOL, 3 in Width, 4 in",,"Discover the Festool® product, engineered for outstanding performance and lasting durability. With a focus on quality and efficiency, this product is the perfect addition to any modern home.",,,,,,,,,,,,,,,,,,,,,,,,,,,Pack Type,Set,,Width,3 in,,length,4 in,,Color,Yellow,,,,,,,,,,,,,,,,,,,,,,,,,,,,,,,,,,,,,,,,,,,,,,,,,,,,,,,,,,,,,,,,,,,,,,,,,,,,,,,,,,,,,,,,,,,,,,,,,,,,,,,,,,,,,,,,,,,,,,,,,,,,,,,,,,,,,,,,,,,,,,,27111901,,,,,4 in,,,,3 in,,,,,,,,,,60%,No
,,,,,,,Abrasives,General,,,578192,578192 Festool D 150 GR SYS - Systainer Abrasive Set,,,,Festool USA (FESTO),Festool GmbH,Festool®,Festool®,578192,,Abrasives>General,"Festool GmbH, Festool, Abrasive, 578192, Grit=150, Pack Type=Set",ABRASIVE,FESTOOL 578192 Abrasive,"FESTOOL, Abrasive",Abrasive,"Discover the Festool® Abrasive, engineered for outstanding performance and lasting durability. With a focus on quality and efficiency, this Abrasive is the perfect addition to any modern home.",,,,,,,,,,,,,,,,,,,,,,,,Abrasive,,Abrasive,Grit,150,,Pack Type,Set,,Color,Yellow,,,,,,,,,,,,,,,,,,,,,,,,,,,,,,,,,,,,,,,,,,,,,,,,,,,,,,,,,,,,,,,,,,,,,,,,,,,,,,,,,,,,,,,,,,,,,,,,,,,,,,,,,,,,,,,,,,,,,,,,,,,,,,,,,,,,,,,,,,,,,,,,,,31190000,,,,,,,,,,,,,,,,,,,70%,No
,,,,,,,Power Tools,,,,578806,578806 Festool Delta S GR PRO/10,,,,Festool USA (FESTO),Festool GmbH,Festool®,Festool®,578806,,Power Tools,"Festool GmbH, Festool, 578806, Festool Delta S GR PRO/10, Yellow",578806 FESTOOL DELTA S GR PRO/10 YELLOW,FESTOOL 578806,FESTOOL,,"Discover the Festool® product, engineered for outstanding performance and lasting durability. With a focus on quality and efficiency, this product is the perfect addition to any modern home.",,,,,,,,,,,,,,,,,,,,,,,,,,,Color,Yellow,,,,,,,,,,,,,,,,,,,,,,,,,,,,,,,,,,,,,,,,,,,,,,,,,,,,,,,,,,,,,,,,,,,,,,,,,,,,,,,,,,,,,,,,,,,,,,,,,,,,,,,,,,,,,,,,,,,,,,,,,,,,,,,,,,,,,,,,,,,,,,,,,,,,,,,,27111901,,,,,,,,,,,,,,,,,,Low Confidence,55%,No
,,,,,,,Power Tools,Saws,,,D0860X,"D0860X Diablo 8-1/4"" 60 Tooth - Fine Finish Saw Blade",,,,Freud Inc (2435),Freud Inc,Diablo®,Diablo®,D0860X,,Power Tools>Saws,"Freud Inc, Diablo, D0860X, Diablo 8-1/4"" 60 Tooth - Fine Finish Saw, Yellow",D0860X DIABLO 8-1/4  60 TOOTH - FINE FIN,DIABLO D0860X,DIABLO,,"Discover the Diablo® product, engineered for outstanding performance and lasting durability. With a focus on quality and efficiency, this product is the perfect addition to any modern home.",,,,,,,,,,,,,,,,,,,,,,,,,,,Color,Yellow,,,,,,,,,,,,,,,,,,,,,,,,,,,,,,,,,,,,,,,,,,,,,,,,,,,,,,,,,,,,,,,,,,,,,,,,,,,,,,,,,,,,,,,,,,,,,,,,,,,,,,,,,,,,,,,,,,,,,,,,,,,,,,,,,,,,,,,,,,,,,,,,,,,,,,,,27111500,,,,,,,,,,,,,,,,,,,65%,No
,,,,,,,Power Tools,Saws,,,48-40-0740,48-40-0740 Milw 7-1/4in. 24T - Framing Circ Saw Blade,,,Milwaukee,Milwaukee Accessory (4031),Milwaukee Tool,Milwaukee®,Milwaukee®,48-40-0740,,Power Tools>Saws,"Milwaukee®, 1/4in, Yellow, 7-1/4in. 24T - Framing Circ Saw Blade",PRODUCT 1/4IN,MILWAUKEE 48-40-0740,"MILWAUKEE, 1/4 in",,"Discover the Milwaukee® product, engineered for outstanding performance and lasting durability. With a focus on quality and efficiency, this product is the perfect addition to any modern home.",,,,,,,,,,,,,,,,,,,,,,,,,,,Chuck Size,4,in,Size,4,,length,1/4 in,,Color,Yellow,,,,,,,,,,,,,,,,,,,,,,,,,,,,,,,,,,,,,,,,,,,,,,,,,,,,,,,,,,,,,,,,,,,,,,,,,,,,,,,,,,,,,,,,,,,,,,,,,,,,,,,,,,,,,,,,,,,,,,,,,,,,,,,,,,,,,,,,,,,,,,,27111500,,,,,1/4 in,,,,,,,,,,,,,,70%,No
,,,,,,,Power Tools,,,,48-41-0740,48-41-0740 Milw7-1/4 24TFrming - Blade,,,,Milwaukee Accessory (4031),Milwaukee Tool,Milwaukee®,Milwaukee®,48-41-0740,,Power Tools,"Milwaukee Tool, Milwaukee, 48-41-0740, Milw7-1/4 24TFrming - Blade, Yellow",48-41-0740 MILW7-1/4 24TFRMING - BLADE,MILWAUKEE 48-41-0740,MILWAUKEE,,"Discover the Milwaukee® product, engineered for outstanding performance and lasting durability. With a focus on quality and efficiency, this product is the perfect addition to any modern home.",,,,,,,,,,,,,,,,,,,,,,,,,,,Color,Yellow,,,,,,,,,,,,,,,,,,,,,,,,,,,,,,,,,,,,,,,,,,,,,,,,,,,,,,,,,,,,,,,,,,,,,,,,,,,,,,,,,,,,,,,,,,,,,,,,,,,,,,,,,,,,,,,,,,,,,,,,,,,,,,,,,,,,,,,,,,,,,,,,,,,,,,,,27111901,,,,,,,,,,,,,,,,,,Low Confidence,55%,No
,,,,,,,Power Tools,Saws,,,A-96095,"A-96095 Makita 5-7/8"" 32T Saw Blade",,,,Makita Usa Inc (5142),Makita USA,Makita®,Makita®,A-96095,,Power Tools>Saws,"Makita USA, Makita, A-96095, Makita 5-7/8"" 32T Saw Blade, Yellow",A-96095 MAKITA 5-7/8  32T SAW BLADE,MAKITA A-96095,MAKITA,,"Discover the Makita® product, engineered for outstanding performance and lasting durability. With a focus on quality and efficiency, this product is the perfect addition to any modern home.",,,,,,,,,,,,,,,,,,,,,,,,,,,Color,Yellow,,,,,,,,,,,,,,,,,,,,,,,,,,,,,,,,,,,,,,,,,,,,,,,,,,,,,,,,,,,,,,,,,,,,,,,,,,,,,,,,,,,,,,,,,,,,,,,,,,,,,,,,,,,,,,,,,,,,,,,,,,,,,,,,,,,,,,,,,,,,,,,,,,,,,,,,27111500,,,,,,,,,,,,,,,,,,,65%,No
,,,,,,,Power Tools,Saws,,,D0760UX,"D0760UX Diablo 7-1/4"" 60T Circ - Saw Blade",,,Diablo,Freud Inc (2435),Freud Inc,Diablo®,Diablo®,D0760UX,,Power Tools>Saws,"Freud Inc, Diablo, D0760UX, Diablo 7-1/4"" 60T Circ - Saw Blade, Yellow",D0760UX DIABLO 7-1/4  60T CIRC - SAW BLA,DIABLO D0760UX,DIABLO,,"Discover the Diablo® product, engineered for outstanding performance and lasting durability. With a focus on quality and efficiency, this product is the perfect addition to any modern home.",,,,,,,,,,,,,,,,,,,,,,,,,,,Color,Yellow,,,,,,,,,,,,,,,,,,,,,,,,,,,,,,,,,,,,,,,,,,,,,,,,,,,,,,,,,,,,,,,,,,,,,,,,,,,,,,,,,,,,,,,,,,,,,,,,,,,,,,,,,,,,,,,,,,,,,,,,,,,,,,,,,,,,,,,,,,,,,,,,,,,,,,,,27111500,,,,,,,,,,,,,,,,,,,65%,No
,,,,,,,Power Tools,,,,230.312.08,230.312.08 CMT Locked Dado Pro Set,,,,CMT USA Inc (CMTUS),CMT USA Inc,CMT®,CMT®,230.312.08,,Power Tools,"CMT USA Inc, CMT, 230.312.08, Pack Type=Set, CMT Locked Dado Pro Set, Yellow",230.312.08 CMT LOCKED DADO PRO SET,CMT 230.312.08,CMT,,"Discover the CMT® product, engineered for outstanding performance and lasting durability. With a focus on quality and efficiency, this product is the perfect addition to any modern home.",,,,,,,,,,,,,,,,,,,,,,,,,,,Pack Type,Set,,Color,Yellow,,,,,,,,,,,,,,,,,,,,,,,,,,,,,,,,,,,,,,,,,,,,,,,,,,,,,,,,,,,,,,,,,,,,,,,,,,,,,,,,,,,,,,,,,,,,,,,,,,,,,,,,,,,,,,,,,,,,,,,,,,,,,,,,,,,,,,,,,,,,,,,,,,,,,27111901,,,,,,,,,,,,,,,,,,Low Confidence,45%,Yes
,,,,,,,Power Tools,Saws,,,D0708LF,"D0708LF Saw Blade 7-1/4""x8 - Laminate & Wood Flooring",,,,Freud Inc (2435),Freud Inc,Freud®,Freud®,D0708LF,,Power Tools>Saws,"Freud®, 1/4""x8, Wood, Yellow, Saw Blade 7-1/4""x8 - Laminate & Flooring",PRODUCT 1/4INX8,FREUD D0708LF,"FREUD, 1/4 in Width, 8 in",,"Discover the Freud® product, engineered for outstanding performance and lasting durability. With a focus on quality and efficiency, this product is the perfect addition to any modern home.",,,,,,,,,,,,,,,,,,,,,,,,,,,Material,Wood,,Width,1/4 in,,length,8 in,,Color,Yellow,,,,,,,,,,,,,,,,,,,,,,,,,,,,,,,,,,,,,,,,,,,,,,,,,,,,,,,,,,,,,,,,,,,,,,,,,,,,,,,,,,,,,,,,,,,,,,,,,,,,,,,,,,,,,,,,,,,,,,,,,,,,,,,,,,,,,,,,,,,,,,,27111500,,,,,8 in,,,,1/4 in,,,,,,,,,,70%,No
,,,,,,,Power Tools,Saws,,,D1012LF,"D1012LF Saw Blade 10""x12Teeth - Laminate & Wood Flooring",,,,Freud Inc (2435),Freud Inc,Diablo®,Diablo®,D1012LF,,Power Tools>Saws,"Diablo®, 10""x12, Wood, Yellow, Saw Blade 10""x12Teeth - Laminate & Flooring",PRODUCT 10INX12,DIABLO D1012LF,"DIABLO, 10 in Width, 12 in",,"Discover the Diablo® product, engineered for outstanding performance and lasting durability. With a focus on quality and efficiency, this product is the perfect addition to any modern home.",,,,,,,,,,,,,,,,,,,,,,,,,,,Material,Wood,,Width,10 in,,length,12 in,,Color,Yellow,,,,,,,,,,,,,,,,,,,,,,,,,,,,,,,,,,,,,,,,,,,,,,,,,,,,,,,,,,,,,,,,,,,,,,,,,,,,,,,,,,,,,,,,,,,,,,,,,,,,,,,,,,,,,,,,,,,,,,,,,,,,,,,,,,,,,,,,,,,,,,,27111500,,,,,12 in,,,,10 in,,,,,,,,,,70%,No
,,,,,,,Power Tools,Saws,,,D1216LF,"D1216LF Saw Blade 12""x16Teeth - Laminate & Wood Flooring",,,,Freud Inc (2435),Freud Inc,Diablo®,Diablo®,D1216LF,,Power Tools>Saws,"Diablo®, 12""x16, Wood, Yellow, Saw Blade 12""x16Teeth - Laminate & Flooring",PRODUCT 12INX16,DIABLO D1216LF,"DIABLO, 12 in Width, 16 in",,"Discover the Diablo® product, engineered for outstanding performance and lasting durability. With a focus on quality and efficiency, this product is the perfect addition to any modern home.",,,,,,,,,,,,,,,,,,,,,,,,,,,Material,Wood,,Width,12 in,,length,16 in,,Color,Yellow,,,,,,,,,,,,,,,,,,,,,,,,,,,,,,,,,,,,,,,,,,,,,,,,,,,,,,,,,,,,,,,,,,,,,,,,,,,,,,,,,,,,,,,,,,,,,,,,,,,,,,,,,,,,,,,,,,,,,,,,,,,,,,,,,,,,,,,,,,,,,,,27111500,,,,,16 in,,,,12 in,,,,,,,,,,70%,No
,,,,,,,Power Tools,Saws,Blades,,DWA47421,"DWA47421 Dewalt 14"" Segmented - Rim Diamond Blade",,,DEWALT,Black & Decker/dewlt (2585),Black & Decker/dewlt,DeWalt®,DeWalt®,DWA47421,,Power Tools>Saws>Blades,"DeWalt®, Diamond Blade, Stainless Steel, Yellow, Diamond, 14"" Segmented - Rim",DIAMOND BLADE STAINLESS STEEL 120V 15A,DEWALT DWA47421 Diamond Blade With Diamond,"DEWALT, Diamond Blade, With Diamond, 120 Voltage, 15 Amperage, 24 Width, Stainless Steel Material, 44","Diamond Blade, Diamond","Upgrade your home with the DeWalt® Diamond Blade, designed to deliver exceptional performance and reliability. Featuring Diamond, this Diamond Blade combines innovative technology with sleek design to meet your everyday needs.",Diamond,,,,,,,,,,,,,,,,,,,,With Diamond,,,Diamond Blade,,Diamond Blade,Voltage Rating,120,,Amperage Rating,15,,Sound Level,44,,Width,24,,material,Stainless Steel,,Color,Yellow,,Feature,Diamond,,,,,,,,,,,,,,,,,,,,,,,,,,,,,,,,,,,,,,,,,,,,,,,,,,,,,,,,,,,,,,,,,,,,,,,,,,,,,,,,,,,,,,,,,,,,,,,,,,,,,,,,,,,,,,,,,,,,,,,,,,,,,,,,,,,,,,27111507,,,,,,,,,24,,,,,,,,,,85%,No
,,,,,,,Building Materials & Hardscape,Windows & Doors,Glass,,DWA4769,"DWA4769 Dewalt Rim Glass Tile - Blade 10""",,,,Black & Decker/dewlt (2585),DeWalt Industrial Tool,DeWalt®,DeWalt®,DWA4769,,Building Materials & Hardscape>Windows & Doors>Glass,"DeWalt Industrial Tool, DeWalt, DWA4769, Material=Glass",DWA4769 DEWALT RIM GLASS TILE - BLADE 10,DEWALT DWA4769,DEWALT,,"Discover the DeWalt® product, engineered for outstanding performance and lasting durability. With a focus on quality and efficiency, this product is the perfect addition to any modern home.",,,,,,,,,,,,,,,,,,,,,,,,,,,Material,Glass,,Color,Yellow,,,,,,,,,,,,,,,,,,,,,,,,,,,,,,,,,,,,,,,,,,,,,,,,,,,,,,,,,,,,,,,,,,,,,,,,,,,,,,,,,,,,,,,,,,,,,,,,,,,,,,,,,,,,,,,,,,,,,,,,,,,,,,,,,,,,,,,,,,,,,,,,,,,,,30151500,,,,,,,,,,,,,,,,,,,68%,No
,,,,,,,Power Tools,Saws,Blades,,49-93-9204,"49-93-9204 Milw 4-1/2"" Diamond - Tile Blade",,,,Milwaukee Accessory (4031),Milwaukee Tool,Milwaukee®,Milwaukee®,49-93-9204,,Power Tools>Saws>Blades,"Milwaukee®, Tile Blade, Yellow, Diamond, 4-1/2"" -, 49-93-9204",TILE BLADE,MILWAUKEE 49-93-9204 Tile Blade With Diamond,"MILWAUKEE, Tile Blade, With Diamond","Tile Blade, Diamond","Upgrade your home with the Milwaukee® Tile Blade, designed to deliver exceptional performance and reliability. Featuring Diamond, this Tile Blade combines innovative technology with sleek design to meet your everyday needs.",Diamond,,,,,,,,,,,,,,,,,,,,With Diamond,,,Tile Blade,,Tile Blade,Color,Yellow,,Feature,Diamond,,,,,,,,,,,,,,,,,,,,,,,,,,,,,,,,,,,,,,,,,,,,,,,,,,,,,,,,,,,,,,,,,,,,,,,,,,,,,,,,,,,,,,,,,,,,,,,,,,,,,,,,,,,,,,,,,,,,,,,,,,,,,,,,,,,,,,,,,,,,,,,,,,,,,27111507,,,,,,,,,,,,,,,,,,,75%,No
,,,,,,,Power Tools,Saws,Blades,,49-93-9207,"49-93-9207 Milw 7"" Diamond - Tile Blade",,,,Milwaukee Accessory (4031),Milwaukee Tool,Milwaukee®,Milwaukee®,49-93-9207,,Power Tools>Saws>Blades,"Milwaukee Tool, Milwaukee, Tile Blade, 49-93-9207, Milw 7"" Diamond - Tile Blade",TILE BLADE,MILWAUKEE 49-93-9207 Tile Blade With Diamond,"MILWAUKEE, Tile Blade, With Diamond","Tile Blade, Diamond","Upgrade your home with the Milwaukee® Tile Blade, designed to deliver exceptional performance and reliability. Featuring Diamond, this Tile Blade combines innovative technology with sleek design to meet your everyday needs.",Diamond,,,,,,,,,,,,,,,,,,,,With Diamond,,,Tile Blade,,Tile Blade,Color,Yellow,,Feature,Diamond,,,,,,,,,,,,,,,,,,,,,,,,,,,,,,,,,,,,,,,,,,,,,,,,,,,,,,,,,,,,,,,,,,,,,,,,,,,,,,,,,,,,,,,,,,,,,,,,,,,,,,,,,,,,,,,,,,,,,,,,,,,,,,,,,,,,,,,,,,,,,,,,,,,,,27111507,,,,,,,,,,,,,,,,,,,75%,No
,,,,,,,Power Tools,Saws,Blades,,49-93-9210,"49-93-9210 Milw 10"" Diamond - Tile Blade",,,,Milwaukee Accessory (4031),Milwaukee Tool,Milwaukee®,Milwaukee®,49-93-9210,,Power Tools>Saws>Blades,"Milwaukee Tool, Milwaukee, Tile Blade, 49-93-9210, Milw 10"" Diamond - Tile Blade",TILE BLADE,MILWAUKEE 49-93-9210 Tile Blade With Diamond,"MILWAUKEE, Tile Blade, With Diamond","Tile Blade, Diamond","Upgrade your home with the Milwaukee® Tile Blade, designed to deliver exceptional performance and reliability. Featuring Diamond, this Tile Blade combines innovative technology with sleek design to meet your everyday needs.",Diamond,,,,,,,,,,,,,,,,,,,,With Diamond,,,Tile Blade,,Tile Blade,Color,Yellow,,Feature,Diamond,,,,,,,,,,,,,,,,,,,,,,,,,,,,,,,,,,,,,,,,,,,,,,,,,,,,,,,,,,,,,,,,,,,,,,,,,,,,,,,,,,,,,,,,,,,,,,,,,,,,,,,,,,,,,,,,,,,,,,,,,,,,,,,,,,,,,,,,,,,,,,,,,,,,,27111507,,,,,,,,,,,,,,,,,,,75%,No
,,,,,,,Power Tools,Saws,Blades,,49-93-9202,"49-93-9202 Milw 4"" Diamond - Tile Blade",,,,Milwaukee Accessory (4031),Milwaukee Tool,Milwaukee®,Milwaukee®,49-93-9202,,Power Tools>Saws>Blades,"Milwaukee Tool, Milwaukee, Tile Blade, 49-93-9202, Milw 4"" Diamond - Tile Blade",TILE BLADE,MILWAUKEE 49-93-9202 Tile Blade With Diamond,"MILWAUKEE, Tile Blade, With Diamond","Tile Blade, Diamond","Upgrade your home with the Milwaukee® Tile Blade, designed to deliver exceptional performance and reliability. Featuring Diamond, this Tile Blade combines innovative technology with sleek design to meet your everyday needs.",Diamond,,,,,,,,,,,,,,,,,,,,With Diamond,,,Tile Blade,,Tile Blade,Color,Yellow,,Feature,Diamond,,,,,,,,,,,,,,,,,,,,,,,,,,,,,,,,,,,,,,,,,,,,,,,,,,,,,,,,,,,,,,,,,,,,,,,,,,,,,,,,,,,,,,,,,,,,,,,,,,,,,,,,,,,,,,,,,,,,,,,,,,,,,,,,,,,,,,,,,,,,,,,,,,,,,27111507,,,,,,,,,,,,,,,,,,,75%,No
,,,,,,,Power Tools,Saws,Blades,,49-93-9205,"49-93-9205 Milw 5"" Diamond - Tile Blade",,,,Milwaukee Accessory (4031),Milwaukee Tool,Milwaukee®,Milwaukee®,49-93-9205,,Power Tools>Saws>Blades,"Milwaukee Tool, Milwaukee, Tile Blade, 49-93-9205, Milw 5"" Diamond - Tile Blade",TILE BLADE,MILWAUKEE 49-93-9205 Tile Blade With Diamond,"MILWAUKEE, Tile Blade, With Diamond","Tile Blade, Diamond","Upgrade your home with the Milwaukee® Tile Blade, designed to deliver exceptional performance and reliability. Featuring Diamond, this Tile Blade combines innovative technology with sleek design to meet your everyday needs.",Diamond,,,,,,,,,,,,,,,,,,,,With Diamond,,,Tile Blade,,Tile Blade,Color,Yellow,,Feature,Diamond,,,,,,,,,,,,,,,,,,,,,,,,,,,,,,,,,,,,,,,,,,,,,,,,,,,,,,,,,,,,,,,,,,,,,,,,,,,,,,,,,,,,,,,,,,,,,,,,,,,,,,,,,,,,,,,,,,,,,,,,,,,,,,,,,,,,,,,,,,,,,,,,,,,,,27111507,,,,,,,,,,,,,,,,,,,75%,No
,,,,,,,Power Tools,Drill Bits,Hole Saws,,49-22-4702,49-22-4702 Milw 13pc Quik-Lock Hole Dozer Kit,,,,Milwaukee Accessory (4031),Milwaukee Tool,Milwaukee®,Milwaukee®,49-22-4702,,Power Tools>Drill Bits>Hole Saws,"Milwaukee Tool, Milwaukee, Hole Saw, 49-22-4702, Quantity=13, Pack Type=Kit",HOLE SAW,MILWAUKEE 49-22-4702 Hole Saw,"MILWAUKEE, Hole Saw",Hole Saw,"Discover the Milwaukee® Hole Saw, engineered for outstanding performance and lasting durability. With a focus on quality and efficiency, this Hole Saw is the perfect addition to any modern home.",,,,,,,,,,,,,,,,,,,,,,,,Hole Saw,,Hole Saw,Quantity,13,EA,Pack Type,Kit,,Color,Yellow,,,,,,,,,,,,,,,,,,,,,,,,,,,,,,,,,,,,,,,,,,,,,,,,,,,,,,,,,,,,,,,,,,,,,,,,,,,,,,,,,,,,,,,,,,,,,,,,,,,,,,,,,,,,,,,,,,,,,,,,,,,,,,,,,,,,,,,,,,,,,,,,,,27111904,,,,,,,,,,,,,,,,,,,80%,No
,,,,,,,Power Tools,Saws,,,DJT155HHM,"DJT155HHM Diablo 3-3/5"" 10 TPI - Jig Saw Blade",,,,Freud Inc (2435),Freud Inc,Diablo®,Diablo®,DJT155HHM,,Power Tools>Saws,"Freud Inc, Diablo, DJT155HHM, Diablo 3-3/5"" 10 TPI - Jig Saw Blade, Yellow",DJT155HHM DIABLO 3-3/5  10 TPI - JIG SAW,DIABLO DJT155HHM,DIABLO,,"Discover the Diablo® product, engineered for outstanding performance and lasting durability. With a focus on quality and efficiency, this product is the perfect addition to any modern home.",,,,,,,,,,,,,,,,,,,,,,,,,,,Color,Yellow,,,,,,,,,,,,,,,,,,,,,,,,,,,,,,,,,,,,,,,,,,,,,,,,,,,,,,,,,,,,,,,,,,,,,,,,,,,,,,,,,,,,,,,,,,,,,,,,,,,,,,,,,,,,,,,,,,,,,,,,,,,,,,,,,,,,,,,,,,,,,,,,,,,,,,,,27111500,,,,,,,,,,,,,,,,,,,65%,No
,,,,,,,Power Tools,Planers,,,790.82,790.820 CMT Planer Blade 2pc,,,,CMT USA Inc (CMTUS),CMT USA Inc,CMT®,CMT®,790.82,,Power Tools>Planers,"CMT USA Inc, CMT, Planer, 790.82, Quantity=2, 0 CMT Planer Blade 2pc, Yellow",PLANER YELLOW,CMT 790.82 Planer,"CMT, Planer",Planer,"Discover the CMT® Planer, engineered for outstanding performance and lasting durability. With a focus on quality and efficiency, this Planer is the perfect addition to any modern home.",,,,,,,,,,,,,,,,,,,,,,,,Planer,,Planer,Quantity,2,EA,Color,Yellow,,,,,,,,,,,,,,,,,,,,,,,,,,,,,,,,,,,,,,,,,,,,,,,,,,,,,,,,,,,,,,,,,,,,,,,,,,,,,,,,,,,,,,,,,,,,,,,,,,,,,,,,,,,,,,,,,,,,,,,,,,,,,,,,,,,,,,,,,,,,,,,,,,,,,27112400,,,,,,,,,,,,,,,,,,Low Confidence,55%,No
,,,,,,,Power Tools,Planers,,,794.321,794.321 HS Planer Knives 3pc,,,,CMT USA Inc (CMTUS),CMT USA Inc,CMT®,CMT®,794.321,,Power Tools>Planers,"CMT USA Inc, CMT, Planer, 794.321, Quantity=3, HS Planer Knives 3pc, Yellow",PLANER YELLOW,CMT 794.321 Planer,"CMT, Planer",Planer,"Discover the CMT® Planer, engineered for outstanding performance and lasting durability. With a focus on quality and efficiency, this Planer is the perfect addition to any modern home.",,,,,,,,,,,,,,,,,,,,,,,,Planer,,Planer,Quantity,3,EA,Color,Yellow,,,,,,,,,,,,,,,,,,,,,,,,,,,,,,,,,,,,,,,,,,,,,,,,,,,,,,,,,,,,,,,,,,,,,,,,,,,,,,,,,,,,,,,,,,,,,,,,,,,,,,,,,,,,,,,,,,,,,,,,,,,,,,,,,,,,,,,,,,,,,,,,,,,,,27112400,,,,,,,,,,,,,,,,,,Low Confidence,55%,No
,,,,,,,Power Tools,Saws,,,49-22-5641,49-22-5641 Milw Packout 15pc - Sawzall Blade Kit,,,,Milwaukee Accessory (4031),Milwaukee Tool,Milwaukee®,Milwaukee®,49-22-5641,,Power Tools>Saws,"Milwaukee Tool, Milwaukee, 49-22-5641, Quantity=15, Pack Type=Kit",49-22-5641 MILW PACKOUT 15PC - SAWZALL B,MILWAUKEE 49-22-5641,MILWAUKEE,,"Discover the Milwaukee® product, engineered for outstanding performance and lasting durability. With a focus on quality and efficiency, this product is the perfect addition to any modern home.",,,,,,,,,,,,,,,,,,,,,,,,,,,Quantity,15,EA,Pack Type,Kit,,Color,Yellow,,,,,,,,,,,,,,,,,,,,,,,,,,,,,,,,,,,,,,,,,,,,,,,,,,,,,,,,,,,,,,,,,,,,,,,,,,,,,,,,,,,,,,,,,,,,,,,,,,,,,,,,,,,,,,,,,,,,,,,,,,,,,,,,,,,,,,,,,,,,,,,,,,27111500,,,,,,,,,,,,,,,,,,,70%,No
,,,,,,,Building Materials,Concrete & Masonry,Cement,,D0604TSH,"D0604TSH Diablo 6-1/2"" 4-Tooth - Cement Track Saw Blade",,,,Freud Inc (2435),Freud Inc,Diablo®,Diablo®,D0604TSH,,Building Materials & Hardscape>Concrete & Masonry>Cement,"Freud Inc, Diablo, Cement, D0604TSH, Diablo 6-1/2"" 4-Tooth - Cement Track Saw",CEMENT YELLOW,DIABLO D0604TSH Cement,"DIABLO, Cement",Cement,"Discover the Diablo® Cement, engineered for outstanding performance and lasting durability. With a focus on quality and efficiency, this Cement is the perfect addition to any modern home.",,,,,,,,,,,,,,,,,,,,,,,,Cement,,Cement,Color,Yellow,,,,,,,,,,,,,,,,,,,,,,,,,,,,,,,,,,,,,,,,,,,,,,,,,,,,,,,,,,,,,,,,,,,,,,,,,,,,,,,,,,,,,,,,,,,,,,,,,,,,,,,,,,,,,,,,,,,,,,,,,,,,,,,,,,,,,,,,,,,,,,,,,,,,,,,,30140300,,,,,,,,,,,,,,,,,,,75%,No
,,,,,,,Power Tools,Saws,,,D0620TSR,"D0620TSR Diablo 6-1/2""20 Tooth - Framing Saw Blade",,,,Freud Inc (2435),Freud Inc,Diablo®,Diablo®,D0620TSR,,Power Tools>Saws,"Freud Inc, Diablo, D0620TSR, 1/2"", Diablo 6-1/2""20 Tooth - Framing Saw Blad",PRODUCT 1/2IN,DIABLO D0620TSR,"DIABLO, 1/2 in",,"Discover the Diablo® product, engineered for outstanding performance and lasting durability. With a focus on quality and efficiency, this product is the perfect addition to any modern home.",,,,,,,,,,,,,,,,,,,,,,,,,,,length,1/2 in,,Color,Yellow,,,,,,,,,,,,,,,,,,,,,,,,,,,,,,,,,,,,,,,,,,,,,,,,,,,,,,,,,,,,,,,,,,,,,,,,,,,,,,,,,,,,,,,,,,,,,,,,,,,,,,,,,,,,,,,,,,,,,,,,,,,,,,,,,,,,,,,,,,,,,,,,,,,,,27111500,,,,,1/2 in,,,,,,,,,,,,,,65%,No
,,,,,,,Building Materials,Lumber & Sheathing,Plywood,,D0648TSF,"D0648TSF Diablo 6-1/2""48 Tooth - Plywood Track Saw Blade",,,,Freud Inc (2435),Freud Inc,Diablo®,Diablo®,D0648TSF,,Building Materials & Hardscape>Lumber & Sheathing>Plywood,"Diablo®, Plywood, 1/2"", Wood, Yellow, 6-1/2""48 Tooth - Track Saw Blade",PLYWOOD 1/2IN,DIABLO D0648TSF Plywood,"DIABLO, Plywood, 1/2 in",Plywood,"Discover the Diablo® Plywood, engineered for outstanding performance and lasting durability. With a focus on quality and efficiency, this Plywood is the perfect addition to any modern home.",,,,,,,,,,,,,,,,,,,,,,,,Plywood,,Plywood,length,1/2 in,,Material,Wood,,Color,Yellow,,,,,,,,,,,,,,,,,,,,,,,,,,,,,,,,,,,,,,,,,,,,,,,,,,,,,,,,,,,,,,,,,,,,,,,,,,,,,,,,,,,,,,,,,,,,,,,,,,,,,,,,,,,,,,,,,,,,,,,,,,,,,,,,,,,,,,,,,,,,,,,,,,30111600,,,,,1/2 in,,,,,,,,,,,,,,80%,No
,,,,,,,Power Tools,Saws,,,D0652TSL,"D0652TSL Diablo 6-1/2""52 Tooth - Laminate Track Saw Blade",,,,Freud Inc (2435),Freud Inc,Diablo®,Diablo®,D0652TSL,,Power Tools>Saws,"Diablo®, 1/2"", Natural, 6-1/2""52 Tooth - Laminate Track Saw Blade",PRODUCT 1/2IN,DIABLO D0652TSL,"DIABLO, 1/2 in",,"Discover the Diablo® product, engineered for outstanding performance and lasting durability. With a focus on quality and efficiency, this product is the perfect addition to any modern home.",,,,,,,,,,,,,,,,,,,,,,,,,,,Color,Slate,,length,1/2 in,,,,,,,,,,,,,,,,,,,,,,,,,,,,,,,,,,,,,,,,,,,,,,,,,,,,,,,,,,,,,,,,,,,,,,,,,,,,,,,,,,,,,,,,,,,,,,,,,,,,,,,,,,,,,,,,,,,,,,,,,,,,,,,,,,,,,,,,,,,,,,,,,,,,,27111500,,,,,1/2 in,,,,,,,,,,,,,,65%,No
,,,,,,,Power Tools,Saws,,,JT1-549,"JT1-549 JWBS18SFX 18"" Bandsaw - 1.75HP 1PH 115V",,,,JPW Industries (JPWIN),GE Appliances,GE®,GE®,JT1-549,,Power Tools>Saws,"GE Appliances, GE, JT1-549, Voltage=115, JWBS18SFX 18"" Bandsaw - 1.75HP 1PH 115V",115V YELLOW,GE JT1-549,"GE, 115 Voltage",,"Discover the GE® product, engineered for outstanding performance and lasting durability. With a focus on quality and efficiency, this product is the perfect addition to any modern home.",,,,,,,,,,,,,,,,,,,,,,,,,,,Voltage,115,V,Voltage Rating,115,,Color,Yellow,,,,,,,,,,,,,,,,,,,,,,,,,,,,,,,,,,,,,,,,,,,,,,,,,,,,,,,,,,,,,,,,,,,,,,,,,,,,,,,,,,,,,,,,,,,,,,,,,,,,,,,,,,,,,,,,,,,,,,,,,,,,,,,,,,,,,,,,,,,,,,,,,,27111500,,,,,,,,,,,,,,,,,,,70%,No
,,,,,,,Power Tools,Saws,,,JT1-1371,"JWBS14-SFX-BLK Jet 14"" Bandsaw - JT1-1371",,,,JPW Industries (JPWIN),GE Appliances,GE®,GE®,JT1-1371,,Power Tools>Saws,"GE Appliances, GE, JT1-1371, JWBS14-SFX-BLK Jet 14"" Bandsaw - JT1-137, Yellow",JWBS14-SFX-BLK JET 14  BANDSAW - JT1-137,GE JT1-1371,GE,,"Discover the GE® product, engineered for outstanding performance and lasting durability. With a focus on quality and efficiency, this product is the perfect addition to any modern home.",,,,,,,,,,,,,,,,,,,,,,,,,,,Color,Yellow,,,,,,,,,,,,,,,,,,,,,,,,,,,,,,,,,,,,,,,,,,,,,,,,,,,,,,,,,,,,,,,,,,,,,,,,,,,,,,,,,,,,,,,,,,,,,,,,,,,,,,,,,,,,,,,,,,,,,,,,,,,,,,,,,,,,,,,,,,,,,,,,,,,,,,,,27111500,,,,,,,,,,,,,,,,,,,65%,No
,,,,,,,Power Tools,Saws,,,JT9-714400K,"JWBS-14SFX 14"" Bandsaw JTP-714400K",,,,JPW Industries (JPWIN),GE Appliances,GE®,GE®,JT9-714400K,,Power Tools>Saws,"GE Appliances, GE, JT9-714400K, JWBS-14SFX 14"" Bandsaw JTP-714400K, Yellow",JWBS-14SFX 14  BANDSAW JTP-714400K,GE JT9-714400K,GE,,"Discover the GE® product, engineered for outstanding performance and lasting durability. With a focus on quality and efficiency, this product is the perfect addition to any modern home.",,,,,,,,,,,,,,,,,,,,,,,,,,,Color,Yellow,,,,,,,,,,,,,,,,,,,,,,,,,,,,,,,,,,,,,,,,,,,,,,,,,,,,,,,,,,,,,,,,,,,,,,,,,,,,,,,,,,,,,,,,,,,,,,,,,,,,,,,,,,,,,,,,,,,,,,,,,,,,,,,,,,,,,,,,,,,,,,,,,,,,,,,,27111500,,,,,,,,,,,,,,,,,,,65%,No
,,,,,,,Power Tools,Saws,,,2834-21HD,"2834-21HD Milw M18 7-1/4"" Circ - Saw Kit",,,Milwaukee,Milwaukee Accessory (4031),Milwaukee Tool,Milwaukee®,Milwaukee®,2834-21HD,,Power Tools>Saws,"Milwaukee Tool, Milwaukee, 2834-21HD, Cordless=M18, Pack Type=Kit",2834-21HD MILW M18 7-1/4  CIRC - SAW KIT,MILWAUKEE 2834-21HD,MILWAUKEE,,"Discover the Milwaukee® product, engineered for outstanding performance and lasting durability. With a focus on quality and efficiency, this product is the perfect addition to any modern home.",,,,,,,,,,,,,,,,,,,,,,,,,,,Cordless,M18,,Pack Type,Kit,,Color,Yellow,,,,,,,,,,,,,,,,,,,,,,,,,,,,,,,,,,,,,,,,,,,,,,,,,,,,,,,,,,,,,,,,,,,,,,,,,,,,,,,,,,,,,,,,,,,,,,,,,,,,,,,,,,,,,,,,,,,,,,,,,,,,,,,,,,,,,,,,,,,,,,,,,,27111500,,,,,,,,,,,,,,,,,,,70%,No
,,,,,,,Power Tools,Saws,,,DCS383B,"DCS383B Dewalt 20V 7-1/4"" - Metal Cutting Circ Saw",,,,Black & Decker/dewlt (2585),DeWalt Industrial Tool,DeWalt®,DeWalt®,DCS383B,,Power Tools>Saws,"DeWalt Industrial Tool, DeWalt, DCS383B, Voltage=20, Cordless=20V",20V YELLOW,DEWALT DCS383B,"DEWALT, 20 Voltage",,"Discover the DeWalt® product, engineered for outstanding performance and lasting durability. With a focus on quality and efficiency, this product is the perfect addition to any modern home.",,,,,,,,,,,,,,,,,,,,,,,,,,,Voltage,20,V,Cordless,20V,,Voltage Rating,20,,Color,Yellow,,,,,,,,,,,,,,,,,,,,,,,,,,,,,,,,,,,,,,,,,,,,,,,,,,,,,,,,,,,,,,,,,,,,,,,,,,,,,,,,,,,,,,,,,,,,,,,,,,,,,,,,,,,,,,,,,,,,,,,,,,,,,,,,,,,,,,,,,,,,,,,27111500,,,,,,,,,,,,,,,,,,,70%,No
,,,,,,,Power Tools,Saws,Circular Saws,,DCS590B,"DCS590B Dewalt 20V Cordless - 7-1/4"" Circular Saw (Bare)",,,DEWALT,Black & Decker/dewlt (2585),Black & Decker/dewlt,DeWalt®,DeWalt®,DCS590B,,Power Tools>Saws>Circular Saws,"Black & Decker/dewlt, DeWalt, Circular Saw, DCS590B, Voltage=20, Cordless=20V",CIRCULAR SAW 20V,DEWALT DCS590B Circular Saw With Cordless,"DEWALT, Circular Saw, With Cordless, 20 Voltage","Circular Saw, Cordless","Upgrade your home with the DeWalt® Circular Saw, designed to deliver exceptional performance and reliability. Featuring Cordless, this Circular Saw combines innovative technology with sleek design to meet your everyday needs.",Cordless,,,,,,,,,,,,,,,,,,,,With Cordless,,,Circular Saw,,Circular Saw,Voltage,20,V,Cordless,20V,,Voltage Rating,20,,Color,Yellow,,Feature,Cordless,,,,,,,,,,,,,,,,,,,,,,,,,,,,,,,,,,,,,,,,,,,,,,,,,,,,,,,,,,,,,,,,,,,,,,,,,,,,,,,,,,,,,,,,,,,,,,,,,,,,,,,,,,,,,,,,,,,,,,,,,,,,,,,,,,,,,,,,,,,,27111501,,,,,,,,,,,,,,,,,,,85%,No
,,,,,,,Power Tools,Saws,,,KPTCS725A,"KPTCS725A Kreg 20V Ionic 7-1/4"" Circ Saw",,,,Kreg Tool Company (KRETO),Kreg Tool Company,Kreg®,Kreg®,KPTCS725A,,Power Tools>Saws,"Kreg Tool Company, Kreg, KPTCS725A, Voltage=20, Amperage=725, Cordless=20V",20V 725A YELLOW,KREG KPTCS725A,"KREG, 20 Voltage, 725 Amperage",,"Discover the Kreg® product, engineered for outstanding performance and lasting durability. With a focus on quality and efficiency, this product is the perfect addition to any modern home.",,,,,,,,,,,,,,,,,,,,,,,,,,,Voltage,20,V,Amperage,725,A,Cordless,20V,,Voltage Rating,20,,Amperage Rating,725,,Color,Yellow,,,,,,,,,,,,,,,,,,,,,,,,,,,,,,,,,,,,,,,,,,,,,,,,,,,,,,,,,,,,,,,,,,,,,,,,,,,,,,,,,,,,,,,,,,,,,,,,,,,,,,,,,,,,,,,,,,,,,,,,,,,,,,,,,,,,,,,,,27111500,,,,,,,,,,,,,,,,,,,65%,No
,,,,,,,Power Tools,Saws,,,KPTCS450A,"KPTCS450A Kreg 20V Ionic 4-1/2"" Circ Saw",,,,Kreg Tool Company (KRETO),Kreg Tool Company,Kreg®,Kreg®,KPTCS450A,,Power Tools>Saws,"Kreg Tool Company, Kreg, KPTCS450A, Voltage=20, Amperage=450, Cordless=20V",20V 450A YELLOW,KREG KPTCS450A,"KREG, 20 Voltage, 450 Amperage",,"Discover the Kreg® product, engineered for outstanding performance and lasting durability. With a focus on quality and efficiency, this product is the perfect addition to any modern home.",,,,,,,,,,,,,,,,,,,,,,,,,,,Voltage,20,V,Amperage,450,A,Cordless,20V,,Voltage Rating,20,,Amperage Rating,450,,Color,Yellow,,,,,,,,,,,,,,,,,,,,,,,,,,,,,,,,,,,,,,,,,,,,,,,,,,,,,,,,,,,,,,,,,,,,,,,,,,,,,,,,,,,,,,,,,,,,,,,,,,,,,,,,,,,,,,,,,,,,,,,,,,,,,,,,,,,,,,,,,27111500,,,,,,,,,,,,,,,,,,,65%,No
,,,,,,,Power Tools,Saws,,,2545-20,2545-20 Milw M12 Jig Saw,,,Milwaukee,Milwaukee Accessory (4031),Milwaukee Tool,Milwaukee®,Milwaukee®,2545-20,,Power Tools>Saws,"Milwaukee Tool, Milwaukee, 2545-20, Cordless=M12, Milw M12 Jig Saw, Yellow",2545-20 MILW M12 JIG SAW YELLOW,MILWAUKEE 2545-20,MILWAUKEE,,"Discover the Milwaukee® product, engineered for outstanding performance and lasting durability. With a focus on quality and efficiency, this product is the perfect addition to any modern home.",,,,,,,,,,,,,,,,,,,,,,,,,,,Cordless,M12,,Color,Yellow,,,,,,,,,,,,,,,,,,,,,,,,,,,,,,,,,,,,,,,,,,,,,,,,,,,,,,,,,,,,,,,,,,,,,,,,,,,,,,,,,,,,,,,,,,,,,,,,,,,,,,,,,,,,,,,,,,,,,,,,,,,,,,,,,,,,,,,,,,,,,,,,,,,,,27111500,,,,,,,,,,,,,,,,,,,65%,No
,,,,,,,Power Tools,Saws,Jigsaws,,KPTJS100A,KPTJS100A Kreg 20V Ionic Barrel Grip Jigsaw,,,,Kreg Tool Company (KRETO),Kreg Tool Company,Kreg®,Kreg®,KPTJS100A,,Power Tools>Saws>Jigsaws,"Kreg Tool Company, Kreg, Jigsaw, KPTJS100A, Voltage=20, Amperage=100",JIGSAW 20V 100A YELLOW,KREG KPTJS100A Jigsaw,"KREG, Jigsaw, 20 Voltage, 100 Amperage",Jigsaw,"Discover the Kreg® Jigsaw, engineered for outstanding performance and lasting durability. With a focus on quality and efficiency, this Jigsaw is the perfect addition to any modern home.",,,,,,,,,,,,,,,,,,,,,,,,Jigsaw,,Jigsaw,Voltage,20,V,Amperage,100,A,Cordless,20V,,Voltage Rating,20,,Amperage Rating,100,,Color,Yellow,,,,,,,,,,,,,,,,,,,,,,,,,,,,,,,,,,,,,,,,,,,,,,,,,,,,,,,,,,,,,,,,,,,,,,,,,,,,,,,,,,,,,,,,,,,,,,,,,,,,,,,,,,,,,,,,,,,,,,,,,,,,,,,,,,,,,,,,,27111506,,,,,,,,,,,,,,,,,,,75%,No
,,,,,,,Power Tools,Saws,Miter Saws,,DCS714B,"DCS714B Dewalt 20V Miter Saw - (Bare) 10"" Double Bevel Fixed",,,,Black & Decker/dewlt (2585),DeWalt Industrial Tool,DeWalt®,DeWalt®,DCS714B,,Power Tools>Saws>Miter Saws,"DeWalt Industrial Tool, DeWalt, Miter Saw, DCS714B, Voltage=20, Cordless=20V",MITER SAW 20V,DEWALT DCS714B Miter Saw,"DEWALT, Miter Saw, 20 Voltage",Miter Saw,"Discover the DeWalt® Miter Saw, engineered for outstanding performance and lasting durability. With a focus on quality and efficiency, this Miter Saw is the perfect addition to any modern home.",,,,,,,,,,,,,,,,,,,,,,,,Miter Saw,,Miter Saw,Voltage,20,V,Cordless,20V,,Voltage Rating,20,,Color,Yellow,,,,,,,,,,,,,,,,,,,,,,,,,,,,,,,,,,,,,,,,,,,,,,,,,,,,,,,,,,,,,,,,,,,,,,,,,,,,,,,,,,,,,,,,,,,,,,,,,,,,,,,,,,,,,,,,,,,,,,,,,,,,,,,,,,,,,,,,,,,,,,,27111502,,,,,,,,,,,,,,,,,,,80%,No
,,,,,,,Power Tools,Saws,Miter Saws,,DCS785B,"DCS785B Dewalt 20V Miter Saw - Kit 12"" Double Bevel Sliding",,,,Black & Decker/dewlt (2585),DeWalt Industrial Tool,DeWalt®,DeWalt®,DCS785B,,Power Tools>Saws>Miter Saws,"DeWalt Industrial Tool, DeWalt, Miter Saw, DCS785B, Voltage=20, Cordless=20V",MITER SAW 20V,DEWALT DCS785B Miter Saw,"DEWALT, Miter Saw, 20 Voltage",Miter Saw,"Discover the DeWalt® Miter Saw, engineered for outstanding performance and lasting durability. With a focus on quality and efficiency, this Miter Saw is the perfect addition to any modern home.",,,,,,,,,,,,,,,,,,,,,,,,Miter Saw,,Miter Saw,Voltage,20,V,Cordless,20V,,Pack Type,Kit,,Voltage Rating,20,,Color,Yellow,,,,,,,,,,,,,,,,,,,,,,,,,,,,,,,,,,,,,,,,,,,,,,,,,,,,,,,,,,,,,,,,,,,,,,,,,,,,,,,,,,,,,,,,,,,,,,,,,,,,,,,,,,,,,,,,,,,,,,,,,,,,,,,,,,,,,,,,,,,,27111502,,,,,,,,,,,,,,,,,,,85%,No
,,,,,,,Power Tools,Saws,Miter Saws,,GSL02M1,"GSL02M1 Makita Miter Saw - 40V 8-1/2""",,,,Makita Usa Inc (5142),Makita USA,Makita®,Makita®,GSL02M1,,Power Tools>Saws>Miter Saws,"Makita USA, Makita, Miter Saw, GSL02M1, Voltage=40, Cordless=40V",MITER SAW 40V,MAKITA GSL02M1 Miter Saw,"MAKITA, Miter Saw, 40 Voltage",Miter Saw,"Discover the Makita® Miter Saw, engineered for outstanding performance and lasting durability. With a focus on quality and efficiency, this Miter Saw is the perfect addition to any modern home.",,,,,,,,,,,,,,,,,,,,,,,,Miter Saw,,Miter Saw,Voltage,40,V,Cordless,40V,,Voltage Rating,40,,Color,Yellow,,,,,,,,,,,,,,,,,,,,,,,,,,,,,,,,,,,,,,,,,,,,,,,,,,,,,,,,,,,,,,,,,,,,,,,,,,,,,,,,,,,,,,,,,,,,,,,,,,,,,,,,,,,,,,,,,,,,,,,,,,,,,,,,,,,,,,,,,,,,,,,27111502,,,,,,,,,,,,,,,,,,,80%,No
,,,,,,,Power Tools,Saws,Miter Saws,,DW7029,DW7029 Dewalt Miter Saw - Stand Support/Stop,,,,Black & Decker/dewlt (2585),DeWalt Industrial Tool,DeWalt®,DeWalt®,DW7029,,Power Tools>Saws>Miter Saws,"DeWalt®, Miter Saw, Stainless Steel, Yellow, - Stand Support/Stop",MITER SAW STAINLESS STEEL 120V 15A 24IN,DEWALT DW7029 Miter Saw,"DEWALT, Miter Saw, 120 Voltage, 15 Amperage, 24 Width, Stainless Steel Material, 44",Miter Saw,"Discover the DeWalt® Miter Saw, engineered for outstanding performance and lasting durability. With a focus on quality and efficiency, this Miter Saw is the perfect addition to any modern home.",,,,,,,,,,,,,,,,,,,,,,,,Miter Saw,,Miter Saw,Voltage Rating,120,,Amperage Rating,15,,Sound Level,44,,Width,24,,material,Stainless Steel,,Color,Yellow,,,,,,,,,,,,,,,,,,,,,,,,,,,,,,,,,,,,,,,,,,,,,,,,,,,,,,,,,,,,,,,,,,,,,,,,,,,,,,,,,,,,,,,,,,,,,,,,,,,,,,,,,,,,,,,,,,,,,,,,,,,,,,,,,,,,,,,,,27111502,,,,,,,,,24,,,,,,,,,,85%,No
,,,,,,,Power Tools,Saws,,,DCS384B,DCS384B Dewalt 20V Brushless - Cordless Recip Saw (Bare),,,DEWALT,Black & Decker/dewlt (2585),Black & Decker/dewlt,DeWalt®,DeWalt®,DCS384B,,Power Tools>Saws,"Black & Decker/dewlt, DeWalt, DCS384B, Voltage=20, Cordless=20V",20V YELLOW,"DEWALT DCS384B With Cordless, Brushless","DEWALT, With Cordless, Brushless, 20 Voltage","Cordless, Brushless","Upgrade your home with the DeWalt® product, designed to deliver exceptional performance and reliability. Featuring Cordless, Brushless, this product combines innovative technology with sleek design to meet your everyday needs.",Cordless,Brushless,,,,,,,,,,,,,,,,,,,"With Cordless, Brushless",,,,,,Voltage,20,V,Cordless,20V,,Motor Type,Brushless,,Voltage Rating,20,,Color,Yellow,,Feature,Cordless,,Feature,Brushless,,,,,,,,,,,,,,,,,,,,,,,,,,,,,,,,,,,,,,,,,,,,,,,,,,,,,,,,,,,,,,,,,,,,,,,,,,,,,,,,,,,,,,,,,,,,,,,,,,,,,,,,,,,,,,,,,,,,,,,,,,,,,,,,,,,,,,27111500,,,,,,,,,,,,,,,,,,,75%,No
,,,,,,,Power Tools,Saws,,,XRJ08Z,XRJ08Z Makita 18V Recip Saw - Bare Tool,,,,Makita Usa Inc (5142),Makita USA,Makita®,Makita®,XRJ08Z,,Power Tools>Saws,"Makita USA, Makita, XRJ08Z, Voltage=18, Cordless=18V",18V YELLOW,MAKITA XRJ08Z,"MAKITA, 18 Voltage",,"Discover the Makita® product, engineered for outstanding performance and lasting durability. With a focus on quality and efficiency, this product is the perfect addition to any modern home.",,,,,,,,,,,,,,,,,,,,,,,,,,,Voltage,18,V,Cordless,18V,,Voltage Rating,18,,Color,Yellow,,,,,,,,,,,,,,,,,,,,,,,,,,,,,,,,,,,,,,,,,,,,,,,,,,,,,,,,,,,,,,,,,,,,,,,,,,,,,,,,,,,,,,,,,,,,,,,,,,,,,,,,,,,,,,,,,,,,,,,,,,,,,,,,,,,,,,,,,,,,,,,27111500,,,,,,,,,,,,,,,,,,,63%,No
,,,,,,,Power Tools,Saws,Table Saws,,G0771Z,"Grizzly G0771Z 30"" Table Saw",,,,Woodstock Intl (3658),Miele,Grizzly®,Miele®,G0771Z,,Power Tools>Saws>Table Saws,"Miele, Grizzly, Table Saw, G0771Z, Grizzly G0771Z 30"" Table Saw, Yellow",TABLE SAW,GRIZZLY G0771Z Table Saw,"GRIZZLY, Table Saw",Table Saw,"Discover the Grizzly® Table Saw, engineered for outstanding performance and lasting durability. With a focus on quality and efficiency, this Table Saw is the perfect addition to any modern home.",,,,,,,,,,,,,,,,,,,,,,,,Table Saw,,Table Saw,Color,Yellow,,,,,,,,,,,,,,,,,,,,,,,,,,,,,,,,,,,,,,,,,,,,,,,,,,,,,,,,,,,,,,,,,,,,,,,,,,,,,,,,,,,,,,,,,,,,,,,,,,,,,,,,,,,,,,,,,,,,,,,,,,,,,,,,,,,,,,,,,,,,,,,,,,,,,,,,27111503,,,,,,,,,,,,,,,,,,,65%,No
,,,,,,,Power Tools,Saws,Table Saws,,TS1017,TS1017 Table Saw Zero-Clearance Insert,,,,Robt Bosch Tool Corp (6564),Robt Bosch Tool Corp,Robt Bosch Tool,Robt Bosch Tool,TS1017,,Power Tools>Saws>Table Saws,"Robt Bosch Tool, Table Saw, Yellow, Zero-Clearance Insert, TS1017",TABLE SAW,ROBT BOSCH TOOL TS1017 Table Saw,"ROBT BOSCH TOOL, Table Saw",Table Saw,"Discover the Robt Bosch Tool Table Saw, engineered for outstanding performance and lasting durability. With a focus on quality and efficiency, this Table Saw is the perfect addition to any modern home.",,,,,,,,,,,,,,,,,,,,,,,,Table Saw,,Table Saw,Color,Yellow,,,,,,,,,,,,,,,,,,,,,,,,,,,,,,,,,,,,,,,,,,,,,,,,,,,,,,,,,,,,,,,,,,,,,,,,,,,,,,,,,,,,,,,,,,,,,,,,,,,,,,,,,,,,,,,,,,,,,,,,,,,,,,,,,,,,,,,,,,,,,,,,,,,,,,,,27111503,,,,,,,,,,,,,,,,,,,65%,No
,,,,,,,Building Materials & Hardscape,Fencing,Fencing,,XT524,"XT524 24"" XT XTENDER Fence",,,,Bow Products (BOWPR),Makita USA,Makita®,Makita®,XT524,,Building Materials & Hardscape>Fencing>Fencing,"Makita USA, Makita, XT524, 24"" XT XTENDER Fence, Yellow",XT524 24  XT XTENDER FENCE YELLOW,MAKITA XT524,MAKITA,,"Discover the Makita® product, engineered for outstanding performance and lasting durability. With a focus on quality and efficiency, this product is the perfect addition to any modern home.",,,,,,,,,,,,,,,,,,,,,,,,,,,Color,Yellow,,,,,,,,,,,,,,,,,,,,,,,,,,,,,,,,,,,,,,,,,,,,,,,,,,,,,,,,,,,,,,,,,,,,,,,,,,,,,,,,,,,,,,,,,,,,,,,,,,,,,,,,,,,,,,,,,,,,,,,,,,,,,,,,,,,,,,,,,,,,,,,,,,,,,,,,30162100,,,,,,,,,,,,,,,,,,,68%,No
,,,,,,,Building Materials & Hardscape,Fencing,Fencing,,XT536,"XT536 36"" XT XTENDER Fence",,,,Bow Products (BOWPR),Makita USA,Makita®,Makita®,XT536,,Building Materials & Hardscape>Fencing>Fencing,"Makita USA, Makita, XT536, 36"" XT XTENDER Fence, Yellow",XT536 36  XT XTENDER FENCE YELLOW,MAKITA XT536,MAKITA,,"Discover the Makita® product, engineered for outstanding performance and lasting durability. With a focus on quality and efficiency, this product is the perfect addition to any modern home.",,,,,,,,,,,,,,,,,,,,,,,,,,,Color,Yellow,,,,,,,,,,,,,,,,,,,,,,,,,,,,,,,,,,,,,,,,,,,,,,,,,,,,,,,,,,,,,,,,,,,,,,,,,,,,,,,,,,,,,,,,,,,,,,,,,,,,,,,,,,,,,,,,,,,,,,,,,,,,,,,,,,,,,,,,,,,,,,,,,,,,,,,,30162100,,,,,,,,,,,,,,,,,,,68%,No
,,,,,,,Building Materials & Hardscape,Fencing,Fencing,,XT546,"XT546 46"" XT XTENDER Fence",,,,Bow Products (BOWPR),Makita USA,Makita®,Makita®,XT546,,Building Materials & Hardscape>Fencing>Fencing,"Makita USA, Makita, XT546, 46"" XT XTENDER Fence, Yellow",XT546 46  XT XTENDER FENCE YELLOW,MAKITA XT546,MAKITA,,"Discover the Makita® product, engineered for outstanding performance and lasting durability. With a focus on quality and efficiency, this product is the perfect addition to any modern home.",,,,,,,,,,,,,,,,,,,,,,,,,,,Color,Yellow,,,,,,,,,,,,,,,,,,,,,,,,,,,,,,,,,,,,,,,,,,,,,,,,,,,,,,,,,,,,,,,,,,,,,,,,,,,,,,,,,,,,,,,,,,,,,,,,,,,,,,,,,,,,,,,,,,,,,,,,,,,,,,,,,,,,,,,,,,,,,,,,,,,,,,,,30162100,,,,,,,,,,,,,,,,,,,68%,No
,,,,,,,Building Materials & Hardscape,Fencing,Fencing,,XTP235,"35"" XTP XTENDER PRO Fence - XTP235",,,,Bow Products (BOWPR),Makita USA,Makita®,Makita®,XTP235,,Building Materials & Hardscape>Fencing>Fencing,"Makita USA, Makita, XTP235, 35"" XTP XTENDER PRO Fence - XTP235, Yellow",35  XTP XTENDER PRO FENCE - XTP235,MAKITA XTP235,MAKITA,,"Discover the Makita® product, engineered for outstanding performance and lasting durability. With a focus on quality and efficiency, this product is the perfect addition to any modern home.",,,,,,,,,,,,,,,,,,,,,,,,,,,Color,Yellow,,,,,,,,,,,,,,,,,,,,,,,,,,,,,,,,,,,,,,,,,,,,,,,,,,,,,,,,,,,,,,,,,,,,,,,,,,,,,,,,,,,,,,,,,,,,,,,,,,,,,,,,,,,,,,,,,,,,,,,,,,,,,,,,,,,,,,,,,,,,,,,,,,,,,,,,30162100,,,,,,,,,,,,,,,,,,,75%,No
,,,,,,,Building Materials & Hardscape,Fencing,Fencing,,TGP2-FA,TGP2-FA T-Glide Fence Professional,,,,Saw Stop LLC (SAWST),Saw Stop LLC,Saw Stop®,Saw Stop®,TGP2-FA,,Building Materials & Hardscape>Fencing>Fencing,"Saw Stop LLC, Saw Stop, TGP2-FA, T-Glide Fence Professional, Yellow",TGP2-FA T-GLIDE FENCE PROFESSIONAL,SAW STOP TGP2-FA,SAW STOP,,"Discover the Saw Stop® product, engineered for outstanding performance and lasting durability. With a focus on quality and efficiency, this product is the perfect addition to any modern home.",,,,,,,,,,,,,,,,,,,,,,,,,,,Color,Yellow,,,,,,,,,,,,,,,,,,,,,,,,,,,,,,,,,,,,,,,,,,,,,,,,,,,,,,,,,,,,,,,,,,,,,,,,,,,,,,,,,,,,,,,,,,,,,,,,,,,,,,,,,,,,,,,,,,,,,,,,,,,,,,,,,,,,,,,,,,,,,,,,,,,,,,,,30162100,,,,,,,,,,,,,,,,,,,65%,No
,,,,,,,Building Materials & Hardscape,Fencing,Fencing,,ATGI-FA,ATGI-FA T-Glide Advanced Fence Industrial,,,,Saw Stop LLC (SAWST),Saw Stop LLC,Saw Stop®,Saw Stop®,ATGI-FA,,Building Materials & Hardscape>Fencing>Fencing,"Saw Stop®, Yellow, T-Glide Advanced Fence Industrial, ATGI-FA",ATGI-FA T-GLIDE ADVANCED FENCE INDUSTRIA,SAW STOP ATGI-FA,SAW STOP,,"Discover the Saw Stop® product, engineered for outstanding performance and lasting durability. With a focus on quality and efficiency, this product is the perfect addition to any modern home.",,,,,,,,,,,,,,,,,,,,,,,,,,,Application,Industrial,,Color,Yellow,,,,,,,,,,,,,,,,,,,,,,,,,,,,,,,,,,,,,,,,,,,,,,,,,,,,,,,,,,,,,,,,,,,,,,,,,,,,,,,,,,,,,,,,,,,,,,,,,,,,,,,,,,,,,,,,,,,,,,,,,,,,,,,,,,,,,,,,,,,,,,,,,,,,,30162100,,,,,,,,,,,,,,,,,,,65%,No
,,,,,,,Building Materials & Hardscape,Fencing,Fencing,,ATGP-FA,ATGP-FA T-Glide Advance Fence Professional,,,,Saw Stop LLC (SAWST),Saw Stop LLC,Saw Stop®,Saw Stop®,ATGP-FA,,Building Materials & Hardscape>Fencing>Fencing,"Saw Stop LLC, Saw Stop, ATGP-FA, T-Glide Advance Fence Professional, Yellow",ATGP-FA T-GLIDE ADVANCE FENCE PROFESSION,SAW STOP ATGP-FA,SAW STOP,,"Discover the Saw Stop® product, engineered for outstanding performance and lasting durability. With a focus on quality and efficiency, this product is the perfect addition to any modern home.",,,,,,,,,,,,,,,,,,,,,,,,,,,Color,Yellow,,,,,,,,,,,,,,,,,,,,,,,,,,,,,,,,,,,,,,,,,,,,,,,,,,,,,,,,,,,,,,,,,,,,,,,,,,,,,,,,,,,,,,,,,,,,,,,,,,,,,,,,,,,,,,,,,,,,,,,,,,,,,,,,,,,,,,,,,,,,,,,,,,,,,,,,30162100,,,,,,,,,,,,,,,,,,,65%,No
,,,,,,,Building Materials & Hardscape,Fencing,Fencing,,TGI2-FA,TGI2-FA T-Glide Fence Indudtrial,,,,Saw Stop LLC (SAWST),Saw Stop LLC,Saw Stop®,Saw Stop®,TGI2-FA,,Building Materials & Hardscape>Fencing>Fencing,"Saw Stop LLC, Saw Stop, TGI2-FA, T-Glide Fence Indudtrial, Yellow",TGI2-FA T-GLIDE FENCE INDUDTRIAL YELLOW,SAW STOP TGI2-FA,SAW STOP,,"Discover the Saw Stop® product, engineered for outstanding performance and lasting durability. With a focus on quality and efficiency, this product is the perfect addition to any modern home.",,,,,,,,,,,,,,,,,,,,,,,,,,,Color,Yellow,,,,,,,,,,,,,,,,,,,,,,,,,,,,,,,,,,,,,,,,,,,,,,,,,,,,,,,,,,,,,,,,,,,,,,,,,,,,,,,,,,,,,,,,,,,,,,,,,,,,,,,,,,,,,,,,,,,,,,,,,,,,,,,,,,,,,,,,,,,,,,,,,,,,,,,,30162100,,,,,,,,,,,,,,,,,,,65%,No
,,,,,,,Power Tools,Table Saws,,,TGI2-T36A,"TGI2-T36A 36"" Table Assembly Industrial",,,,Saw Stop LLC (SAWST),Saw Stop LLC,Saw Stop®,Saw Stop®,TGI2-T36A,,Power Tools>Table Saws,"Saw Stop LLC, Saw Stop, Table Assembly, TGI2-T36A, Amperage=36",TABLE ASSEMBLY 36A YELLOW,SAW STOP TGI2-T36A Table Assembly,"SAW STOP, Table Assembly, 36 Amperage",Table Assembly,"Discover the Saw Stop® Table Assembly, engineered for outstanding performance and lasting durability. With a focus on quality and efficiency, this Table Assembly is the perfect addition to any modern home.",,,,,,,,,,,,,,,,,,,,,,,,Table Assembly,,Table Assembly,Amperage,36,A,Application,Industrial,,Amperage Rating,36,,Color,Yellow,,,,,,,,,,,,,,,,,,,,,,,,,,,,,,,,,,,,,,,,,,,,,,,,,,,,,,,,,,,,,,,,,,,,,,,,,,,,,,,,,,,,,,,,,,,,,,,,,,,,,,,,,,,,,,,,,,,,,,,,,,,,,,,,,,,,,,,,,,,,,,,27111503,,,,,,,,,,,,,,,,,,,60%,No
,,,,,,,Power Tools,Saws,,,KPTBPS100A,"KPTBPS100A Kreg 20V Ionic 6-1/2"" Plunge-Cut Track Saw Kit",,,,Kreg Tool Company (KRETO),GE Appliances,GE®,GE®,KPTBPS100A,,Power Tools>Saws,"GE Appliances, GE, KPTBPS100A, Voltage=20, Amperage=100, Cordless=20V",20V 100A YELLOW,GE KPTBPS100A,"GE, 20 Voltage, 100 Amperage",,"Discover the GE® product, engineered for outstanding performance and lasting durability. With a focus on quality and efficiency, this product is the perfect addition to any modern home.",,,,,,,,,,,,,,,,,,,,,,,,,,,Voltage,20,V,Amperage,100,A,Cordless,20V,,Pack Type,Kit,,Voltage Rating,20,,Amperage Rating,100,,Color,Yellow,,,,,,,,,,,,,,,,,,,,,,,,,,,,,,,,,,,,,,,,,,,,,,,,,,,,,,,,,,,,,,,,,,,,,,,,,,,,,,,,,,,,,,,,,,,,,,,,,,,,,,,,,,,,,,,,,,,,,,,,,,,,,,,,,,,,,,27111500,,,,,,,,,,,,,,,,,,,75%,No
,,,,,,,Power Tools,Batteries & Chargers,,,DCB606C,DCB606C Dewalt Flexvolt Starter Kit,,,,Black & Decker/dewlt (2585),DeWalt Industrial Tool,DeWalt®,DeWalt®,DCB606C,,Power Tools>Batteries & Chargers,"DeWalt Industrial Tool, DeWalt, Starter Kit, DCB606C, Cordless=Flexvolt",STARTER KIT 240V 30A 26IN 7.0 YELLOW,DEWALT DCB606C Starter Kit,"DEWALT, Starter Kit, 240 Voltage, 30 Amperage, 26 Width, 7.0 Capacity",Starter Kit,"Discover the DeWalt® Starter Kit, engineered for outstanding performance and lasting durability. With a focus on quality and efficiency, this Starter Kit is the perfect addition to any modern home.",,,,,,,,,,,,,,,,,,,,,,,,Starter Kit,,Starter Kit,Cordless,Flexvolt,,Pack Type,Kit,,Voltage Rating,240,,Amperage Rating,30,,Capacity,7.0,,Width,26,,Color,Yellow,,,,,,,,,,,,,,,,,,,,,,,,,,,,,,,,,,,,,,,,,,,,,,,,,,,,,,,,,,,,,,,,,,,,,,,,,,,,,,,,,,,,,,,,,,,,,,,,,,,,,,,,,,,,,,,,,,,,,,,,,,,,,,,,,,,,,,27111905,,,,,,,,,26,,,,,,,,,,75%,No
,,,,,,,Power Tools,Batteries & Chargers,,,BL1850BDC1,BL1850BDC1 Makita Starter Kit,,,,Makita Usa Inc (5142),Makita USA,Makita®,Makita®,BL1850BDC1,,Power Tools>Batteries & Chargers,"Makita USA, Makita, Starter Kit, BL1850BDC1, Pack Type=Kit, Makita Starter Kit",STARTER KIT,MAKITA BL1850BDC1 Starter Kit,"MAKITA, Starter Kit",Starter Kit,"Discover the Makita® Starter Kit, engineered for outstanding performance and lasting durability. With a focus on quality and efficiency, this Starter Kit is the perfect addition to any modern home.",,,,,,,,,,,,,,,,,,,,,,,,Starter Kit,,Starter Kit,Pack Type,Kit,,Color,Yellow,,,,,,,,,,,,,,,,,,,,,,,,,,,,,,,,,,,,,,,,,,,,,,,,,,,,,,,,,,,,,,,,,,,,,,,,,,,,,,,,,,,,,,,,,,,,,,,,,,,,,,,,,,,,,,,,,,,,,,,,,,,,,,,,,,,,,,,,,,,,,,,,,,,,,27111905,,,,,,,,,,,,,,,,,,,65%,No
,,,,,,,Power Tools,Batteries & Chargers,,,DCB205C,DCB205C 20V Starter Kit,,,DEWALT,Black & Decker/dewlt (2585),Black & Decker/dewlt,DeWalt®,DeWalt®,DCB205C,,Power Tools>Batteries & Chargers,"Black & Decker/dewlt, DeWalt, Starter Kit, DCB205C, Voltage=20, Cordless=20V",STARTER KIT 20V,DEWALT DCB205C Starter Kit,"DEWALT, Starter Kit, 20 Voltage",Starter Kit,"Discover the DeWalt® Starter Kit, engineered for outstanding performance and lasting durability. With a focus on quality and efficiency, this Starter Kit is the perfect addition to any modern home.",,,,,,,,,,,,,,,,,,,,,,,,Starter Kit,,Starter Kit,Voltage,20,V,Cordless,20V,,Pack Type,Kit,,Voltage Rating,20,,Color,Yellow,,,,,,,,,,,,,,,,,,,,,,,,,,,,,,,,,,,,,,,,,,,,,,,,,,,,,,,,,,,,,,,,,,,,,,,,,,,,,,,,,,,,,,,,,,,,,,,,,,,,,,,,,,,,,,,,,,,,,,,,,,,,,,,,,,,,,,,,,,,,27111905,,,,,,,,,,,,,,,,,,,75%,No
,,,,,,,Power Tools,Batteries & Chargers,,,DCB2108,DCB2108 Dewalt 20V 8Ah Battery - Max XR Powerpack,,,DEWALT,Black & Decker/dewlt (2585),Black & Decker/dewlt,DeWalt®,DeWalt®,DCB2108,,Power Tools>Batteries & Chargers,"Black & Decker/dewlt, DeWalt, Battery, DCB2108, Voltage=20, Amperage=8",BATTERY 20V,DEWALT DCB2108 Battery,"DEWALT, Battery, 20 Voltage, 8 Amperage",Battery,"Discover the DeWalt® Battery, engineered for outstanding performance and lasting durability. With a focus on quality and efficiency, this Battery is the perfect addition to any modern home.",,,,,,,,,,,,,,,,,,,,,,,,Battery,,Battery,Voltage,20,V,Amperage,8,A,Cordless,20V,,Battery,8Ah,,Voltage Rating,20,,Amperage Rating,8,,Color,Yellow,,,,,,,,,,,,,,,,,,,,,,,,,,,,,,,,,,,,,,,,,,,,,,,,,,,,,,,,,,,,,,,,,,,,,,,,,,,,,,,,,,,,,,,,,,,,,,,,,,,,,,,,,,,,,,,,,,,,,,,,,,,,,,,,,,,,,,27111905,,,,,,,,,,,,,,,,,,,75%,No
,,,,,,,Power Tools,Batteries & Chargers,,,DCB2108-2,DCB2108-2 Dewalt 20V 8Ah 2pk - Battery Max XR Powerpack,,,,Black & Decker/dewlt (2585),DeWalt Industrial Tool,DeWalt®,DeWalt®,DCB2108-2,,Power Tools>Batteries & Chargers,"DeWalt Industrial Tool, DeWalt, Battery, DCB2108-2, Voltage=20, Amperage=8",BATTERY 20V,DEWALT DCB2108-2 Battery,"DEWALT, Battery, 20 Voltage, 8 Amperage",Battery,"Discover the DeWalt® Battery, engineered for outstanding performance and lasting durability. With a focus on quality and efficiency, this Battery is the perfect addition to any modern home.",,,,,,,,,,,,,,,,,,,,,,,,Battery,,Battery,Voltage,20,V,Amperage,8,A,Cordless,20V,,Battery,8Ah,,Voltage Rating,20,,Amperage Rating,8,,Color,Yellow,,,,,,,,,,,,,,,,,,,,,,,,,,,,,,,,,,,,,,,,,,,,,,,,,,,,,,,,,,,,,,,,,,,,,,,,,,,,,,,,,,,,,,,,,,,,,,,,,,,,,,,,,,,,,,,,,,,,,,,,,,,,,,,,,,,,,,27111905,,,,,,,,,,,,,,,,,,,75%,No
,,,,,,,Power Tools,Batteries & Chargers,,,VB0212,VB0212 Senco 18V 2.0 AH Lithium Battery,,,,Senco Products Inc (4650),Senco Brands,Senco®,Senco®,VB0212,,Power Tools>Batteries & Chargers,"Senco Brands, Senco, Battery, VB0212, Voltage=18, Amperage=2.0, Cordless=18V",BATTERY 18V 2.0A YELLOW,SENCO VB0212 Battery,"SENCO, Battery, 18 Voltage, 2.0 Amperage",Battery,"Discover the Senco® Battery, engineered for outstanding performance and lasting durability. With a focus on quality and efficiency, this Battery is the perfect addition to any modern home.",,,,,,,,,,,,,,,,,,,,,,,,Battery,,Battery,Voltage,18,V,Amperage,2.0,A,Cordless,18V,,Battery,2.0 AH,,Voltage Rating,18,,Amperage Rating,2.0,,Color,Yellow,,,,,,,,,,,,,,,,,,,,,,,,,,,,,,,,,,,,,,,,,,,,,,,,,,,,,,,,,,,,,,,,,,,,,,,,,,,,,,,,,,,,,,,,,,,,,,,,,,,,,,,,,,,,,,,,,,,,,,,,,,,,,,,,,,,,,,27111905,,,,,,,,,,,,,,,,,,,75%,No
,,,,,,,Power Tools,Batteries & Chargers,,,BCB2A20A,BCB2A20A Kreg 20V Battery/Charger Starter Kit,,,,Kreg Tool Company (KRETO),GE Appliances,GE®,GE®,BCB2A20A,,Power Tools>Batteries & Chargers,"GE Appliances, GE, Starter Kit, BCB2A20A, Voltage=20, Amperage=2, Cordless=20V",STARTER KIT 20V,GE BCB2A20A Starter Kit,"GE, Starter Kit, 20 Voltage, 2 Amperage",Starter Kit,"Discover the GE® Starter Kit, engineered for outstanding performance and lasting durability. With a focus on quality and efficiency, this Starter Kit is the perfect addition to any modern home.",,,,,,,,,,,,,,,,,,,,,,,,Starter Kit,,Starter Kit,Voltage,20,V,Amperage,2,A,Cordless,20V,,Pack Type,Kit,,Voltage Rating,20,,Amperage Rating,2,,Color,Yellow,,,,,,,,,,,,,,,,,,,,,,,,,,,,,,,,,,,,,,,,,,,,,,,,,,,,,,,,,,,,,,,,,,,,,,,,,,,,,,,,,,,,,,,,,,,,,,,,,,,,,,,,,,,,,,,,,,,,,,,,,,,,,,,,,,,,,,27111905,,,,,,,,,,,,,,,,,,,75%,No
,,,,,,,Power Tools,Batteries & Chargers,,,BATT4A,BATT4A Kreg 20V 4ah Battery Pack,,,,Kreg Tool Company (KRETO),Kreg Tool Company,Kreg®,Kreg®,BATT4A,,Power Tools>Batteries & Chargers,"Kreg Tool Company, Kreg, Battery, BATT4A, Voltage=20, Amperage=4, Cordless=20V",BATTERY 20V,KREG BATT4A Battery,"KREG, Battery, 20 Voltage, 4 Amperage",Battery,"Discover the Kreg® Battery, engineered for outstanding performance and lasting durability. With a focus on quality and efficiency, this Battery is the perfect addition to any modern home.",,,,,,,,,,,,,,,,,,,,,,,,Battery,,Battery,Voltage,20,V,Amperage,4,A,Cordless,20V,,Battery,4ah,,Pack Type,Pack,,Voltage Rating,20,,Amperage Rating,4,,Color,Yellow,,,,,,,,,,,,,,,,,,,,,,,,,,,,,,,,,,,,,,,,,,,,,,,,,,,,,,,,,,,,,,,,,,,,,,,,,,,,,,,,,,,,,,,,,,,,,,,,,,,,,,,,,,,,,,,,,,,,,,,,,,,,,,,,,,,27111905,,,,,,,,,,,,,,,,,,,65%,No
,,,,,,,Power Tools,Batteries & Chargers,,,BATT2A,BATT2A Kreg 20V 2ah Battery Pack,,,,Kreg Tool Company (KRETO),Kreg Tool Company,Kreg®,Kreg®,BATT2A,,Power Tools>Batteries & Chargers,"Kreg Tool Company, Kreg, Battery, BATT2A, Voltage=20, Amperage=2, Cordless=20V",BATTERY 20V,KREG BATT2A Battery,"KREG, Battery, 20 Voltage, 2 Amperage",Battery,"Discover the Kreg® Battery, engineered for outstanding performance and lasting durability. With a focus on quality and efficiency, this Battery is the perfect addition to any modern home.",,,,,,,,,,,,,,,,,,,,,,,,Battery,,Battery,Voltage,20,V,Amperage,2,A,Cordless,20V,,Battery,2ah,,Pack Type,Pack,,Voltage Rating,20,,Amperage Rating,2,,Color,Yellow,,,,,,,,,,,,,,,,,,,,,,,,,,,,,,,,,,,,,,,,,,,,,,,,,,,,,,,,,,,,,,,,,,,,,,,,,,,,,,,,,,,,,,,,,,,,,,,,,,,,,,,,,,,,,,,,,,,,,,,,,,,,,,,,,,,27111905,,,,,,,,,,,,,,,,,,,65%,No
,,,,,,,Power Tools,Batteries & Chargers,,,BL1850BDC2X1,BL1850BDC2X1 Makita Starter Kit,,,,Makita Usa Inc (5142),Makita USA,Makita®,Makita®,BL1850BDC2X1,,Power Tools>Batteries & Chargers,"Makita USA, Makita, Starter Kit, BL1850BDC2X1, 2X1, Pack Type=Kit",STARTER KIT 2X1,MAKITA BL1850BDC2X1 Starter Kit,"MAKITA, Starter Kit, 2 in Width, 1 in",Starter Kit,"Discover the Makita® Starter Kit, engineered for outstanding performance and lasting durability. With a focus on quality and efficiency, this Starter Kit is the perfect addition to any modern home.",,,,,,,,,,,,,,,,,,,,,,,,Starter Kit,,Starter Kit,Pack Type,Kit,,Width,2 in,,length,1 in,,Color,Yellow,,,,,,,,,,,,,,,,,,,,,,,,,,,,,,,,,,,,,,,,,,,,,,,,,,,,,,,,,,,,,,,,,,,,,,,,,,,,,,,,,,,,,,,,,,,,,,,,,,,,,,,,,,,,,,,,,,,,,,,,,,,,,,,,,,,,,,,,,,,,,,,27111905,,,,,1 in,,,,2 in,,,,,,,,,,70%,No
,,,,,,,Power Tools,Batteries & Chargers,,,48-11-2422,48-11-2422 Milw M12 CP2.0 Battery Two Pack,,,,Milwaukee Accessory (4031),Milwaukee Tool,Milwaukee®,Milwaukee®,48-11-2422,,Power Tools>Batteries & Chargers,"Milwaukee Tool, Milwaukee, Battery, 48-11-2422, Cordless=M12, Pack Type=Pack",BATTERY P2 YELLOW,MILWAUKEE 48-11-2422 Battery,"MILWAUKEE, Battery",Battery,"Discover the Milwaukee® Battery, engineered for outstanding performance and lasting durability. With a focus on quality and efficiency, this Battery is the perfect addition to any modern home.",,,,,,,,,,,,,,,,,,,,,,,,Battery,,Battery,Cordless,M12,,Pack Type,Pack,,Color,Yellow,,,,,,,,,,,,,,,,,,,,,,,,,,,,,,,,,,,,,,,,,,,,,,,,,,,,,,,,,,,,,,,,,,,,,,,,,,,,,,,,,,,,,,,,,,,,,,,,,,,,,,,,,,,,,,,,,,,,,,,,,,,,,,,,,,,,,,,,,,,,,,,,,,27111905,,,,,,,,,,,,,,,,,,,70%,No
,,,,,,,Power Tools,Batteries & Chargers,,,DCB1104,DCB1104 Dewalt 12V/20V Charger - 4 Amp,,,,Black & Decker/dewlt (2585),GE Appliances,GE®,GE®,DCB1104,,Power Tools>Batteries & Chargers,"GE Appliances, GE, Charger, DCB1104, Voltage=12, Amperage=4, Cordless=12V",CHARGER 12V,GE DCB1104 Charger,"GE, Charger, 12 Voltage, 4 Amperage",Charger,"Discover the GE® Charger, engineered for outstanding performance and lasting durability. With a focus on quality and efficiency, this Charger is the perfect addition to any modern home.",,,,,,,,,,,,,,,,,,,,,,,,Charger,,Charger,Voltage,12,V,Amperage,4,A,Cordless,12V,,Voltage Rating,12,,Amperage Rating,4,,Color,Yellow,,,,,,,,,,,,,,,,,,,,,,,,,,,,,,,,,,,,,,,,,,,,,,,,,,,,,,,,,,,,,,,,,,,,,,,,,,,,,,,,,,,,,,,,,,,,,,,,,,,,,,,,,,,,,,,,,,,,,,,,,,,,,,,,,,,,,,,,,27111905,,,,,,,,,,,,,,,,,,,75%,No
,,,,,,,Power Tools,Batteries & Chargers,,,48-59-1804,48-59-1804 Milw M18 and M12 Rapid Charger,,,,Milwaukee Accessory (4031),GE Appliances,GE®,GE®,48-59-1804,,Power Tools>Batteries & Chargers,"GE Appliances, GE, Charger, 48-59-1804, Amperage=18, Cordless=M18",CHARGER 18A YELLOW,GE 48-59-1804 Charger,"GE, Charger, 18 Amperage",Charger,"Discover the GE® Charger, engineered for outstanding performance and lasting durability. With a focus on quality and efficiency, this Charger is the perfect addition to any modern home.",,,,,,,,,,,,,,,,,,,,,,,,Charger,,Charger,Amperage,18,A,Cordless,M18,,Amperage Rating,18,,Color,Yellow,,,,,,,,,,,,,,,,,,,,,,,,,,,,,,,,,,,,,,,,,,,,,,,,,,,,,,,,,,,,,,,,,,,,,,,,,,,,,,,,,,,,,,,,,,,,,,,,,,,,,,,,,,,,,,,,,,,,,,,,,,,,,,,,,,,,,,,,,,,,,,,27111905,,,,,,,,,,,,,,,,,,,70%,No
,,,,,,,Power Tools,Batteries & Chargers,,,CRGR401A,CRGR401A Kreg 20V Fast Charger,,,,Kreg Tool Company (KRETO),GE Appliances,GE®,GE®,CRGR401A,,Power Tools>Batteries & Chargers,"GE Appliances, GE, Charger, CRGR401A, Voltage=20, Amperage=401, Cordless=20V",CHARGER 20V 401A YELLOW,GE CRGR401A Charger,"GE, Charger, 20 Voltage, 401 Amperage",Charger,"Discover the GE® Charger, engineered for outstanding performance and lasting durability. With a focus on quality and efficiency, this Charger is the perfect addition to any modern home.",,,,,,,,,,,,,,,,,,,,,,,,Charger,,Charger,Voltage,20,V,Amperage,401,A,Cordless,20V,,Voltage Rating,20,,Amperage Rating,401,,Color,Yellow,,,,,,,,,,,,,,,,,,,,,,,,,,,,,,,,,,,,,,,,,,,,,,,,,,,,,,,,,,,,,,,,,,,,,,,,,,,,,,,,,,,,,,,,,,,,,,,,,,,,,,,,,,,,,,,,,,,,,,,,,,,,,,,,,,,,,,,,,27111905,,,,,,,,,,,,,,,,,,,75%,No
,,,,,,,Electrical,Power Supplies,,,48-59-1211,48-59-1211 Milw Power Supply - Charger,,,Milwaukee,Milwaukee Accessory (4031),Milwaukee Tool,Milwaukee®,Milwaukee®,48-59-1211,,Electrical>Power Supplies,"Milwaukee Tool, Milwaukee, Power Supply, 48-59-1211, Milw Power Supply - Charger",POWER SUPPLY,MILWAUKEE 48-59-1211 Power Supply,"MILWAUKEE, Power Supply",Power Supply,"Discover the Milwaukee® Power Supply, engineered for outstanding performance and lasting durability. With a focus on quality and efficiency, this Power Supply is the perfect addition to any modern home.",,,,,,,,,,,,,,,,,,,,,,,,Power Supply,,Power Supply,Color,Yellow,,,,,,,,,,,,,,,,,,,,,,,,,,,,,,,,,,,,,,,,,,,,,,,,,,,,,,,,,,,,,,,,,,,,,,,,,,,,,,,,,,,,,,,,,,,,,,,,,,,,,,,,,,,,,,,,,,,,,,,,,,,,,,,,,,,,,,,,,,,,,,,,,,,,,,,,39121900,,,,,,,,,,,,,,,,,,,65%,No
,,,,,,,Electrical,Power Supplies,,,2847-20,2847-20 Milw M18 Charger and Power Supply,,,,Milwaukee Accessory (4031),GE Appliances,GE®,GE®,2847-20,,Electrical>Power Supplies,"GE Appliances, GE, Power Supply, 2847-20, Milw M18 Charger and Power Supply",POWER SUPPLY,GE 2847-20 Power Supply,"GE, Power Supply",Power Supply,"Discover the GE® Power Supply, engineered for outstanding performance and lasting durability. With a focus on quality and efficiency, this Power Supply is the perfect addition to any modern home.",,,,,,,,,,,,,,,,,,,,,,,,Power Supply,,Power Supply,Color,Yellow,,,,,,,,,,,,,,,,,,,,,,,,,,,,,,,,,,,,,,,,,,,,,,,,,,,,,,,,,,,,,,,,,,,,,,,,,,,,,,,,,,,,,,,,,,,,,,,,,,,,,,,,,,,,,,,,,,,,,,,,,,,,,,,,,,,,,,,,,,,,,,,,,,,,,,,,39121900,,,,,,,,,,,,,,,,,,,65%,No
,,,,,,,Building Materials & Hardscape,,,,DWV9401,DWV9401 Dewalt Paper Bag - 5pk,,,,Black & Decker/dewlt (2585),DeWalt Industrial Tool,DeWalt®,DeWalt®,DWV9401,,Building Materials & Hardscape,"DeWalt Industrial Tool, DeWalt, DWV9401, Dewalt Paper Bag - 5pk, Yellow",DWV9401 DEWALT PAPER BAG - 5PK YELLOW,DEWALT DWV9401,DEWALT,,"Discover the DeWalt® product, engineered for outstanding performance and lasting durability. With a focus on quality and efficiency, this product is the perfect addition to any modern home.",,,,,,,,,,,,,,,,,,,,,,,,,,,Color,Yellow,,,,,,,,,,,,,,,,,,,,,,,,,,,,,,,,,,,,,,,,,,,,,,,,,,,,,,,,,,,,,,,,,,,,,,,,,,,,,,,,,,,,,,,,,,,,,,,,,,,,,,,,,,,,,,,,,,,,,,,,,,,,,,,,,,,,,,,,,,,,,,,,,,,,,,,,30000000,,,,,,,,,,,,,,,,,,Low Confidence,55%,No
,,,,,,,Power Tools,,,,578512,578512 Festool Dust Extractor-CT MIDI I HEPA,,,,Festool USA (FESTO),Festool GmbH,Festool®,Festool®,578512,,Power Tools,"Festool GmbH, Festool, 578512, Festool Dust Extractor-CT MIDI I HEPA, Yellow",578512 FESTOOL DUST EXTRACTOR-CT MIDI I ,FESTOOL 578512,FESTOOL,,"Discover the Festool® product, engineered for outstanding performance and lasting durability. With a focus on quality and efficiency, this product is the perfect addition to any modern home.",,,,,,,,,,,,,,,,,,,,,,,,,,,Color,Yellow,,,,,,,,,,,,,,,,,,,,,,,,,,,,,,,,,,,,,,,,,,,,,,,,,,,,,,,,,,,,,,,,,,,,,,,,,,,,,,,,,,,,,,,,,,,,,,,,,,,,,,,,,,,,,,,,,,,,,,,,,,,,,,,,,,,,,,,,,,,,,,,,,,,,,,,,27111901,,,,,,,,,,,,,,,,,,Low Confidence,55%,No
,,,,,,,Power Tools,,,,577871,577871 Festool Dust Extractor - CT 26,,,,Festool USA (FESTO),Festool GmbH,Festool®,Festool®,577871,,Power Tools,"Festool GmbH, Festool, 577871, Festool Dust Extractor - CT 26, Yellow",577871 FESTOOL DUST EXTRACTOR - CT 26,FESTOOL 577871,FESTOOL,,"Discover the Festool® product, engineered for outstanding performance and lasting durability. With a focus on quality and efficiency, this product is the perfect addition to any modern home.",,,,,,,,,,,,,,,,,,,,,,,,,,,Color,Yellow,,,,,,,,,,,,,,,,,,,,,,,,,,,,,,,,,,,,,,,,,,,,,,,,,,,,,,,,,,,,,,,,,,,,,,,,,,,,,,,,,,,,,,,,,,,,,,,,,,,,,,,,,,,,,,,,,,,,,,,,,,,,,,,,,,,,,,,,,,,,,,,,,,,,,,,,27111901,,,,,,,,,,,,,,,,,,Low Confidence,55%,No
,,,,,,,Power Tools,,,,577874,577874 Festool Dust Extractor - CT 36,,,,Festool USA (FESTO),Festool GmbH,Festool®,Festool®,577874,,Power Tools,"Festool GmbH, Festool, 577874, Festool Dust Extractor - CT 36, Yellow",577874 FESTOOL DUST EXTRACTOR - CT 36,FESTOOL 577874,FESTOOL,,"Discover the Festool® product, engineered for outstanding performance and lasting durability. With a focus on quality and efficiency, this product is the perfect addition to any modern home.",,,,,,,,,,,,,,,,,,,,,,,,,,,Color,Yellow,,,,,,,,,,,,,,,,,,,,,,,,,,,,,,,,,,,,,,,,,,,,,,,,,,,,,,,,,,,,,,,,,,,,,,,,,,,,,,,,,,,,,,,,,,,,,,,,,,,,,,,,,,,,,,,,,,,,,,,,,,,,,,,,,,,,,,,,,,,,,,,,,,,,,,,,27111901,,,,,,,,,,,,,,,,,,Low Confidence,55%,No
,,,,,,,Power Tools,,,,577876,577876 Festool Dust Extractor - CT 48,,,,Festool USA (FESTO),Festool GmbH,Festool®,Festool®,577876,,Power Tools,"Festool GmbH, Festool, 577876, Festool Dust Extractor - CT 48, Yellow",577876 FESTOOL DUST EXTRACTOR - CT 48,FESTOOL 577876,FESTOOL,,"Discover the Festool® product, engineered for outstanding performance and lasting durability. With a focus on quality and efficiency, this product is the perfect addition to any modern home.",,,,,,,,,,,,,,,,,,,,,,,,,,,Color,Yellow,,,,,,,,,,,,,,,,,,,,,,,,,,,,,,,,,,,,,,,,,,,,,,,,,,,,,,,,,,,,,,,,,,,,,,,,,,,,,,,,,,,,,,,,,,,,,,,,,,,,,,,,,,,,,,,,,,,,,,,,,,,,,,,,,,,,,,,,,,,,,,,,,,,,,,,,27111901,,,,,,,,,,,,,,,,,,Low Confidence,55%,No
,,,,,,,Power Tools,,,,578441,578441 Festool Dust Extractor-CT 15 HEPA,,,,Festool USA (FESTO),Festool GmbH,Festool®,Festool®,578441,,Power Tools,"Festool GmbH, Festool, 578441, Festool Dust Extractor-CT 15 HEPA, Yellow",578441 FESTOOL DUST EXTRACTOR-CT 15 HEPA,FESTOOL 578441,FESTOOL,,"Discover the Festool® product, engineered for outstanding performance and lasting durability. With a focus on quality and efficiency, this product is the perfect addition to any modern home.",,,,,,,,,,,,,,,,,,,,,,,,,,,Color,Yellow,,,,,,,,,,,,,,,,,,,,,,,,,,,,,,,,,,,,,,,,,,,,,,,,,,,,,,,,,,,,,,,,,,,,,,,,,,,,,,,,,,,,,,,,,,,,,,,,,,,,,,,,,,,,,,,,,,,,,,,,,,,,,,,,,,,,,,,,,,,,,,,,,,,,,,,,27111901,,,,,,,,,,,,,,,,,,Low Confidence,55%,No
,,,,,,,Power Tools,Drills,,,DCK225D2,DCK225D2 Dewalt Impact/Drill - Kit,,,DEWALT,Black & Decker/dewlt (2585),Black & Decker/dewlt,DeWalt®,DeWalt®,DCK225D2,,Power Tools>Drills,"Black & Decker/dewlt, DeWalt, Drill, DCK225D2, Pack Type=Kit",DRILL 240V 30A 26IN 7.0 YELLOW,DEWALT DCK225D2 Drill,"DEWALT, Drill, 240 Voltage, 30 Amperage, 26 Width, 7.0 Capacity",Drill,"Discover the DeWalt® Drill, engineered for outstanding performance and lasting durability. With a focus on quality and efficiency, this Drill is the perfect addition to any modern home.",,,,,,,,,,,,,,,,,,,,,,,,Drill,,Drill,Pack Type,Kit,,Voltage Rating,240,,Amperage Rating,30,,Capacity,7.0,,Width,26,,Color,Yellow,,,,,,,,,,,,,,,,,,,,,,,,,,,,,,,,,,,,,,,,,,,,,,,,,,,,,,,,,,,,,,,,,,,,,,,,,,,,,,,,,,,,,,,,,,,,,,,,,,,,,,,,,,,,,,,,,,,,,,,,,,,,,,,,,,,,,,,,,27111901,,,,,,,,,26,,,,,,,,,,75%,No
,,,,,,,Building Materials & Hardscape,,,,DCK2101QQ2,Dewalt DCK2101QQ2 20V 2Pc Kit,,,,Black & Decker/dewlt (2585),DeWalt Industrial Tool,DeWalt®,DeWalt®,DCK2101QQ2,,Building Materials & Hardscape,"DeWalt Industrial Tool, DeWalt, DCK2101QQ2, Voltage=20, Quantity=2",PRODUCT,DEWALT DCK2101QQ2,"DEWALT, 20 Voltage",,"Discover the DeWalt® product, engineered for outstanding performance and lasting durability. With a focus on quality and efficiency, this product is the perfect addition to any modern home.",,,,,,,,,,,,,,,,,,,,,,,,,,,Voltage,20,V,Quantity,2,EA,Pack Type,Kit,,Voltage Rating,20,,Color,Yellow,,,,,,,,,,,,,,,,,,,,,,,,,,,,,,,,,,,,,,,,,,,,,,,,,,,,,,,,,,,,,,,,,,,,,,,,,,,,,,,,,,,,,,,,,,,,,,,,,,,,,,,,,,,,,,,,,,,,,,,,,,,,,,,,,,,,,,,,,,,,30000000,,,,,,,,,,,,,,,,,,,65%,No
,,,,,,,Power Tools,Rotary Tools,,,4000-2/32,4000-2/32 DREMEL ROTARY TOOL,,,Dremel,Robt Bosch Tool Corp (6564),Robt Bosch Tool Corp,Dremel®,Dremel®,4000-2/32,,Power Tools>Rotary Tools,"Robt Bosch Tool Corp, Dremel, Rotary Tool, 4000-2/32, DREMEL ROTARY TOOL, Yellow",ROTARY TOOL,DREMEL 4000-2/32 Rotary Tool,"DREMEL, Rotary Tool",Rotary Tool,"Discover the Dremel® Rotary Tool, engineered for outstanding performance and lasting durability. With a focus on quality and efficiency, this Rotary Tool is the perfect addition to any modern home.",,,,,,,,,,,,,,,,,,,,,,,,Rotary Tool,,Rotary Tool,Color,Yellow,,,,,,,,,,,,,,,,,,,,,,,,,,,,,,,,,,,,,,,,,,,,,,,,,,,,,,,,,,,,,,,,,,,,,,,,,,,,,,,,,,,,,,,,,,,,,,,,,,,,,,,,,,,,,,,,,,,,,,,,,,,,,,,,,,,,,,,,,,,,,,,,,,,,,,,,27112800,,,,,,,,,,,,,,,,,,Low Confidence,55%,No
,,,,,,,Power Tools,Rotary Tools,,,3100-1/15,3100-1/15 Dremel Rotary Tool - Kit 15pc,,,Dremel,Robt Bosch Tool Corp (6564),Robt Bosch Tool Corp,Dremel®,Dremel®,3100-1/15,,Power Tools>Rotary Tools,"Robt Bosch Tool Corp, Dremel, Rotary Tool, 3100-1/15, Quantity=15, Pack Type=Kit",ROTARY TOOL,DREMEL 3100-1/15 Rotary Tool,"DREMEL, Rotary Tool",Rotary Tool,"Discover the Dremel® Rotary Tool, engineered for outstanding performance and lasting durability. With a focus on quality and efficiency, this Rotary Tool is the perfect addition to any modern home.",,,,,,,,,,,,,,,,,,,,,,,,Rotary Tool,,Rotary Tool,Quantity,15,EA,Pack Type,Kit,,Color,Yellow,,,,,,,,,,,,,,,,,,,,,,,,,,,,,,,,,,,,,,,,,,,,,,,,,,,,,,,,,,,,,,,,,,,,,,,,,,,,,,,,,,,,,,,,,,,,,,,,,,,,,,,,,,,,,,,,,,,,,,,,,,,,,,,,,,,,,,,,,,,,,,,,,,27112800,,,,,,,,,,,,,,,,,,,60%,No
,,,,,,,Hand Tools,Storage,,,T-90043,T-90043 Deep Medium Organizer,,,,Makita Usa Inc (5142),Makita Usa Inc,Makita®,Makita®,T-90043,,Hand Tools>Storage,"Makita Usa Inc, Makita, Organizer, T-90043, Deep Medium Organizer, Yellow",ORGANIZER,MAKITA T-90043 Organizer,"MAKITA, Organizer",Organizer,"Discover the Makita® Organizer, engineered for outstanding performance and lasting durability. With a focus on quality and efficiency, this Organizer is the perfect addition to any modern home.",,,,,,,,,,,,,,,,,,,,,,,,Organizer,,Organizer,Color,Yellow,,,,,,,,,,,,,,,,,,,,,,,,,,,,,,,,,,,,,,,,,,,,,,,,,,,,,,,,,,,,,,,,,,,,,,,,,,,,,,,,,,,,,,,,,,,,,,,,,,,,,,,,,,,,,,,,,,,,,,,,,,,,,,,,,,,,,,,,,,,,,,,,,,,,,,,,27112900,,,,,,,,,,,,,,,,,,,65%,No
,,,,,,,Hand Tools,Storage,,,T-90059,T-90059 Low Profile Medium - Organizer,,,,Makita Usa Inc (5142),Makita Usa Inc,Makita®,Makita®,T-90059,,Hand Tools>Storage,"Makita Usa Inc, Makita, Organizer, T-90059, Low Profile Medium - Organizer",ORGANIZER,MAKITA T-90059 Organizer,"MAKITA, Organizer",Organizer,"Discover the Makita® Organizer, engineered for outstanding performance and lasting durability. With a focus on quality and efficiency, this Organizer is the perfect addition to any modern home.",,,,,,,,,,,,,,,,,,,,,,,,Organizer,,Organizer,Color,Yellow,,,,,,,,,,,,,,,,,,,,,,,,,,,,,,,,,,,,,,,,,,,,,,,,,,,,,,,,,,,,,,,,,,,,,,,,,,,,,,,,,,,,,,,,,,,,,,,,,,,,,,,,,,,,,,,,,,,,,,,,,,,,,,,,,,,,,,,,,,,,,,,,,,,,,,,,27112900,,,,,,,,,,,,,,,,,,,65%,No
,,,,,,,Hand Tools,Storage,,,T-90065,T-90065 Deep Compact Organizer,,,,Makita Usa Inc (5142),Makita Usa Inc,Makita®,Makita®,T-90065,,Hand Tools>Storage,"Makita Usa Inc, Makita, Organizer, T-90065, Deep Compact Organizer, Yellow",ORGANIZER,MAKITA T-90065 Organizer,"MAKITA, Organizer",Organizer,"Discover the Makita® Organizer, engineered for outstanding performance and lasting durability. With a focus on quality and efficiency, this Organizer is the perfect addition to any modern home.",,,,,,,,,,,,,,,,,,,,,,,,Organizer,,Organizer,Color,Yellow,,,,,,,,,,,,,,,,,,,,,,,,,,,,,,,,,,,,,,,,,,,,,,,,,,,,,,,,,,,,,,,,,,,,,,,,,,,,,,,,,,,,,,,,,,,,,,,,,,,,,,,,,,,,,,,,,,,,,,,,,,,,,,,,,,,,,,,,,,,,,,,,,,,,,,,,27112900,,,,,,,,,,,,,,,,,,,65%,No
,,,,,,,Lighting,Bulbs,,,10047VS,10047VS Oliver 3HP 230V 1PH Shaper 1-1/4 Spindle,,,,Oliver Machinery Company (OLIMA),Oliver Machinery Company,Oliver®,Oliver®,10047VS,,Lighting>Bulbs,"Oliver®, Yellow, 3HP 230V 1PH Shaper 1-1/4 Spindle, 10047VS",PRODUCT,OLIVER 10047VS,"OLIVER, 230 Voltage",,"Discover the Oliver® product, engineered for outstanding performance and lasting durability. With a focus on quality and efficiency, this product is the perfect addition to any modern home.",,,,,,,,,,,,,,,,,,,,,,,,,,,Voltage,230,V,Voltage Rating,230,,Color,Yellow,,,,,,,,,,,,,,,,,,,,,,,,,,,,,,,,,,,,,,,,,,,,,,,,,,,,,,,,,,,,,,,,,,,,,,,,,,,,,,,,,,,,,,,,,,,,,,,,,,,,,,,,,,,,,,,,,,,,,,,,,,,,,,,,,,,,,,,,,,,,,,,,,,39112101,,,,,,,,,,,,,,,,,,Low Confidence,53%,No
,,,,,,,Power Tools,,,,MAG:2044-230-1,2044-230-1 Stock Feeder 4-Roll - Steff,,,,J&G Machinery (JGMAC),J&G Machinery,J&G®,J&G®,MAG:2044-230-1,,Power Tools,"J&G Machinery, J&G, MAG:2044-230-1, 2044-230-1 Stock Feeder 4-Roll - Steff",2044-230-1 STOCK FEEDER 4-ROLL - STEFF,J&G MAG:2044-230-1,J&G,,"Discover the J&G® product, engineered for outstanding performance and lasting durability. With a focus on quality and efficiency, this product is the perfect addition to any modern home.",,,,,,,,,,,,,,,,,,,,,,,,,,,Color,Yellow,,,,,,,,,,,,,,,,,,,,,,,,,,,,,,,,,,,,,,,,,,,,,,,,,,,,,,,,,,,,,,,,,,,,,,,,,,,,,,,,,,,,,,,,,,,,,,,,,,,,,,,,,,,,,,,,,,,,,,,,,,,,,,,,,,,,,,,,,,,,,,,,,,,,,,,,27111901,,,,,,,,,,,,,,,,,,Low Confidence,45%,Yes
,,,,,,,Building Materials & Hardscape,Fencing,Fencing,,XTP242,"42"" XTP XTENDER PRO Fence - XTP242",,,,Bow Products (BOWPR),Makita USA,Makita®,Makita®,XTP242,,Building Materials & Hardscape>Fencing>Fencing,"Makita USA, Makita, XTP242, 42"" XTP XTENDER PRO Fence - XTP242, Yellow",42  XTP XTENDER PRO FENCE - XTP242,MAKITA XTP242,MAKITA,,"Discover the Makita® product, engineered for outstanding performance and lasting durability. With a focus on quality and efficiency, this product is the perfect addition to any modern home.",,,,,,,,,,,,,,,,,,,,,,,,,,,Color,Yellow,,,,,,,,,,,,,,,,,,,,,,,,,,,,,,,,,,,,,,,,,,,,,,,,,,,,,,,,,,,,,,,,,,,,,,,,,,,,,,,,,,,,,,,,,,,,,,,,,,,,,,,,,,,,,,,,,,,,,,,,,,,,,,,,,,,,,,,,,,,,,,,,,,,,,,,,30162100,,,,,,,,,,,,,,,,,,,75%,No
,,,,,,,Power Tools,Saws,,,AAS-P,AAS-P Align-A-Saw Plate Only,,,,Woodpeckers Inc (WOODP),Woodpeckers Inc,Woodpeckers®,Woodpeckers®,AAS-P,,Power Tools>Saws,"Woodpeckers Inc, Woodpeckers, AAS-P, Align-A-Saw Plate Only, Yellow",AAS-P ALIGN-A-SAW PLATE ONLY YELLOW,WOODPECKERS AAS-P,WOODPECKERS,,"Discover the Woodpeckers® product, engineered for outstanding performance and lasting durability. With a focus on quality and efficiency, this product is the perfect addition to any modern home.",,,,,,,,,,,,,,,,,,,,,,,,,,,Color,Yellow,,,,,,,,,,,,,,,,,,,,,,,,,,,,,,,,,,,,,,,,,,,,,,,,,,,,,,,,,,,,,,,,,,,,,,,,,,,,,,,,,,,,,,,,,,,,,,,,,,,,,,,,,,,,,,,,,,,,,,,,,,,,,,,,,,,,,,,,,,,,,,,,,,,,,,,,27111500,,,,,,,,,,,,,,,,,,Low Confidence,55%,No
,,,,,,,Power Tools,Miter Saws,,,SSCMS,SSCMS Stealthstop Miter Sled,,,,Woodpeckers Inc (WOODP),Woodpeckers Inc,Hubbell®,Hubbell®,SSCMS,,Power Tools>Miter Saws,"Woodpeckers Inc, Hubbell, SSCMS, Color=teal, Stealthstop Miter Sled",SSCMS STEALTHSTOP MITER SLED,HUBBELL SSCMS With LED,"HUBBELL, With LED",LED,"Upgrade your home with the Hubbell® product, designed to deliver exceptional performance and reliability. Featuring LED, this product combines innovative technology with sleek design to meet your everyday needs.",LED,,,,,,,,,,,,,,,,,,,,With LED,,,,,,Color,teal,,Feature,LED,,,,,,,,,,,,,,,,,,,,,,,,,,,,,,,,,,,,,,,,,,,,,,,,,,,,,,,,,,,,,,,,,,,,,,,,,,,,,,,,,,,,,,,,,,,,,,,,,,,,,,,,,,,,,,,,,,,,,,,,,,,,,,,,,,,,,,,,,,,,,,,,,,,,,27111502,,,,,,,,,,,,,,,,,,Low Confidence,55%,No
,,,,,,,Power Tools,,,,4225.201,"4225.201 Oliver 6"" HH Jointer Paralleogram",,,,Oliver Machinery Company (OLIMA),Oliver Machinery Company,Oliver®,Oliver®,4225.201,,Power Tools,"Oliver Machinery Company, Oliver, 4225.201, Oliver 6"" HH Jointer Paralleogram",4225.201 OLIVER 6  HH JOINTER PARALLEOGR,OLIVER 4225.201,OLIVER,,"Discover the Oliver® product, engineered for outstanding performance and lasting durability. With a focus on quality and efficiency, this product is the perfect addition to any modern home.",,,,,,,,,,,,,,,,,,,,,,,,,,,Color,Yellow,,,,,,,,,,,,,,,,,,,,,,,,,,,,,,,,,,,,,,,,,,,,,,,,,,,,,,,,,,,,,,,,,,,,,,,,,,,,,,,,,,,,,,,,,,,,,,,,,,,,,,,,,,,,,,,,,,,,,,,,,,,,,,,,,,,,,,,,,,,,,,,,,,,,,,,,27111901,,,,,,,,,,,,,,,,,,Low Confidence,45%,Yes
,,,,,,,Power Tools,Planers,,,KC-426C,"KC-426C 12"" Portable Planer",,,,King Canada Inc (KINCA),King Canada Inc,Metabo HPT,Metabo HPT,KC-426C,,Power Tools>Planers,"King Canada Inc, Metabo HPT, Planer, KC-426C, 12"" Portable Planer, Yellow",PLANER YELLOW,METABO HPT KC-426C Planer,"METABO HPT, Planer",Planer,"Discover the Metabo HPT Planer, engineered for outstanding performance and lasting durability. With a focus on quality and efficiency, this Planer is the perfect addition to any modern home.",,,,,,,,,,,,,,,,,,,,,,,,Planer,,Planer,Color,Yellow,,,,,,,,,,,,,,,,,,,,,,,,,,,,,,,,,,,,,,,,,,,,,,,,,,,,,,,,,,,,,,,,,,,,,,,,,,,,,,,,,,,,,,,,,,,,,,,,,,,,,,,,,,,,,,,,,,,,,,,,,,,,,,,,,,,,,,,,,,,,,,,,,,,,,,,,27112400,,,,,,,,,,,,,,,,,,Low Confidence,55%,No
,,,,,,,Power Tools,Planers,,,10045.201,"10045.201 Oliver 13"" Benchtop Planer 2HP,115V 1Ph",,,,Oliver Machinery Company (OLIMA),Oliver Machinery Company,Oliver®,Oliver®,10045.201,,Power Tools>Planers,"Oliver Machinery Company, Oliver, Planer, 10045.201, Voltage=115",PLANER 115V,OLIVER 10045.201 Planer,"OLIVER, Planer, 115 Voltage",Planer,"Discover the Oliver® Planer, engineered for outstanding performance and lasting durability. With a focus on quality and efficiency, this Planer is the perfect addition to any modern home.",,,,,,,,,,,,,,,,,,,,,,,,Planer,,Planer,Voltage,115,V,Voltage Rating,115,,Color,Yellow,,,,,,,,,,,,,,,,,,,,,,,,,,,,,,,,,,,,,,,,,,,,,,,,,,,,,,,,,,,,,,,,,,,,,,,,,,,,,,,,,,,,,,,,,,,,,,,,,,,,,,,,,,,,,,,,,,,,,,,,,,,,,,,,,,,,,,,,,,,,,,,,,,27112400,,,,,,,,,,,,,,,,,,,60%,No
,,,,,,,Power Tools,Planers,,,10014.201,"10014.201 Oliver 15"" Planer 3HP 1Ph 220V",,,,Oliver Machinery Company (OLIMA),Oliver Machinery Company,Oliver®,Oliver®,10014.201,,Power Tools>Planers,"Oliver Machinery Company, Oliver, Planer, 10014.201, Voltage=220, Cordless=20V",PLANER 220V,OLIVER 10014.201 Planer,"OLIVER, Planer, 220 Voltage",Planer,"Discover the Oliver® Planer, engineered for outstanding performance and lasting durability. With a focus on quality and efficiency, this Planer is the perfect addition to any modern home.",,,,,,,,,,,,,,,,,,,,,,,,Planer,,Planer,Voltage,220,V,Cordless,20V,,Voltage Rating,220,,Color,Yellow,,,,,,,,,,,,,,,,,,,,,,,,,,,,,,,,,,,,,,,,,,,,,,,,,,,,,,,,,,,,,,,,,,,,,,,,,,,,,,,,,,,,,,,,,,,,,,,,,,,,,,,,,,,,,,,,,,,,,,,,,,,,,,,,,,,,,,,,,,,,,,,27112400,,,,,,,,,,,,,,,,,,,60%,No
,,,,,,,Power Tools,Planers,,,4430.201,"4430.201 Oliver 20"" Planer 5HP 1Ph 230V",,,,Oliver Machinery Company (OLIMA),Oliver Machinery Company,Oliver®,Oliver®,4430.201,,Power Tools>Planers,"Oliver Machinery Company, Oliver, Planer, 4430.201, Voltage=230",PLANER 230V,OLIVER 4430.201 Planer,"OLIVER, Planer, 230 Voltage",Planer,"Discover the Oliver® Planer, engineered for outstanding performance and lasting durability. With a focus on quality and efficiency, this Planer is the perfect addition to any modern home.",,,,,,,,,,,,,,,,,,,,,,,,Planer,,Planer,Voltage,230,V,Voltage Rating,230,,Color,Yellow,,,,,,,,,,,,,,,,,,,,,,,,,,,,,,,,,,,,,,,,,,,,,,,,,,,,,,,,,,,,,,,,,,,,,,,,,,,,,,,,,,,,,,,,,,,,,,,,,,,,,,,,,,,,,,,,,,,,,,,,,,,,,,,,,,,,,,,,,,,,,,,,,,27112400,,,,,,,,,,,,,,,,,,,60%,No
,,,,,,,Power Tools,Planers,,,10055.201,"10055.201 Oliver 15"" Benchtop Planer 2.5HP 1Ph 230V",,,,Oliver Machinery Company (OLIMA),Oliver Machinery Company,Oliver®,Oliver®,10055.201,,Power Tools>Planers,"Oliver Machinery Company, Oliver, Planer, 10055.201, Voltage=230",PLANER 230V,OLIVER 10055.201 Planer,"OLIVER, Planer, 230 Voltage",Planer,"Discover the Oliver® Planer, engineered for outstanding performance and lasting durability. With a focus on quality and efficiency, this Planer is the perfect addition to any modern home.",,,,,,,,,,,,,,,,,,,,,,,,Planer,,Planer,Voltage,230,V,Voltage Rating,230,,Color,Yellow,,,,,,,,,,,,,,,,,,,,,,,,,,,,,,,,,,,,,,,,,,,,,,,,,,,,,,,,,,,,,,,,,,,,,,,,,,,,,,,,,,,,,,,,,,,,,,,,,,,,,,,,,,,,,,,,,,,,,,,,,,,,,,,,,,,,,,,,,,,,,,,,,,27112400,,,,,,,,,,,,,,,,,,,60%,No
,,,,,,,Power Tools,Sanders,,,T27417,T27417 Grizzly OscillatingEdge - Belt and Spindle Sander,,,,Woodstock Intl (3658),GE Appliances,GE®,GE®,T27417,,Power Tools>Sanders,"GE Appliances, GE, Sander, T27417, Grizzly OscillatingEdge - Belt and Spind",SANDER YELLOW,GE T27417 Sander,"GE, Sander",Sander,"Discover the GE® Sander, engineered for outstanding performance and lasting durability. With a focus on quality and efficiency, this Sander is the perfect addition to any modern home.",,,,,,,,,,,,,,,,,,,,,,,,Sander,,Sander,Color,Yellow,,,,,,,,,,,,,,,,,,,,,,,,,,,,,,,,,,,,,,,,,,,,,,,,,,,,,,,,,,,,,,,,,,,,,,,,,,,,,,,,,,,,,,,,,,,,,,,,,,,,,,,,,,,,,,,,,,,,,,,,,,,,,,,,,,,,,,,,,,,,,,,,,,,,,,,,27111700,,,,,,,,,,,,,,,,,,,65%,No
